
// File generated by darts version V-2024.06#8be6237c82#250729, Wed Jul  8 07:00:26 2026
// Copyright 2014-2024 Synopsys, Inc. All rights reserved.
// darts -I/home/bcloud/torch2aie/toolchain/aietools/data/aie2p/lib -d -h -I/home/bcloud/torch2aie/toolchain/aietools/include -I/home/bcloud/torch2aie/toolchain/aietools/include -I/home/bcloud/torch2aie/toolchain/mlir_aie/include -I/home/bcloud/torch2aie/toolchain/mlir_aie/include/aie_kernels -I/home/bcloud/torch2aie/toolchain/mlir_aie/include/aie_kernels/aie2p -I/home/bcloud/torch2aie/toolchain/aietools/data/aie2p/lib/runtime_cxx/libcxx-lite/include -I/home/bcloud/torch2aie/toolchain/aietools/data/aie2p/lib/runtime_cxx/libs/libcxx-16/include -I/home/bcloud/torch2aie/toolchain/aietools/data/aie2p/lib/runtime_cxx/libs/libcxxabi-16/include -I/home/bcloud/torch2aie/toolchain/aietools/data/aie2p/lib/runtime/include -D__AIENGINE__ -D__AIE_ARCH__=21 -D__AIEARCH__=21 -DDIM_M=32 -DDIM_K_PACKED=64 -DDIM_N=128 -D__tct_tgt__=250729 -L +Ihex +nanno /home/bcloud/1bit-systems/engine/npu/build/build/ternary_pyapi/mm_ternary_32x64x128.o me

// Release: ipp V-2024.06-TGT-250729
.undef global data _ZN12me_primitive11control_satE

.undef global data _ZN12me_primitive11control_rndE

.text_segment_name
.text global 16 mm_ternary_32x64x128
.function_start
	     0    0x18 0x97 0xa0 0xf8                                                                                                                                                                                      MOV r2, r15
	     4    0x00 0x08 0x00 0x00 0x01 0xc4                                                                                                                                              PADDXM [sp], #64
	    10    0xfc 0x2a 0xb0 0x01 0x37 0x60 0x70 0x02                                                                                                      ST r10, [sp, #-32];                                         MOV p2, p7
	    18    0xfd 0x2e 0xb0 0x00 0x00 0x09 0xe8 0x10 0x79 0x3a                                                                                            ST r11, [sp, #-24];           MOVX r0, #0;                  MOV r15, r0
	    28    0xfd 0xb2 0xb0 0x01 0x00 0xcf 0xb0 0x60 0x79 0x3a                                                                                            ST r12, [sp, #-20];           GE r16, r0, r1;               MOV p7, p0
	    38    0xfe 0xb6 0xb0 0x20 0x00 0x0e 0x10 0x00 0x61 0x3a                                                                                            ST r13, [sp, #-12];           JNZ r16, #TGT_Fmm_ternary_32x64x128_112
.delay_slot
	    48    0xff 0xba 0xb0 0x00 0x00 0x00 0x04 0x20 0x11 0x3a                                                                                            ST r14, [sp, #-4];            MOVXM m0, #2112
.delay_slot
	    58    0xff 0x0a 0xb0 0x01 0x69 0x60 0x70 0x02                                                                                                      ST r2, [sp, #-8];                                           MOV r11, p1
.delay_slot
	    66    0xfe 0x26 0xb0 0x01 0xa8 0xf0 0x70 0x02                                                                                                      ST r9, [sp, #-16];                                          MOV r13, lr
.delay_slot
	    74    0xfb 0xa3 0xb0 0x0b 0x90 0x01 0xc8 0x50 0x76 0xba                                                              PADDB [p0], m0;               ST p2, [sp, #-36];                                          MOV r14, r1
.delay_slot
	    84    0xfc 0xa2 0xb0 0x00 0xa0 0x29 0x88 0x60 0x79 0x3a                                                                                            ST r8, [sp, #-28];            MOVX r10, #1;                 MOV r12, p0
.no_stack_arguments
	    94    0x00 0x00 0x00 0x00 0x01 0x04                                                                                                                                              JL #memset
.delay_slot
	   100    0x13 0x82 0xad 0x98                                                                                                                                                        LSHL r1, r14, r10
.delay_slot
.swstall delay_slot
	   104    0x00 0x00                                                                        NOPX
.delay_slot
.swstall delay_slot
	   106    0x00 0x00                                                                        NOPX
.delay_slot
.swstall delay_slot
	   108    0x00 0x00                                                                        NOPX
.delay_slot
.swstall delay_slot
	   110    0x00 0x00                                                                        NOPX
.label TGT_Fmm_ternary_32x64x128_112
.return_address
	   112    0x03 0xf3 0x00 0x1f 0x07 0x06 0x2f 0x60 0x78 0xba                                MOVA r19, #31;                                                                            ADD r16, r15, r14;            MOV r17, p7
	   122    0x14 0xe6 0xfa 0x98                                                                                                                                                        LT r19, r19, r15
	   126    0x98 0x05 0xb8 0x40 0x01 0x84                                                                                                                                              JNZ r19, #TGT_Fmm_ternary_32x64x128_2928
.delay_slot
	   132    0x10 0x24 0x81 0x18                                                                                                                                                        MOVX r18, #32
.delay_slot
	   136    0x14 0x37 0x2a 0x98                                                                                                                                                        LT r27, r16, r18
.delay_slot
	   140    0x14 0xa1 0x02 0x18                                                                                                                                                        SEL.EQZ r16, r18, r16, r27
.delay_slot
.swstall delay_slot
	   144    0x00 0x00                                                                        NOPX
.delay_slot
.swstall delay_slot
	   146    0x00 0x00                                                                        NOPX
	   148    0x13 0xe5 0x09 0x98                                                                                                                                                        GE r18, r15, r16
	   152    0x90 0x05 0xa8 0x40 0x01 0x84                                                                                                                                              JNZ r18, #TGT_Fmm_ternary_32x64x128_2896
.delay_slot
.swstall delay_slot
	   158    0x00 0x00                                                                        NOPX
.delay_slot
.swstall delay_slot
	   160    0x00 0x00                                                                        NOPX
.delay_slot
.swstall delay_slot
	   162    0x00 0x00                                                                        NOPX
.delay_slot
.swstall delay_slot
	   164    0x00 0x00                                                                        NOPX
.delay_slot
.swstall delay_slot
	   166    0x00 0x00                                                                        NOPX
	   168    0x00 0xd2 0x00 0x00 0x20 0x8b 0x0b 0x1f 0x45 0x6e 0x6f 0xff 0x58 0x07 0x00 0xe9  MOVA r18, #6;                 NOPB;                         MOVS p0, r11;                 LSHL r20, r15, r10;           MOV r19, #-1;                           VCLR dm0
	   184    0x02 0x18 0x01 0x8c 0x0b 0x1f 0x59 0xb4 0x05 0x10 0x78 0x76                      MOVA r24, #16;                                              MOVS p1, r12;                 XOR r21, r15, r19;            MOV m0, r20
	   196    0x00 0x48 0x00 0x1f 0x59 0x6e 0x0d 0x60 0xa8 0xba                                MOVA r8, #2;                                                                              LSHL r21, r15, r18;           ADD.NC r16, r21, r16
	   206    0x00 0x7e 0x00 0x00 0x00 0x01 0x30 0x00 0x10 0xba                                MOVA r30, #3;                                                                             MOVXM p2, #_ZN12me_primitive11control_rndE
	   216    0x40 0xc8 0x50 0x00 0x00 0x00 0x78 0xa8 0x10 0xba                                LDA.s8 r18, [p2];                                                                         MOVXM ls, #(ZLS_Fmm_ternary_32x64x128_336 + 0)
	   226    0xff 0xdc 0x00 0x00 0x00 0x01 0xbd 0x18 0x10 0xba                                MOVA r28, #-2;                                                                            MOVXM le, #(ZLE_Fmm_ternary_32x64x128_2608 + 0)
	   236    0xff 0x9a 0x00 0x00 0x00 0x00 0x84 0x00 0x10 0xba                                MOVA r26, #-4;                                                                            MOVXM m1, #2048
	   246    0xff 0x59 0x0e 0x57 0x20 0x02 0xd2 0x02 0xed 0x62 0xa8 0xb6                      MOVA r25, #-6;                PADDB [p7], m1;                                             MOVX vaddSign0, #1;           ADD.NC r23, r21, r17
	   258    0x01 0x36 0x0e 0x17 0x20 0x01 0xd0 0x2b 0xbb 0x50 0x78 0xb6                      MOVA r22, #9;                 PADDB [p7], m0;                                             MOVX r29, #1;                 MOV lr, r13
	   270    0x00 0xa1 0x00 0x00 0x00 0x0d 0x2f 0xc0 0x10 0xba                                MOVA r1, #5;                                                                              MOVXM r9, #16256
	   280    0x03 0xc3 0xa1 0xc0 0x15 0x64                                                                                                                                              MOVX r15, #7;                 MOV s0, #5
	   286    0x02 0xf5 0x07 0xda 0x55 0x81 0x17 0x89 0x70 0x18 0x58 0x76                      MOVA r21, #23;                                              ST r18, [sp, #-40];           MOVX r17, #60;                MOV s1, #24
	   298    0x67 0x92 0x00 0x00 0x00 0x2c 0x0f 0xc0 0x10 0xba                                MOVA r18, #828;                                                                           MOVXM r0, #49024
	   308    0x00 0x2c 0xf0 0x00 0x20 0x00 0x00 0x01 0x30 0xa0 0x10 0xb6                      NOPA;                         NOPB;                                                       MOVXM p2, #(TGT_Fmm_ternary_32x64x128_320 + 0)
.label TGT_Fmm_ternary_32x64x128_320
.loop_nesting 1
	   320    0xe3 0x8a 0x53 0x97 0x0b 0x00 0x09 0x08 0x6d 0xd0 0x78 0x76                      LDA.s16 r2, [p7], #2;                                       MOVS p3, r23;                 MOVX lc, #8;                  MOV r3, r23
	   332    0x19 0x00 0x8a 0xf8                                                                                                                                                                                      VMOV cml1, cml0
.label ZLS_Fmm_ternary_32x64x128_336
.loop_nesting 2
.begin_of_loop
	   336    0x03 0x1c 0x8a 0x98                                                              LDA.u8 r4, [p3], #1
	   340    0x00 0x00                                                                        NOPX
	   342    0x00 0x00                                                                        NOPX
	   344    0x00 0x00                                                                        NOPX
	   346    0x00 0x00                                                                        NOPX
	   348    0x00 0x00                                                                        NOPX
	   350    0x00 0x00                                                                        NOPX
	   352    0x17 0x8a 0x44 0x98                                                                                                                                                        AND r5, r30, r4
	   356    0x11 0x4e 0x87 0x98                                                                                                                                                        EQ r7, r5, r8
	   360    0x38 0x00 0xd0 0x40 0x01 0x84                                                                                                                                              JNZ r7, #TGT_Fmm_ternary_32x64x128_416
.delay_slot
	   366    0x19 0x94 0xa0 0xf8                                                                                                                                                                                      MOV r6, r9
.delay_slot
.swstall delay_slot
	   370    0x00 0x00                                                                        NOPX
.delay_slot
.swstall delay_slot
	   372    0x00 0x00                                                                        NOPX
.delay_slot
.swstall delay_slot
	   374    0x00 0x00                                                                        NOPX
.delay_slot
.swstall delay_slot
	   376    0x00 0x00                                                                        NOPX
	   378    0x11 0x4a 0xa8 0x98                                                                                                                                                        NE r5, r5, r10
	   382    0x28 0x00 0xd0 0x40 0x01 0x84                                                                                                                                              JNZ r5, #TGT_Fmm_ternary_32x64x128_416
.delay_slot
	   388    0x19 0x90 0x20 0xf8                                                                                                                                                                                      MOV r6, r0
.delay_slot
.swstall delay_slot
	   392    0x00 0x00                                                                        NOPX
.delay_slot
.swstall delay_slot
	   394    0x00 0x00                                                                        NOPX
.delay_slot
.swstall delay_slot
	   396    0x00 0x00                                                                        NOPX
.delay_slot
.swstall delay_slot
	   398    0x00 0x00                                                                        NOPX
	   400    0x00 0x2c 0xf0 0x00 0x20 0x01 0x5b 0x00 0x60 0x08 0x01 0xa5 0x78 0x00 0x00 0xe1  NOPA;                         NOPB;                         NOPS;                         MOVX r6, #0;                  NOPM;                                   NOPV
.label TGT_Fmm_ternary_32x64x128_416
	   416    0x11 0x0b 0xcd 0x98                                                                                                                                                        LSHL r5, r4, r28
	   420    0x11 0x4b 0xe4 0x98                                                                                                                                                        AND r5, r5, r30
	   424    0x11 0x4e 0x87 0x98                                                                                                                                                        EQ r7, r5, r8
	   428    0x38 0x00 0xf0 0x40 0x01 0x84                                                                                                                                              JNZ r7, #TGT_Fmm_ternary_32x64x128_480
.delay_slot
	   434    0x18 0x00 0xc9 0x78                                                                                                                                                                                      VINSERT.16 x0, x0, #0, r6
.delay_slot
.swstall delay_slot
	   438    0x00 0x00                                                                        NOPX
.delay_slot
.swstall delay_slot
	   440    0x00 0x00                                                                        NOPX
.delay_slot
.swstall delay_slot
	   442    0x00 0x00                                                                        NOPX
.delay_slot
	   444    0x19 0x94 0xa0 0xf8                                                                                                                                                                                      MOV r6, r9
	   448    0x11 0x4a 0xa8 0x98                                                                                                                                                        NE r5, r5, r10
	   452    0x28 0x00 0xf0 0x40 0x01 0x84                                                                                                                                              JNZ r5, #TGT_Fmm_ternary_32x64x128_480
.delay_slot
	   458    0x19 0x90 0x20 0xf8                                                                                                                                                                                      MOV r6, r0
.delay_slot
.swstall delay_slot
	   462    0x00 0x00                                                                        NOPX
.delay_slot
.swstall delay_slot
	   464    0x00 0x00                                                                        NOPX
.delay_slot
.swstall delay_slot
	   466    0x00 0x00                                                                        NOPX
.delay_slot
.swstall delay_slot
	   468    0x00 0x00                                                                        NOPX
	   470    0x00 0x2c 0xf0 0x01 0x5b 0x00 0x00 0x0c 0x01 0x7a                                NOPA;                                                       NOPS;                         MOVX r6, #0
.label TGT_Fmm_ternary_32x64x128_480
	   480    0x11 0x0b 0xad 0x98                                                                                                                                                        LSHL r5, r4, r26
	   484    0x11 0x4b 0xe4 0x98                                                                                                                                                        AND r5, r5, r30
	   488    0x11 0x4e 0x87 0x98                                                                                                                                                        EQ r7, r5, r8
	   492    0x38 0x01 0x10 0x40 0x01 0x84                                                                                                                                              JNZ r7, #TGT_Fmm_ternary_32x64x128_544
.delay_slot
	   498    0x18 0x04 0xc9 0x78                                                                                                                                                                                      VINSERT.16 x0, x0, r29, r6
.delay_slot
.swstall delay_slot
	   502    0x00 0x00                                                                        NOPX
.delay_slot
.swstall delay_slot
	   504    0x00 0x00                                                                        NOPX
.delay_slot
.swstall delay_slot
	   506    0x00 0x00                                                                        NOPX
.delay_slot
	   508    0x07 0x41 0x23 0x29 0x41 0xe4                                                                                                                                              MOVX r29, #2;                 MOV r6, r9
	   514    0x11 0x4a 0xa8 0x98                                                                                                                                                        NE r5, r5, r10
	   518    0x28 0x01 0x10 0x40 0x01 0x84                                                                                                                                              JNZ r5, #TGT_Fmm_ternary_32x64x128_544
.delay_slot
	   524    0x19 0x90 0x20 0xf8                                                                                                                                                                                      MOV r6, r0
.delay_slot
.swstall delay_slot
	   528    0x00 0x00                                                                        NOPX
.delay_slot
.swstall delay_slot
	   530    0x00 0x00                                                                        NOPX
.delay_slot
.swstall delay_slot
	   532    0x00 0x00                                                                        NOPX
.delay_slot
.swstall delay_slot
	   534    0x00 0x00                                                                        NOPX
	   536    0x00 0x00 0x60 0x09 0x00 0x00 0x1c 0x22                                                                                                                                    MOVX r6, #0;                                                          NOPV
.label TGT_Fmm_ternary_32x64x128_544
	   544    0x21 0x33 0xb0 0x09 0x92 0xe4                                                                                                                                              LSHL r4, r4, r25;             VINSERT.16 x0, x0, r29, r6
	   550    0x11 0x0c 0x87 0x98                                                                                                                                                        EQ r6, r4, r8
	   554    0x30 0x01 0x30 0x40 0x01 0x84                                                                                                                                              JNZ r6, #TGT_Fmm_ternary_32x64x128_608
.delay_slot
	   560    0x19 0x54 0xa0 0xf8                                                                                                                                                                                      MOV r5, r9
.delay_slot
.swstall delay_slot
	   564    0x00 0x00                                                                        NOPX
.delay_slot
.swstall delay_slot
	   566    0x00 0x00                                                                        NOPX
.delay_slot
.swstall delay_slot
	   568    0x00 0x00                                                                        NOPX
.delay_slot
.swstall delay_slot
	   570    0x00 0x00                                                                        NOPX
	   572    0x12 0x88 0x48 0x98                                                                                                                                                        NE r4, r10, r4
	   576    0x20 0x01 0x30 0x40 0x01 0x84                                                                                                                                              JNZ r4, #TGT_Fmm_ternary_32x64x128_608
.delay_slot
	   582    0x19 0x50 0x20 0xf8                                                                                                                                                                                      MOV r5, r0
.delay_slot
.swstall delay_slot
	   586    0x00 0x00                                                                        NOPX
.delay_slot
.swstall delay_slot
	   588    0x00 0x00                                                                        NOPX
.delay_slot
.swstall delay_slot
	   590    0x00 0x00                                                                        NOPX
.delay_slot
.swstall delay_slot
	   592    0x00 0x00                                                                        NOPX
	   594    0x00 0x2c 0xf0 0x00 0x20 0x0a 0x01 0x00 0x34 0xaf 0x00 0x2b 0x60 0x7e            NOPA;                         NOPB;                         NOPS;                         MOVX r5, #0;                  NOPM
.label TGT_Fmm_ternary_32x64x128_608
	   608    0x03 0x1c 0x8a 0x98                                                              LDA.u8 r4, [p3], #1
	   612    0x00 0x00                                                                        NOPX
	   614    0x00 0x00                                                                        NOPX
	   616    0x00 0x00                                                                        NOPX
	   618    0x00 0x00                                                                        NOPX
	   620    0x00 0x00                                                                        NOPX
	   622    0x00 0x00                                                                        NOPX
	   624    0x17 0x8c 0x44 0x98                                                                                                                                                        AND r6, r30, r4
	   628    0x11 0x8e 0x87 0x98                                                                                                                                                        EQ r7, r6, r8
	   632    0x38 0x01 0x58 0x40 0x01 0x84                                                                                                                                              JNZ r7, #TGT_Fmm_ternary_32x64x128_688
.delay_slot
	   638    0x10 0x3a 0x0d 0x18                                                                                                                                                        MOVX r29, #3
.delay_slot
	   642    0x18 0x04 0xa9 0x78                                                                                                                                                                                      VINSERT.16 x0, x0, r29, r5
.delay_slot
.swstall delay_slot
	   646    0x00 0x00                                                                        NOPX
.delay_slot
.swstall delay_slot
	   648    0x00 0x00                                                                        NOPX
.delay_slot
	   650    0x19 0x54 0xa0 0xf8                                                                                                                                                                                      MOV r5, r9
	   654    0x11 0x8c 0xa8 0x98                                                                                                                                                        NE r6, r6, r10
	   658    0x30 0x01 0x58 0x40 0x01 0x84                                                                                                                                              JNZ r6, #TGT_Fmm_ternary_32x64x128_688
.delay_slot
	   664    0x19 0x50 0x20 0xf8                                                                                                                                                                                      MOV r5, r0
.delay_slot
.swstall delay_slot
	   668    0x00 0x00                                                                        NOPX
.delay_slot
.swstall delay_slot
	   670    0x00 0x00                                                                        NOPX
.delay_slot
.swstall delay_slot
	   672    0x00 0x00                                                                        NOPX
.delay_slot
.swstall delay_slot
	   674    0x00 0x00                                                                        NOPX
	   676    0x00 0x2c 0xf0 0x00 0x20 0x00 0x50 0x08 0x00 0xad 0x81 0x36                      NOPA;                         NOPB;                         NOPS;                         MOVX r5, #0
.label TGT_Fmm_ternary_32x64x128_688
	   688    0x11 0x0d 0xcd 0x98                                                                                                                                                        LSHL r6, r4, r28
	   692    0x17 0x8c 0x64 0x98                                                                                                                                                        AND r6, r30, r6
	   696    0x11 0x8e 0x87 0x98                                                                                                                                                        EQ r7, r6, r8
	   700    0x38 0x01 0x78 0x40 0x01 0x84                                                                                                                                              JNZ r7, #TGT_Fmm_ternary_32x64x128_752
.delay_slot
	   706    0x10 0x3a 0x11 0x18                                                                                                                                                        MOVX r29, #4
.delay_slot
	   710    0x18 0x04 0xa9 0x78                                                                                                                                                                                      VINSERT.16 x0, x0, r29, r5
.delay_slot
.swstall delay_slot
	   714    0x00 0x00                                                                        NOPX
.delay_slot
.swstall delay_slot
	   716    0x00 0x00                                                                        NOPX
.delay_slot
	   718    0x19 0x54 0xa0 0xf8                                                                                                                                                                                      MOV r5, r9
	   722    0x11 0x8c 0xa8 0x98                                                                                                                                                        NE r6, r6, r10
	   726    0x30 0x01 0x78 0x40 0x01 0x84                                                                                                                                              JNZ r6, #TGT_Fmm_ternary_32x64x128_752
.delay_slot
	   732    0x19 0x50 0x20 0xf8                                                                                                                                                                                      MOV r5, r0
.delay_slot
.swstall delay_slot
	   736    0x00 0x00                                                                        NOPX
.delay_slot
.swstall delay_slot
	   738    0x00 0x00                                                                        NOPX
.delay_slot
.swstall delay_slot
	   740    0x00 0x00                                                                        NOPX
.delay_slot
.swstall delay_slot
	   742    0x00 0x00                                                                        NOPX
	   744    0x00 0x00 0x50 0x09 0x00 0x00 0x1c 0x22                                                                                                                                    MOVX r5, #0;                                                          NOPV
.label TGT_Fmm_ternary_32x64x128_752
	   752    0x21 0xb5 0xbe 0xa3 0x81 0xe4                                                                                                                                              LSHL r6, r4, r26;             MOV r29, s0
	   758    0xf1 0x4c 0x90 0x09 0x52 0xe4                                                                                                                                              AND r5, r30, r6;              VINSERT.16 x0, x0, r29, r5
	   764    0x29 0xd0 0xf3 0x29 0x41 0xe4                                                                                                                                              EQ r7, r5, r8;                MOV r6, r9
	   770    0x38 0x01 0x98 0x40 0x01 0x84                                                                                                                                              JNZ r7, #TGT_Fmm_ternary_32x64x128_816
.delay_slot
	   776    0x10 0x3a 0x19 0x18                                                                                                                                                        MOVX r29, #6
.delay_slot
.swstall delay_slot
	   780    0x00 0x00                                                                        NOPX
.delay_slot
.swstall delay_slot
	   782    0x00 0x00                                                                        NOPX
.delay_slot
.swstall delay_slot
	   784    0x00 0x00                                                                        NOPX
.delay_slot
.swstall delay_slot
	   786    0x00 0x00                                                                        NOPX
	   788    0x11 0x4a 0xa8 0x98                                                                                                                                                        NE r5, r5, r10
	   792    0x28 0x01 0x98 0x40 0x01 0x84                                                                                                                                              JNZ r5, #TGT_Fmm_ternary_32x64x128_816
.delay_slot
	   798    0x19 0x90 0x20 0xf8                                                                                                                                                                                      MOV r6, r0
.delay_slot
.swstall delay_slot
	   802    0x00 0x00                                                                        NOPX
.delay_slot
.swstall delay_slot
	   804    0x00 0x00                                                                        NOPX
.delay_slot
.swstall delay_slot
	   806    0x00 0x00                                                                        NOPX
.delay_slot
.swstall delay_slot
	   808    0x00 0x00                                                                        NOPX
	   810    0x00 0x2c 0xf0 0x18 0x02 0x2c                                                    NOPA;                                                                                     MOVX r6, #0
.label TGT_Fmm_ternary_32x64x128_816
	   816    0x21 0x33 0xb0 0x09 0x92 0xe4                                                                                                                                              LSHL r4, r4, r25;             VINSERT.16 x0, x0, r29, r6
	   822    0x11 0x0c 0x87 0x98                                                                                                                                                        EQ r6, r4, r8
	   826    0x30 0x01 0xb8 0x40 0x01 0x84                                                                                                                                              JNZ r6, #TGT_Fmm_ternary_32x64x128_880
.delay_slot
	   832    0x19 0x54 0xa0 0xf8                                                                                                                                                                                      MOV r5, r9
.delay_slot
.swstall delay_slot
	   836    0x00 0x00                                                                        NOPX
.delay_slot
.swstall delay_slot
	   838    0x00 0x00                                                                        NOPX
.delay_slot
.swstall delay_slot
	   840    0x00 0x00                                                                        NOPX
.delay_slot
.swstall delay_slot
	   842    0x00 0x00                                                                        NOPX
	   844    0x12 0x88 0x48 0x98                                                                                                                                                        NE r4, r10, r4
	   848    0x20 0x01 0xb8 0x40 0x01 0x84                                                                                                                                              JNZ r4, #TGT_Fmm_ternary_32x64x128_880
.delay_slot
	   854    0x19 0x50 0x20 0xf8                                                                                                                                                                                      MOV r5, r0
.delay_slot
.swstall delay_slot
	   858    0x00 0x00                                                                        NOPX
.delay_slot
.swstall delay_slot
	   860    0x00 0x00                                                                        NOPX
.delay_slot
.swstall delay_slot
	   862    0x00 0x00                                                                        NOPX
.delay_slot
.swstall delay_slot
	   864    0x00 0x00                                                                        NOPX
	   866    0x00 0x2c 0xf0 0x00 0x20 0x0a 0x01 0x00 0x34 0xaf 0x00 0x2b 0x60 0x7e            NOPA;                         NOPB;                         NOPS;                         MOVX r5, #0;                  NOPM
.label TGT_Fmm_ternary_32x64x128_880
	   880    0x03 0x1c 0x8a 0x98                                                              LDA.u8 r4, [p3], #1
	   884    0x00 0x00                                                                        NOPX
	   886    0x00 0x00                                                                        NOPX
	   888    0x00 0x00                                                                        NOPX
	   890    0x00 0x00                                                                        NOPX
	   892    0x00 0x00                                                                        NOPX
	   894    0x00 0x00                                                                        NOPX
	   896    0x17 0x8c 0x44 0x98                                                                                                                                                        AND r6, r30, r4
	   900    0x11 0x8e 0x87 0x98                                                                                                                                                        EQ r7, r6, r8
	   904    0x38 0x01 0xe0 0x40 0x01 0x84                                                                                                                                              JNZ r7, #TGT_Fmm_ternary_32x64x128_960
.delay_slot
	   910    0x10 0x3a 0x1d 0x18                                                                                                                                                        MOVX r29, #7
.delay_slot
	   914    0x18 0x04 0xa9 0x78                                                                                                                                                                                      VINSERT.16 x0, x0, r29, r5
.delay_slot
.swstall delay_slot
	   918    0x00 0x00                                                                        NOPX
.delay_slot
.swstall delay_slot
	   920    0x00 0x00                                                                        NOPX
.delay_slot
	   922    0x19 0x54 0xa0 0xf8                                                                                                                                                                                      MOV r5, r9
	   926    0x11 0x8c 0xa8 0x98                                                                                                                                                        NE r6, r6, r10
	   930    0x30 0x01 0xe0 0x40 0x01 0x84                                                                                                                                              JNZ r6, #TGT_Fmm_ternary_32x64x128_960
.delay_slot
	   936    0x19 0x50 0x20 0xf8                                                                                                                                                                                      MOV r5, r0
.delay_slot
.swstall delay_slot
	   940    0x00 0x00                                                                        NOPX
.delay_slot
.swstall delay_slot
	   942    0x00 0x00                                                                        NOPX
.delay_slot
.swstall delay_slot
	   944    0x00 0x00                                                                        NOPX
.delay_slot
.swstall delay_slot
	   946    0x00 0x00                                                                        NOPX
	   948    0x00 0x2c 0xf0 0x00 0x20 0x00 0x50 0x08 0x00 0xad 0x81 0x36                      NOPA;                         NOPB;                         NOPS;                         MOVX r5, #0
.label TGT_Fmm_ternary_32x64x128_960
	   960    0x21 0xb9 0xbe 0xa0 0x21 0x64                                                                                                                                              LSHL r6, r4, r28;             MOV r29, #8
	   966    0xf1 0x8c 0x90 0x09 0x52 0xe4                                                                                                                                              AND r6, r30, r6;              VINSERT.16 x0, x0, r29, r5
	   972    0x11 0x8a 0x87 0x98                                                                                                                                                        EQ r5, r6, r8
	   976    0x28 0x02 0x00 0x40 0x01 0x84                                                                                                                                              JNZ r5, #TGT_Fmm_ternary_32x64x128_1024
.delay_slot
	   982    0x19 0xd4 0xa0 0xf8                                                                                                                                                                                      MOV r7, r9
.delay_slot
.swstall delay_slot
	   986    0x00 0x00                                                                        NOPX
.delay_slot
.swstall delay_slot
	   988    0x00 0x00                                                                        NOPX
.delay_slot
.swstall delay_slot
	   990    0x00 0x00                                                                        NOPX
.delay_slot
.swstall delay_slot
	   992    0x00 0x00                                                                        NOPX
	   994    0x11 0x8a 0xa8 0x98                                                                                                                                                        NE r5, r6, r10
	   998    0x28 0x02 0x00 0x40 0x01 0x84                                                                                                                                              JNZ r5, #TGT_Fmm_ternary_32x64x128_1024
.delay_slot
	  1004    0x19 0xd0 0x20 0xf8                                                                                                                                                                                      MOV r7, r0
.delay_slot
.swstall delay_slot
	  1008    0x00 0x00                                                                        NOPX
.delay_slot
.swstall delay_slot
	  1010    0x00 0x00                                                                        NOPX
.delay_slot
.swstall delay_slot
	  1012    0x00 0x00                                                                        NOPX
.delay_slot
.swstall delay_slot
	  1014    0x00 0x00                                                                        NOPX
	  1016    0x00 0x00 0x70 0x09 0x00 0x00 0x1c 0x22                                                                                                                                    MOVX r7, #0;                                                          NOPV
.label TGT_Fmm_ternary_32x64x128_1024
	  1024    0x01 0x3d 0x00 0x08 0x5d 0x6c 0xca 0x50 0x78 0xba                                MOVA r29, #9;                                                                             LSHL r5, r4, r26;             MOV r6, r9
	  1034    0x29 0x7c 0x90 0x09 0xd2 0xe4                                                                                                                                              AND r5, r5, r30;              VINSERT.16 x0, x0, r29, r7
	  1040    0x11 0x4e 0x87 0x98                                                                                                                                                        EQ r7, r5, r8
	  1044    0x38 0x02 0x20 0x40 0x01 0x84                                                                                                                                              JNZ r7, #TGT_Fmm_ternary_32x64x128_1088
.delay_slot
	  1050    0x10 0x3a 0x29 0x18                                                                                                                                                        MOVX r29, #10
.delay_slot
.swstall delay_slot
	  1054    0x00 0x00                                                                        NOPX
.delay_slot
.swstall delay_slot
	  1056    0x00 0x00                                                                        NOPX
.delay_slot
.swstall delay_slot
	  1058    0x00 0x00                                                                        NOPX
.delay_slot
.swstall delay_slot
	  1060    0x00 0x00                                                                        NOPX
	  1062    0x11 0x4a 0xa8 0x98                                                                                                                                                        NE r5, r5, r10
	  1066    0x28 0x02 0x20 0x40 0x01 0x84                                                                                                                                              JNZ r5, #TGT_Fmm_ternary_32x64x128_1088
.delay_slot
	  1072    0x19 0x90 0x20 0xf8                                                                                                                                                                                      MOV r6, r0
.delay_slot
.swstall delay_slot
	  1076    0x00 0x00                                                                        NOPX
.delay_slot
.swstall delay_slot
	  1078    0x00 0x00                                                                        NOPX
.delay_slot
.swstall delay_slot
	  1080    0x00 0x00                                                                        NOPX
.delay_slot
.swstall delay_slot
	  1082    0x00 0x00                                                                        NOPX
	  1084    0x10 0x0c 0x01 0x18                                                                                                                                                        MOVX r6, #0
.label TGT_Fmm_ternary_32x64x128_1088
	  1088    0x21 0x33 0xb0 0x09 0x92 0xe4                                                                                                                                              LSHL r4, r4, r25;             VINSERT.16 x0, x0, r29, r6
	  1094    0x11 0x0c 0x87 0x98                                                                                                                                                        EQ r6, r4, r8
	  1098    0x30 0x02 0x40 0x40 0x01 0x84                                                                                                                                              JNZ r6, #TGT_Fmm_ternary_32x64x128_1152
.delay_slot
	  1104    0x19 0x54 0xa0 0xf8                                                                                                                                                                                      MOV r5, r9
.delay_slot
.swstall delay_slot
	  1108    0x00 0x00                                                                        NOPX
.delay_slot
.swstall delay_slot
	  1110    0x00 0x00                                                                        NOPX
.delay_slot
.swstall delay_slot
	  1112    0x00 0x00                                                                        NOPX
.delay_slot
.swstall delay_slot
	  1114    0x00 0x00                                                                        NOPX
	  1116    0x12 0x88 0x48 0x98                                                                                                                                                        NE r4, r10, r4
	  1120    0x20 0x02 0x40 0x40 0x01 0x84                                                                                                                                              JNZ r4, #TGT_Fmm_ternary_32x64x128_1152
.delay_slot
	  1126    0x19 0x50 0x20 0xf8                                                                                                                                                                                      MOV r5, r0
.delay_slot
.swstall delay_slot
	  1130    0x00 0x00                                                                        NOPX
.delay_slot
.swstall delay_slot
	  1132    0x00 0x00                                                                        NOPX
.delay_slot
.swstall delay_slot
	  1134    0x00 0x00                                                                        NOPX
.delay_slot
.swstall delay_slot
	  1136    0x00 0x00                                                                        NOPX
	  1138    0x00 0x2c 0xf0 0x00 0x20 0x0a 0x01 0x00 0x34 0xaf 0x00 0x2b 0x60 0x7e            NOPA;                         NOPB;                         NOPS;                         MOVX r5, #0;                  NOPM
.label TGT_Fmm_ternary_32x64x128_1152
	  1152    0x03 0x1c 0x8a 0x98                                                              LDA.u8 r4, [p3], #1
	  1156    0x00 0x00                                                                        NOPX
	  1158    0x00 0x00                                                                        NOPX
	  1160    0x00 0x00                                                                        NOPX
	  1162    0x00 0x00                                                                        NOPX
	  1164    0x00 0x00                                                                        NOPX
	  1166    0x00 0x00                                                                        NOPX
	  1168    0x17 0x8c 0x44 0x98                                                                                                                                                        AND r6, r30, r4
	  1172    0x11 0x8e 0x87 0x98                                                                                                                                                        EQ r7, r6, r8
	  1176    0x38 0x02 0x68 0x40 0x01 0x84                                                                                                                                              JNZ r7, #TGT_Fmm_ternary_32x64x128_1232
.delay_slot
	  1182    0x10 0x3a 0x2d 0x18                                                                                                                                                        MOVX r29, #11
.delay_slot
	  1186    0x18 0x04 0xa9 0x78                                                                                                                                                                                      VINSERT.16 x0, x0, r29, r5
.delay_slot
.swstall delay_slot
	  1190    0x00 0x00                                                                        NOPX
.delay_slot
.swstall delay_slot
	  1192    0x00 0x00                                                                        NOPX
.delay_slot
	  1194    0x19 0x54 0xa0 0xf8                                                                                                                                                                                      MOV r5, r9
	  1198    0x11 0x8c 0xa8 0x98                                                                                                                                                        NE r6, r6, r10
	  1202    0x30 0x02 0x68 0x40 0x01 0x84                                                                                                                                              JNZ r6, #TGT_Fmm_ternary_32x64x128_1232
.delay_slot
	  1208    0x19 0x50 0x20 0xf8                                                                                                                                                                                      MOV r5, r0
.delay_slot
.swstall delay_slot
	  1212    0x00 0x00                                                                        NOPX
.delay_slot
.swstall delay_slot
	  1214    0x00 0x00                                                                        NOPX
.delay_slot
.swstall delay_slot
	  1216    0x00 0x00                                                                        NOPX
.delay_slot
.swstall delay_slot
	  1218    0x00 0x00                                                                        NOPX
	  1220    0x00 0x2c 0xf0 0x00 0x20 0x00 0x50 0x08 0x00 0xad 0x81 0x36                      NOPA;                         NOPB;                         NOPS;                         MOVX r5, #0
.label TGT_Fmm_ternary_32x64x128_1232
	  1232    0x11 0x0d 0xcd 0x98                                                                                                                                                        LSHL r6, r4, r28
	  1236    0x17 0x8c 0x64 0x98                                                                                                                                                        AND r6, r30, r6
	  1240    0x11 0x8e 0x87 0x98                                                                                                                                                        EQ r7, r6, r8
	  1244    0x38 0x02 0x88 0x40 0x01 0x84                                                                                                                                              JNZ r7, #TGT_Fmm_ternary_32x64x128_1296
.delay_slot
	  1250    0x10 0x3a 0x31 0x18                                                                                                                                                        MOVX r29, #12
.delay_slot
	  1254    0x18 0x04 0xa9 0x78                                                                                                                                                                                      VINSERT.16 x0, x0, r29, r5
.delay_slot
.swstall delay_slot
	  1258    0x00 0x00                                                                        NOPX
.delay_slot
.swstall delay_slot
	  1260    0x00 0x00                                                                        NOPX
.delay_slot
	  1262    0x19 0x54 0xa0 0xf8                                                                                                                                                                                      MOV r5, r9
	  1266    0x11 0x8c 0xa8 0x98                                                                                                                                                        NE r6, r6, r10
	  1270    0x30 0x02 0x88 0x40 0x01 0x84                                                                                                                                              JNZ r6, #TGT_Fmm_ternary_32x64x128_1296
.delay_slot
	  1276    0x19 0x50 0x20 0xf8                                                                                                                                                                                      MOV r5, r0
.delay_slot
.swstall delay_slot
	  1280    0x00 0x00                                                                        NOPX
.delay_slot
.swstall delay_slot
	  1282    0x00 0x00                                                                        NOPX
.delay_slot
.swstall delay_slot
	  1284    0x00 0x00                                                                        NOPX
.delay_slot
.swstall delay_slot
	  1286    0x00 0x00                                                                        NOPX
	  1288    0x00 0x00 0x50 0x09 0x00 0x00 0x1c 0x22                                                                                                                                    MOVX r5, #0;                                                          NOPV
.label TGT_Fmm_ternary_32x64x128_1296
	  1296    0x21 0xb5 0xbe 0xa0 0x35 0x64                                                                                                                                              LSHL r6, r4, r26;             MOV r29, #13
	  1302    0xf1 0x4c 0x90 0x09 0x52 0xe4                                                                                                                                              AND r5, r30, r6;              VINSERT.16 x0, x0, r29, r5
	  1308    0x29 0xd0 0xf3 0x29 0x41 0xe4                                                                                                                                              EQ r7, r5, r8;                MOV r6, r9
	  1314    0x38 0x02 0xa8 0x40 0x01 0x84                                                                                                                                              JNZ r7, #TGT_Fmm_ternary_32x64x128_1360
.delay_slot
	  1320    0x10 0x3a 0x39 0x18                                                                                                                                                        MOVX r29, #14
.delay_slot
.swstall delay_slot
	  1324    0x00 0x00                                                                        NOPX
.delay_slot
.swstall delay_slot
	  1326    0x00 0x00                                                                        NOPX
.delay_slot
.swstall delay_slot
	  1328    0x00 0x00                                                                        NOPX
.delay_slot
.swstall delay_slot
	  1330    0x00 0x00                                                                        NOPX
	  1332    0x11 0x4a 0xa8 0x98                                                                                                                                                        NE r5, r5, r10
	  1336    0x28 0x02 0xa8 0x40 0x01 0x84                                                                                                                                              JNZ r5, #TGT_Fmm_ternary_32x64x128_1360
.delay_slot
	  1342    0x19 0x90 0x20 0xf8                                                                                                                                                                                      MOV r6, r0
.delay_slot
.swstall delay_slot
	  1346    0x00 0x00                                                                        NOPX
.delay_slot
.swstall delay_slot
	  1348    0x00 0x00                                                                        NOPX
.delay_slot
.swstall delay_slot
	  1350    0x00 0x00                                                                        NOPX
.delay_slot
.swstall delay_slot
	  1352    0x00 0x00                                                                        NOPX
	  1354    0x00 0x2c 0xf0 0x18 0x02 0x2c                                                    NOPA;                                                                                     MOVX r6, #0
.label TGT_Fmm_ternary_32x64x128_1360
	  1360    0x21 0x33 0xb0 0x09 0x92 0xe4                                                                                                                                              LSHL r4, r4, r25;             VINSERT.16 x0, x0, r29, r6
	  1366    0x11 0x0c 0x87 0x98                                                                                                                                                        EQ r6, r4, r8
	  1370    0x30 0x02 0xc8 0x40 0x01 0x84                                                                                                                                              JNZ r6, #TGT_Fmm_ternary_32x64x128_1424
.delay_slot
	  1376    0x19 0x54 0xa0 0xf8                                                                                                                                                                                      MOV r5, r9
.delay_slot
.swstall delay_slot
	  1380    0x00 0x00                                                                        NOPX
.delay_slot
.swstall delay_slot
	  1382    0x00 0x00                                                                        NOPX
.delay_slot
.swstall delay_slot
	  1384    0x00 0x00                                                                        NOPX
.delay_slot
.swstall delay_slot
	  1386    0x00 0x00                                                                        NOPX
	  1388    0x12 0x88 0x48 0x98                                                                                                                                                        NE r4, r10, r4
	  1392    0x20 0x02 0xc8 0x40 0x01 0x84                                                                                                                                              JNZ r4, #TGT_Fmm_ternary_32x64x128_1424
.delay_slot
	  1398    0x19 0x50 0x20 0xf8                                                                                                                                                                                      MOV r5, r0
.delay_slot
.swstall delay_slot
	  1402    0x00 0x00                                                                        NOPX
.delay_slot
.swstall delay_slot
	  1404    0x00 0x00                                                                        NOPX
.delay_slot
.swstall delay_slot
	  1406    0x00 0x00                                                                        NOPX
.delay_slot
.swstall delay_slot
	  1408    0x00 0x00                                                                        NOPX
	  1410    0x00 0x2c 0xf0 0x00 0x20 0x0a 0x01 0x00 0x34 0xaf 0x00 0x2b 0x60 0x7e            NOPA;                         NOPB;                         NOPS;                         MOVX r5, #0;                  NOPM
.label TGT_Fmm_ternary_32x64x128_1424
	  1424    0x03 0x1c 0x8a 0x98                                                              LDA.u8 r4, [p3], #1
	  1428    0x00 0x00                                                                        NOPX
	  1430    0x00 0x00                                                                        NOPX
	  1432    0x00 0x00                                                                        NOPX
	  1434    0x00 0x00                                                                        NOPX
	  1436    0x00 0x00                                                                        NOPX
	  1438    0x00 0x00                                                                        NOPX
	  1440    0x17 0x8c 0x44 0x98                                                                                                                                                        AND r6, r30, r4
	  1444    0x11 0x8e 0x87 0x98                                                                                                                                                        EQ r7, r6, r8
	  1448    0x38 0x02 0xf0 0x40 0x01 0x84                                                                                                                                              JNZ r7, #TGT_Fmm_ternary_32x64x128_1504
.delay_slot
	  1454    0x10 0x3a 0x3d 0x18                                                                                                                                                        MOVX r29, #15
.delay_slot
	  1458    0x18 0x04 0xa9 0x78                                                                                                                                                                                      VINSERT.16 x0, x0, r29, r5
.delay_slot
.swstall delay_slot
	  1462    0x00 0x00                                                                        NOPX
.delay_slot
.swstall delay_slot
	  1464    0x00 0x00                                                                        NOPX
.delay_slot
	  1466    0x19 0x54 0xa0 0xf8                                                                                                                                                                                      MOV r5, r9
	  1470    0x11 0x8c 0xa8 0x98                                                                                                                                                        NE r6, r6, r10
	  1474    0x30 0x02 0xf0 0x40 0x01 0x84                                                                                                                                              JNZ r6, #TGT_Fmm_ternary_32x64x128_1504
.delay_slot
	  1480    0x19 0x50 0x20 0xf8                                                                                                                                                                                      MOV r5, r0
.delay_slot
.swstall delay_slot
	  1484    0x00 0x00                                                                        NOPX
.delay_slot
.swstall delay_slot
	  1486    0x00 0x00                                                                        NOPX
.delay_slot
.swstall delay_slot
	  1488    0x00 0x00                                                                        NOPX
.delay_slot
.swstall delay_slot
	  1490    0x00 0x00                                                                        NOPX
	  1492    0x00 0x2c 0xf0 0x00 0x20 0x00 0x50 0x08 0x00 0xad 0x81 0x36                      NOPA;                         NOPB;                         NOPS;                         MOVX r5, #0
.label TGT_Fmm_ternary_32x64x128_1504
	  1504    0x11 0x0d 0xcd 0x98                                                                                                                                                        LSHL r6, r4, r28
	  1508    0x17 0x8c 0x64 0x98                                                                                                                                                        AND r6, r30, r6
	  1512    0x11 0x8e 0x87 0x98                                                                                                                                                        EQ r7, r6, r8
	  1516    0x38 0x03 0x10 0x40 0x01 0x84                                                                                                                                              JNZ r7, #TGT_Fmm_ternary_32x64x128_1568
.delay_slot
	  1522    0x10 0x3a 0x41 0x18                                                                                                                                                        MOVX r29, #16
.delay_slot
	  1526    0x18 0x04 0xa9 0x78                                                                                                                                                                                      VINSERT.16 x0, x0, r29, r5
.delay_slot
.swstall delay_slot
	  1530    0x00 0x00                                                                        NOPX
.delay_slot
.swstall delay_slot
	  1532    0x00 0x00                                                                        NOPX
.delay_slot
	  1534    0x19 0x54 0xa0 0xf8                                                                                                                                                                                      MOV r5, r9
	  1538    0x11 0x8c 0xa8 0x98                                                                                                                                                        NE r6, r6, r10
	  1542    0x30 0x03 0x10 0x40 0x01 0x84                                                                                                                                              JNZ r6, #TGT_Fmm_ternary_32x64x128_1568
.delay_slot
	  1548    0x19 0x50 0x20 0xf8                                                                                                                                                                                      MOV r5, r0
.delay_slot
.swstall delay_slot
	  1552    0x00 0x00                                                                        NOPX
.delay_slot
.swstall delay_slot
	  1554    0x00 0x00                                                                        NOPX
.delay_slot
.swstall delay_slot
	  1556    0x00 0x00                                                                        NOPX
.delay_slot
.swstall delay_slot
	  1558    0x00 0x00                                                                        NOPX
	  1560    0x00 0x00 0x50 0x09 0x00 0x00 0x1c 0x22                                                                                                                                    MOVX r5, #0;                                                          NOPV
.label TGT_Fmm_ternary_32x64x128_1568
	  1568    0x21 0xb5 0xbe 0xa0 0x45 0x64                                                                                                                                              LSHL r6, r4, r26;             MOV r29, #17
	  1574    0xf1 0x4c 0x90 0x09 0x52 0xe4                                                                                                                                              AND r5, r30, r6;              VINSERT.16 x0, x0, r29, r5
	  1580    0x29 0xd0 0xf3 0x29 0x41 0xe4                                                                                                                                              EQ r7, r5, r8;                MOV r6, r9
	  1586    0x38 0x03 0x30 0x40 0x01 0x84                                                                                                                                              JNZ r7, #TGT_Fmm_ternary_32x64x128_1632
.delay_slot
	  1592    0x10 0x3a 0x49 0x18                                                                                                                                                        MOVX r29, #18
.delay_slot
.swstall delay_slot
	  1596    0x00 0x00                                                                        NOPX
.delay_slot
.swstall delay_slot
	  1598    0x00 0x00                                                                        NOPX
.delay_slot
.swstall delay_slot
	  1600    0x00 0x00                                                                        NOPX
.delay_slot
.swstall delay_slot
	  1602    0x00 0x00                                                                        NOPX
	  1604    0x11 0x4a 0xa8 0x98                                                                                                                                                        NE r5, r5, r10
	  1608    0x28 0x03 0x30 0x40 0x01 0x84                                                                                                                                              JNZ r5, #TGT_Fmm_ternary_32x64x128_1632
.delay_slot
	  1614    0x19 0x90 0x20 0xf8                                                                                                                                                                                      MOV r6, r0
.delay_slot
.swstall delay_slot
	  1618    0x00 0x00                                                                        NOPX
.delay_slot
.swstall delay_slot
	  1620    0x00 0x00                                                                        NOPX
.delay_slot
.swstall delay_slot
	  1622    0x00 0x00                                                                        NOPX
.delay_slot
.swstall delay_slot
	  1624    0x00 0x00                                                                        NOPX
	  1626    0x00 0x2c 0xf0 0x18 0x02 0x2c                                                    NOPA;                                                                                     MOVX r6, #0
.label TGT_Fmm_ternary_32x64x128_1632
	  1632    0x21 0x33 0xb0 0x09 0x92 0xe4                                                                                                                                              LSHL r4, r4, r25;             VINSERT.16 x0, x0, r29, r6
	  1638    0x11 0x0c 0x87 0x98                                                                                                                                                        EQ r6, r4, r8
	  1642    0x30 0x03 0x50 0x40 0x01 0x84                                                                                                                                              JNZ r6, #TGT_Fmm_ternary_32x64x128_1696
.delay_slot
	  1648    0x19 0x54 0xa0 0xf8                                                                                                                                                                                      MOV r5, r9
.delay_slot
.swstall delay_slot
	  1652    0x00 0x00                                                                        NOPX
.delay_slot
.swstall delay_slot
	  1654    0x00 0x00                                                                        NOPX
.delay_slot
.swstall delay_slot
	  1656    0x00 0x00                                                                        NOPX
.delay_slot
.swstall delay_slot
	  1658    0x00 0x00                                                                        NOPX
	  1660    0x12 0x88 0x48 0x98                                                                                                                                                        NE r4, r10, r4
	  1664    0x20 0x03 0x50 0x40 0x01 0x84                                                                                                                                              JNZ r4, #TGT_Fmm_ternary_32x64x128_1696
.delay_slot
	  1670    0x19 0x50 0x20 0xf8                                                                                                                                                                                      MOV r5, r0
.delay_slot
.swstall delay_slot
	  1674    0x00 0x00                                                                        NOPX
.delay_slot
.swstall delay_slot
	  1676    0x00 0x00                                                                        NOPX
.delay_slot
.swstall delay_slot
	  1678    0x00 0x00                                                                        NOPX
.delay_slot
.swstall delay_slot
	  1680    0x00 0x00                                                                        NOPX
	  1682    0x00 0x2c 0xf0 0x00 0x20 0x0a 0x01 0x00 0x34 0xaf 0x00 0x2b 0x60 0x7e            NOPA;                         NOPB;                         NOPS;                         MOVX r5, #0;                  NOPM
.label TGT_Fmm_ternary_32x64x128_1696
	  1696    0x63 0x91 0x58 0xcd 0x81 0xd4                                                    LDA.u8 r4, [p3], #1;                                                                                                    MOV p4, p3
	  1702    0x00 0x00                                                                        NOPX
	  1704    0x00 0x00                                                                        NOPX
	  1706    0x00 0x00                                                                        NOPX
	  1708    0x00 0x00                                                                        NOPX
	  1710    0x00 0x00                                                                        NOPX
	  1712    0x00 0x00                                                                        NOPX
	  1714    0x17 0x8c 0x44 0x98                                                                                                                                                        AND r6, r30, r4
	  1718    0x11 0x8e 0x87 0x98                                                                                                                                                        EQ r7, r6, r8
	  1722    0x38 0x03 0x78 0x40 0x01 0x84                                                                                                                                              JNZ r7, #TGT_Fmm_ternary_32x64x128_1776
.delay_slot
	  1728    0x10 0x3a 0x4d 0x18                                                                                                                                                        MOVX r29, #19
.delay_slot
	  1732    0x18 0x04 0xa9 0x78                                                                                                                                                                                      VINSERT.16 x0, x0, r29, r5
.delay_slot
.swstall delay_slot
	  1736    0x00 0x00                                                                        NOPX
.delay_slot
.swstall delay_slot
	  1738    0x00 0x00                                                                        NOPX
.delay_slot
	  1740    0x19 0x54 0xa0 0xf8                                                                                                                                                                                      MOV r5, r9
	  1744    0x11 0x8c 0xa8 0x98                                                                                                                                                        NE r6, r6, r10
	  1748    0x30 0x03 0x78 0x40 0x01 0x84                                                                                                                                              JNZ r6, #TGT_Fmm_ternary_32x64x128_1776
.delay_slot
	  1754    0x19 0x50 0x20 0xf8                                                                                                                                                                                      MOV r5, r0
.delay_slot
.swstall delay_slot
	  1758    0x00 0x00                                                                        NOPX
.delay_slot
.swstall delay_slot
	  1760    0x00 0x00                                                                        NOPX
.delay_slot
.swstall delay_slot
	  1762    0x00 0x00                                                                        NOPX
.delay_slot
.swstall delay_slot
	  1764    0x00 0x00                                                                        NOPX
	  1766    0x00 0x2c 0xf0 0x01 0x5b 0x00 0x00 0x0a 0x01 0x7a                                NOPA;                                                       NOPS;                         MOVX r5, #0
.label TGT_Fmm_ternary_32x64x128_1776
	  1776    0x11 0x0d 0xcd 0x98                                                                                                                                                        LSHL r6, r4, r28
	  1780    0x17 0x8c 0x64 0x98                                                                                                                                                        AND r6, r30, r6
	  1784    0x11 0x8e 0x87 0x98                                                                                                                                                        EQ r7, r6, r8
	  1788    0x38 0x03 0x98 0x40 0x01 0x84                                                                                                                                              JNZ r7, #TGT_Fmm_ternary_32x64x128_1840
.delay_slot
	  1794    0x10 0x3a 0x51 0x18                                                                                                                                                        MOVX r29, #20
.delay_slot
	  1798    0x18 0x04 0xa9 0x78                                                                                                                                                                                      VINSERT.16 x0, x0, r29, r5
.delay_slot
.swstall delay_slot
	  1802    0x00 0x00                                                                        NOPX
.delay_slot
.swstall delay_slot
	  1804    0x00 0x00                                                                        NOPX
.delay_slot
	  1806    0x19 0x54 0xa0 0xf8                                                                                                                                                                                      MOV r5, r9
	  1810    0x11 0x8c 0xa8 0x98                                                                                                                                                        NE r6, r6, r10
	  1814    0x30 0x03 0x98 0x40 0x01 0x84                                                                                                                                              JNZ r6, #TGT_Fmm_ternary_32x64x128_1840
.delay_slot
	  1820    0x19 0x50 0x20 0xf8                                                                                                                                                                                      MOV r5, r0
.delay_slot
.swstall delay_slot
	  1824    0x00 0x00                                                                        NOPX
.delay_slot
.swstall delay_slot
	  1826    0x00 0x00                                                                        NOPX
.delay_slot
.swstall delay_slot
	  1828    0x00 0x00                                                                        NOPX
.delay_slot
.swstall delay_slot
	  1830    0x00 0x00                                                                        NOPX
	  1832    0x00 0x00 0x50 0x09 0x00 0x00 0x1c 0x22                                                                                                                                    MOVX r5, #0;                                                          NOPV
.label TGT_Fmm_ternary_32x64x128_1840
	  1840    0x21 0xb5 0xbe 0xa0 0x55 0x64                                                                                                                                              LSHL r6, r4, r26;             MOV r29, #21
	  1846    0xf1 0x4c 0x90 0x09 0x52 0xe4                                                                                                                                              AND r5, r30, r6;              VINSERT.16 x0, x0, r29, r5
	  1852    0x29 0xd0 0xf3 0x29 0x41 0xe4                                                                                                                                              EQ r7, r5, r8;                MOV r6, r9
	  1858    0x38 0x03 0xb8 0x40 0x01 0x84                                                                                                                                              JNZ r7, #TGT_Fmm_ternary_32x64x128_1904
.delay_slot
	  1864    0x10 0x3a 0x59 0x18                                                                                                                                                        MOVX r29, #22
.delay_slot
.swstall delay_slot
	  1868    0x00 0x00                                                                        NOPX
.delay_slot
.swstall delay_slot
	  1870    0x00 0x00                                                                        NOPX
.delay_slot
.swstall delay_slot
	  1872    0x00 0x00                                                                        NOPX
.delay_slot
.swstall delay_slot
	  1874    0x00 0x00                                                                        NOPX
	  1876    0x11 0x4a 0xa8 0x98                                                                                                                                                        NE r5, r5, r10
	  1880    0x28 0x03 0xb8 0x40 0x01 0x84                                                                                                                                              JNZ r5, #TGT_Fmm_ternary_32x64x128_1904
.delay_slot
	  1886    0x19 0x90 0x20 0xf8                                                                                                                                                                                      MOV r6, r0
.delay_slot
.swstall delay_slot
	  1890    0x00 0x00                                                                        NOPX
.delay_slot
.swstall delay_slot
	  1892    0x00 0x00                                                                        NOPX
.delay_slot
.swstall delay_slot
	  1894    0x00 0x00                                                                        NOPX
.delay_slot
.swstall delay_slot
	  1896    0x00 0x00                                                                        NOPX
	  1898    0x00 0x2c 0xf0 0x18 0x02 0x2c                                                    NOPA;                                                                                     MOVX r6, #0
.label TGT_Fmm_ternary_32x64x128_1904
	  1904    0x21 0x33 0xb0 0x09 0x92 0xe4                                                                                                                                              LSHL r4, r4, r25;             VINSERT.16 x0, x0, r29, r6
	  1910    0x11 0x0c 0x87 0x98                                                                                                                                                        EQ r6, r4, r8
	  1914    0x30 0x03 0xd8 0x40 0x01 0x84                                                                                                                                              JNZ r6, #TGT_Fmm_ternary_32x64x128_1968
.delay_slot
	  1920    0x19 0x54 0xa0 0xf8                                                                                                                                                                                      MOV r5, r9
.delay_slot
.swstall delay_slot
	  1924    0x00 0x00                                                                        NOPX
.delay_slot
.swstall delay_slot
	  1926    0x00 0x00                                                                        NOPX
.delay_slot
.swstall delay_slot
	  1928    0x00 0x00                                                                        NOPX
.delay_slot
.swstall delay_slot
	  1930    0x00 0x00                                                                        NOPX
	  1932    0x12 0x88 0x48 0x98                                                                                                                                                        NE r4, r10, r4
	  1936    0x20 0x03 0xd8 0x40 0x01 0x84                                                                                                                                              JNZ r4, #TGT_Fmm_ternary_32x64x128_1968
.delay_slot
	  1942    0x19 0x50 0x20 0xf8                                                                                                                                                                                      MOV r5, r0
.delay_slot
.swstall delay_slot
	  1946    0x00 0x00                                                                        NOPX
.delay_slot
.swstall delay_slot
	  1948    0x00 0x00                                                                        NOPX
.delay_slot
.swstall delay_slot
	  1950    0x00 0x00                                                                        NOPX
.delay_slot
.swstall delay_slot
	  1952    0x00 0x00                                                                        NOPX
	  1954    0x00 0x2c 0xf0 0x00 0x20 0x0a 0x01 0x00 0x34 0xaf 0x00 0x2b 0x60 0x7e            NOPA;                         NOPB;                         NOPS;                         MOVX r5, #0;                  NOPM
.label TGT_Fmm_ternary_32x64x128_1968
	  1968    0x04 0x14 0x8a 0x98                                                              LDA.u8 r4, [p4, #1]
	  1972    0x00 0x00                                                                        NOPX
	  1974    0x00 0x00                                                                        NOPX
	  1976    0x00 0x00                                                                        NOPX
	  1978    0x00 0x00                                                                        NOPX
	  1980    0x00 0x00                                                                        NOPX
	  1982    0x00 0x00                                                                        NOPX
	  1984    0x17 0x8c 0x44 0x98                                                                                                                                                        AND r6, r30, r4
	  1988    0x11 0x8e 0x87 0x98                                                                                                                                                        EQ r7, r6, r8
	  1992    0x38 0x04 0x00 0x40 0x01 0x84                                                                                                                                              JNZ r7, #TGT_Fmm_ternary_32x64x128_2048
.delay_slot
	  1998    0x10 0x3a 0x5d 0x18                                                                                                                                                        MOVX r29, #23
.delay_slot
	  2002    0x18 0x04 0xa9 0x78                                                                                                                                                                                      VINSERT.16 x0, x0, r29, r5
.delay_slot
.swstall delay_slot
	  2006    0x00 0x00                                                                        NOPX
.delay_slot
.swstall delay_slot
	  2008    0x00 0x00                                                                        NOPX
.delay_slot
	  2010    0x19 0x54 0xa0 0xf8                                                                                                                                                                                      MOV r5, r9
	  2014    0x11 0x8c 0xa8 0x98                                                                                                                                                        NE r6, r6, r10
	  2018    0x30 0x04 0x00 0x40 0x01 0x84                                                                                                                                              JNZ r6, #TGT_Fmm_ternary_32x64x128_2048
.delay_slot
	  2024    0x19 0x50 0x20 0xf8                                                                                                                                                                                      MOV r5, r0
.delay_slot
.swstall delay_slot
	  2028    0x00 0x00                                                                        NOPX
.delay_slot
.swstall delay_slot
	  2030    0x00 0x00                                                                        NOPX
.delay_slot
.swstall delay_slot
	  2032    0x00 0x00                                                                        NOPX
.delay_slot
.swstall delay_slot
	  2034    0x00 0x00                                                                        NOPX
	  2036    0x00 0x2c 0xf0 0x00 0x20 0x00 0x50 0x08 0x00 0xad 0x81 0x36                      NOPA;                         NOPB;                         NOPS;                         MOVX r5, #0
.label TGT_Fmm_ternary_32x64x128_2048
	  2048    0x21 0xb9 0xbe 0xab 0x81 0xe4                                                                                                                                              LSHL r6, r4, r28;             MOV r29, s1
	  2054    0xf1 0x4c 0x90 0x09 0x52 0xe4                                                                                                                                              AND r5, r30, r6;              VINSERT.16 x0, x0, r29, r5
	  2060    0x11 0x4e 0x87 0x98                                                                                                                                                        EQ r7, r5, r8
	  2064    0x38 0x04 0x20 0x40 0x01 0x84                                                                                                                                              JNZ r7, #TGT_Fmm_ternary_32x64x128_2112
.delay_slot
	  2070    0x19 0x94 0xa0 0xf8                                                                                                                                                                                      MOV r6, r9
.delay_slot
.swstall delay_slot
	  2074    0x00 0x00                                                                        NOPX
.delay_slot
.swstall delay_slot
	  2076    0x00 0x00                                                                        NOPX
.delay_slot
.swstall delay_slot
	  2078    0x00 0x00                                                                        NOPX
.delay_slot
.swstall delay_slot
	  2080    0x00 0x00                                                                        NOPX
	  2082    0x11 0x4a 0xa8 0x98                                                                                                                                                        NE r5, r5, r10
	  2086    0x28 0x04 0x20 0x40 0x01 0x84                                                                                                                                              JNZ r5, #TGT_Fmm_ternary_32x64x128_2112
.delay_slot
	  2092    0x19 0x90 0x20 0xf8                                                                                                                                                                                      MOV r6, r0
.delay_slot
.swstall delay_slot
	  2096    0x00 0x00                                                                        NOPX
.delay_slot
.swstall delay_slot
	  2098    0x00 0x00                                                                        NOPX
.delay_slot
.swstall delay_slot
	  2100    0x00 0x00                                                                        NOPX
.delay_slot
.swstall delay_slot
	  2102    0x00 0x00                                                                        NOPX
	  2104    0x00 0x00 0x60 0x09 0x00 0x00 0x1c 0x22                                                                                                                                    MOVX r6, #0;                                                          NOPV
.label TGT_Fmm_ternary_32x64x128_2112
	  2112    0x11 0x0b 0xad 0x98                                                                                                                                                        LSHL r5, r4, r26
	  2116    0x11 0x4b 0xe4 0x98                                                                                                                                                        AND r5, r5, r30
	  2120    0x11 0x4e 0x87 0x98                                                                                                                                                        EQ r7, r5, r8
	  2124    0x38 0x04 0x40 0x40 0x01 0x84                                                                                                                                              JNZ r7, #TGT_Fmm_ternary_32x64x128_2176
.delay_slot
	  2130    0x10 0x3a 0x65 0x18                                                                                                                                                        MOVX r29, #25
.delay_slot
	  2134    0x18 0x04 0xc9 0x78                                                                                                                                                                                      VINSERT.16 x0, x0, r29, r6
.delay_slot
.swstall delay_slot
	  2138    0x00 0x00                                                                        NOPX
.delay_slot
.swstall delay_slot
	  2140    0x00 0x00                                                                        NOPX
.delay_slot
	  2142    0x07 0x4d 0x23 0x29 0x41 0xe4                                                                                                                                              MOVX r29, #26;                MOV r6, r9
	  2148    0x11 0x4a 0xa8 0x98                                                                                                                                                        NE r5, r5, r10
	  2152    0x28 0x04 0x40 0x40 0x01 0x84                                                                                                                                              JNZ r5, #TGT_Fmm_ternary_32x64x128_2176
.delay_slot
	  2158    0x19 0x90 0x20 0xf8                                                                                                                                                                                      MOV r6, r0
.delay_slot
.swstall delay_slot
	  2162    0x00 0x00                                                                        NOPX
.delay_slot
.swstall delay_slot
	  2164    0x00 0x00                                                                        NOPX
.delay_slot
.swstall delay_slot
	  2166    0x00 0x00                                                                        NOPX
.delay_slot
.swstall delay_slot
	  2168    0x00 0x00                                                                        NOPX
	  2170    0x00 0x2c 0xf0 0x18 0x02 0x2c                                                    NOPA;                                                                                     MOVX r6, #0
.label TGT_Fmm_ternary_32x64x128_2176
	  2176    0x21 0x33 0xb0 0x09 0x92 0xe4                                                                                                                                              LSHL r4, r4, r25;             VINSERT.16 x0, x0, r29, r6
	  2182    0x11 0x0c 0x87 0x98                                                                                                                                                        EQ r6, r4, r8
	  2186    0x30 0x04 0x60 0x40 0x01 0x84                                                                                                                                              JNZ r6, #TGT_Fmm_ternary_32x64x128_2240
.delay_slot
	  2192    0x19 0x54 0xa0 0xf8                                                                                                                                                                                      MOV r5, r9
.delay_slot
.swstall delay_slot
	  2196    0x00 0x00                                                                        NOPX
.delay_slot
.swstall delay_slot
	  2198    0x00 0x00                                                                        NOPX
.delay_slot
.swstall delay_slot
	  2200    0x00 0x00                                                                        NOPX
.delay_slot
.swstall delay_slot
	  2202    0x00 0x00                                                                        NOPX
	  2204    0x12 0x88 0x48 0x98                                                                                                                                                        NE r4, r10, r4
	  2208    0x20 0x04 0x60 0x40 0x01 0x84                                                                                                                                              JNZ r4, #TGT_Fmm_ternary_32x64x128_2240
.delay_slot
	  2214    0x19 0x50 0x20 0xf8                                                                                                                                                                                      MOV r5, r0
.delay_slot
.swstall delay_slot
	  2218    0x00 0x00                                                                        NOPX
.delay_slot
.swstall delay_slot
	  2220    0x00 0x00                                                                        NOPX
.delay_slot
.swstall delay_slot
	  2222    0x00 0x00                                                                        NOPX
.delay_slot
.swstall delay_slot
	  2224    0x00 0x00                                                                        NOPX
	  2226    0x00 0x2c 0xf0 0x00 0x20 0x0a 0x01 0x00 0x34 0xaf 0x00 0x2b 0x60 0x7e            NOPA;                         NOPB;                         NOPS;                         MOVX r5, #0;                  NOPM
.label TGT_Fmm_ternary_32x64x128_2240
	  2240    0x62 0x91 0x50 0x74 0xda 0x2c                                                    LDA.u8 r4, [p3, #1];                                                                      MOVX r29, #27
	  2246    0x18 0x04 0xa9 0x78                                                                                                                                                                                      VINSERT.16 x0, x0, r29, r5
	  2250    0x00 0x00                                                                        NOPX
	  2252    0x00 0x00                                                                        NOPX
	  2254    0x00 0x00                                                                        NOPX
	  2256    0x00 0x00                                                                        NOPX
	  2258    0x00 0x00                                                                        NOPX
	  2260    0x17 0x8a 0x44 0x98                                                                                                                                                        AND r5, r30, r4
	  2264    0x11 0x4e 0x87 0x98                                                                                                                                                        EQ r7, r5, r8
	  2268    0x38 0x04 0x88 0x40 0x01 0x84                                                                                                                                              JNZ r7, #TGT_Fmm_ternary_32x64x128_2320
.delay_slot
	  2274    0x19 0x94 0xa0 0xf8                                                                                                                                                                                      MOV r6, r9
.delay_slot
.swstall delay_slot
	  2278    0x00 0x00                                                                        NOPX
.delay_slot
.swstall delay_slot
	  2280    0x00 0x00                                                                        NOPX
.delay_slot
.swstall delay_slot
	  2282    0x00 0x00                                                                        NOPX
.delay_slot
.swstall delay_slot
	  2284    0x00 0x00                                                                        NOPX
	  2286    0x11 0x4a 0xa8 0x98                                                                                                                                                        NE r5, r5, r10
	  2290    0x28 0x04 0x88 0x40 0x01 0x84                                                                                                                                              JNZ r5, #TGT_Fmm_ternary_32x64x128_2320
.delay_slot
	  2296    0x19 0x90 0x20 0xf8                                                                                                                                                                                      MOV r6, r0
.delay_slot
.swstall delay_slot
	  2300    0x00 0x00                                                                        NOPX
.delay_slot
.swstall delay_slot
	  2302    0x00 0x00                                                                        NOPX
.delay_slot
.swstall delay_slot
	  2304    0x00 0x00                                                                        NOPX
.delay_slot
.swstall delay_slot
	  2306    0x00 0x00                                                                        NOPX
	  2308    0x00 0x2c 0xf0 0x00 0x20 0x00 0x60 0x08 0x00 0xad 0x81 0x36                      NOPA;                         NOPB;                         NOPS;                         MOVX r6, #0
.label TGT_Fmm_ternary_32x64x128_2320
	  2320    0x11 0x0b 0xcd 0x98                                                                                                                                                        LSHL r5, r4, r28
	  2324    0x11 0x4b 0xe4 0x98                                                                                                                                                        AND r5, r5, r30
	  2328    0x11 0x4e 0x87 0x98                                                                                                                                                        EQ r7, r5, r8
	  2332    0x38 0x04 0xa8 0x40 0x01 0x84                                                                                                                                              JNZ r7, #TGT_Fmm_ternary_32x64x128_2384
.delay_slot
.swstall delay_slot
	  2338    0x00 0x00                                                                        NOPX
.delay_slot
.swstall delay_slot
	  2340    0x00 0x00                                                                        NOPX
.delay_slot
	  2342    0x10 0x3a 0x71 0x18                                                                                                                                                        MOVX r29, #28
.delay_slot
	  2346    0x18 0x04 0xc9 0x78                                                                                                                                                                                      VINSERT.16 x0, x0, r29, r6
.delay_slot
	  2350    0x19 0x94 0xa0 0xf8                                                                                                                                                                                      MOV r6, r9
	  2354    0x11 0x4a 0xa8 0x98                                                                                                                                                        NE r5, r5, r10
	  2358    0x28 0x04 0xa8 0x40 0x01 0x84                                                                                                                                              JNZ r5, #TGT_Fmm_ternary_32x64x128_2384
.delay_slot
	  2364    0x19 0x90 0x20 0xf8                                                                                                                                                                                      MOV r6, r0
.delay_slot
.swstall delay_slot
	  2368    0x00 0x00                                                                        NOPX
.delay_slot
.swstall delay_slot
	  2370    0x00 0x00                                                                        NOPX
.delay_slot
.swstall delay_slot
	  2372    0x00 0x00                                                                        NOPX
.delay_slot
.swstall delay_slot
	  2374    0x00 0x00                                                                        NOPX
	  2376    0x00 0x00 0x60 0x09 0x00 0x00 0x1c 0x22                                                                                                                                    MOVX r6, #0;                                                          NOPV
.label TGT_Fmm_ternary_32x64x128_2384
	  2384    0x11 0x0b 0xad 0x98                                                                                                                                                        LSHL r5, r4, r26
	  2388    0x11 0x4b 0xe4 0x98                                                                                                                                                        AND r5, r5, r30
	  2392    0x11 0x4e 0x87 0x98                                                                                                                                                        EQ r7, r5, r8
	  2396    0x38 0x04 0xc8 0x40 0x01 0x84                                                                                                                                              JNZ r7, #TGT_Fmm_ternary_32x64x128_2448
.delay_slot
	  2402    0x10 0x3a 0x75 0x18                                                                                                                                                        MOVX r29, #29
.delay_slot
	  2406    0x18 0x04 0xc9 0x78                                                                                                                                                                                      VINSERT.16 x0, x0, r29, r6
.delay_slot
.swstall delay_slot
	  2410    0x00 0x00                                                                        NOPX
.delay_slot
.swstall delay_slot
	  2412    0x00 0x00                                                                        NOPX
.delay_slot
	  2414    0x07 0x4f 0x23 0x29 0x41 0xe4                                                                                                                                              MOVX r29, #30;                MOV r6, r9
	  2420    0x11 0x4a 0xa8 0x98                                                                                                                                                        NE r5, r5, r10
	  2424    0x28 0x04 0xc8 0x40 0x01 0x84                                                                                                                                              JNZ r5, #TGT_Fmm_ternary_32x64x128_2448
.delay_slot
	  2430    0x19 0x90 0x20 0xf8                                                                                                                                                                                      MOV r6, r0
.delay_slot
.swstall delay_slot
	  2434    0x00 0x00                                                                        NOPX
.delay_slot
.swstall delay_slot
	  2436    0x00 0x00                                                                        NOPX
.delay_slot
.swstall delay_slot
	  2438    0x00 0x00                                                                        NOPX
.delay_slot
.swstall delay_slot
	  2440    0x00 0x00                                                                        NOPX
	  2442    0x00 0x2c 0xf0 0x18 0x02 0x2c                                                    NOPA;                                                                                     MOVX r6, #0
.label TGT_Fmm_ternary_32x64x128_2448
	  2448    0x21 0x33 0xb0 0x09 0x92 0xe4                                                                                                                                              LSHL r4, r4, r25;             VINSERT.16 x0, x0, r29, r6
	  2454    0x21 0x90 0xf2 0xa9 0x41 0xe4                                                                                                                                              EQ r6, r4, r8;                MOV r5, r9
	  2460    0x30 0x04 0xe8 0x40 0x01 0x84                                                                                                                                              JNZ r6, #TGT_Fmm_ternary_32x64x128_2512
.delay_slot
	  2466    0x10 0x3a 0x7d 0x18                                                                                                                                                        MOVX r29, #31
.delay_slot
.swstall delay_slot
	  2470    0x00 0x00                                                                        NOPX
.delay_slot
.swstall delay_slot
	  2472    0x00 0x00                                                                        NOPX
.delay_slot
.swstall delay_slot
	  2474    0x00 0x00                                                                        NOPX
.delay_slot
.swstall delay_slot
	  2476    0x00 0x00                                                                        NOPX
	  2478    0x12 0x88 0x48 0x98                                                                                                                                                        NE r4, r10, r4
	  2482    0x20 0x04 0xe8 0x40 0x01 0x84                                                                                                                                              JNZ r4, #TGT_Fmm_ternary_32x64x128_2512
.delay_slot
	  2488    0x19 0x50 0x20 0xf8                                                                                                                                                                                      MOV r5, r0
.delay_slot
.swstall delay_slot
	  2492    0x00 0x00                                                                        NOPX
.delay_slot
.swstall delay_slot
	  2494    0x00 0x00                                                                        NOPX
.delay_slot
.swstall delay_slot
	  2496    0x00 0x00                                                                        NOPX
.delay_slot
.swstall delay_slot
	  2498    0x00 0x00                                                                        NOPX
	  2500    0x00 0x2c 0xf0 0x00 0x20 0x00 0x50 0x08 0x00 0xad 0x81 0x36                      NOPA;                         NOPB;                         NOPS;                         MOVX r5, #0
.label TGT_Fmm_ternary_32x64x128_2512
	  2512    0x00 0x3d 0x02 0x38 0xe8 0x06 0x31 0x18 0x02 0x54 0xb8 0xb6                      MOVA r29, #1;                 VLDB x1, [p1], #64;                                         ADD r3, r3, #8;               VINSERT.16 x0, x0, r29, r5
	  2524    0x1b 0x61 0xa0 0xf8                                                                                                                                                                                      MOV p3, r3
	  2528    0x00 0x00                                                                        NOPX
	  2530    0x00 0x00                                                                        NOPX
	  2532    0x00 0x00                                                                        NOPX
	  2534    0x00 0x2c 0xf0 0x00 0x10 0x00 0x01 0xa5 0x7e 0xba                                NOPA;                         NOPB;                                                                                     NOPM
	  2544    0x00 0x2c 0xf0 0x00 0x20 0x01 0x5b 0x00 0x00 0x00 0x01 0xa5 0x78 0x00 0x00 0xe1  NOPA;                         NOPB;                         NOPS;                         NOPX;                         NOPM;                                   NOPV
	  2560    0x00 0x2c 0xf0 0x00 0x20 0x01 0x5b 0x00 0x00 0x00 0x01 0xa5 0x7c 0x97 0x01 0x0b  NOPA;                         NOPB;                         NOPS;                         NOPX;                         NOPM;                                   VMUL.f dm2, x0, x1, r18
	  2576    0x00 0x2c 0xf0 0x00 0x20 0x01 0x5b 0x00 0x00 0x00 0x01 0xa5 0x78 0x00 0x00 0xe1  NOPA;                         NOPB;                         NOPS;                         NOPX;                         NOPM;                                   NOPV
	  2592    0x00 0x2c 0xf0 0x00 0x20 0x01 0x5b 0x00 0x00 0x00 0x01 0xa5 0x78 0x00 0x00 0xe1  NOPA;                         NOPB;                         NOPS;                         NOPX;                         NOPM;                                   NOPV
.label ZLE_Fmm_ternary_32x64x128_2608
.end_of_loop
	  2608    0x00 0x2c 0xf0 0x00 0x20 0x01 0x5b 0x00 0x00 0x00 0x01 0xa5 0x7c 0x49 0x41 0xeb  NOPA;                         NOPB;                         NOPS;                         NOPX;                         NOPM;                                   VADD.f dm1, dm1, dm2, r17
.loop_nesting 1
	  2624    0xfb 0x12 0x23 0x1f 0x20 0x00 0x21 0x68 0x04 0xb9 0x78 0xb6                      LDA r4, [sp, #-40];           PADDB [p1], #-512;                                          MOVX r2, #11;                 VBCST.16 x0, r2
	  2636    0x00 0x04 0x72 0x98                                                              LDA.s16 r3, [p0]
	  2640    0x00 0x00                                                                        NOPX
	  2642    0x00 0x00                                                                        NOPX
	  2644    0x00 0x00                                                                        NOPX
	  2646    0x00 0x00                                                                        NOPX
	  2648    0x00 0x00                                                                        NOPX
	  2650    0x11 0x3a 0x80 0x18                                                                                                                                                        MOVX crRnd, r4
	  2654    0x12 0x12 0xc1 0x8f 0x1d 0x5c                                                                                                                VCONV.bf16.fp32 x1, cml1;     ASHL r3, r3, r24
	  2660    0x19 0x00 0x71 0x78                                                                                                                                                                                      VINSERT.32 x2, x0, #0, r3
	  2664    0x02 0x04 0x92 0xe6 0x91 0xe2 0x01 0x62                                                                                                                                                                  VMOV bmll2, x2;                         VMUL.f dm1, x1, x0, r18
	  2672    0x00 0x00                                                                        NOPX
	  2674    0x00 0x00                                                                        NOPX
	  2676    0x00 0x00                                                                        NOPX
	  2678    0x00 0x00                                                                        NOPX
	  2680    0x00 0x00                                                                        NOPX
	  2682    0x08 0x10 0x96 0x18                                                                                                                          VCONV.bf16.fp32 x0, cml1
	  2686    0x00 0x00                                                                        NOPX
	  2688    0x19 0x01 0x8a 0xf8                                                                                                                                                                                      VCONV.fp32.bf16 cml1, x0
	  2692    0x00 0x00                                                                        NOPX
	  2694    0x18 0xa4 0x12 0xf8                                                                                                                                                                                      VMOV x1, bmll1
	  2698    0x18 0x25 0x12 0xf8                                                                                                                                                                                      VMOV x0, bmlh1
.aggressive_scheduled_block_id 1
.aggressive_scheduled_block_id first
	  2702    0x1b 0x08 0x55 0xd8                                                                                                                                                                                      VSHUFFLE bmhl1, x1, x0, r21
.aggressive_scheduled_block_id 1
.noswbrkpt
	  2706    0x89 0x2c 0x3d 0x48                                                                                                                                                                                                                              VADD.f dm1, dm1, dm3, r17
.aggressive_scheduled_block_id 1
.aggressive_scheduled_block_id last
.nohwbrkpt
.noswbrkpt
	  2710    0x1b 0x06 0x12 0xf8                                                                                                                                                                                      VMOV bmll3, bmhl1
	  2714    0x00 0x00                                                                        NOPX
	  2716    0x00 0x00                                                                        NOPX
	  2718    0x00 0x00                                                                        NOPX
	  2720    0x00 0x00                                                                        NOPX
	  2722    0x18 0x24 0x12 0xf8                                                                                                                                                                                      VMOV x0, bmll1
.aggressive_scheduled_block_id 2
.aggressive_scheduled_block_id first
	  2726    0x1b 0x00 0x09 0xd8                                                                                                                                                                                      VSHUFFLE bmhl1, x0, x0, r2
.aggressive_scheduled_block_id 2
.noswbrkpt
	  2730    0x89 0x2c 0x3d 0x48                                                                                                                                                                                                                              VADD.f dm1, dm1, dm3, r17
.aggressive_scheduled_block_id 2
.aggressive_scheduled_block_id last
.nohwbrkpt
.noswbrkpt
	  2734    0x1b 0x06 0x12 0xf8                                                                                                                                                                                      VMOV bmll3, bmhl1
	  2738    0x00 0x00                                                                        NOPX
	  2740    0x00 0x00                                                                        NOPX
	  2742    0x00 0x00                                                                        NOPX
	  2744    0x00 0x00                                                                        NOPX
.aggressive_scheduled_block_id 3
.aggressive_scheduled_block_id first
	  2746    0x18 0x24 0x12 0xf8                                                                                                                                                                                      VMOV x0, bmll1
.aggressive_scheduled_block_id 3
.noswbrkpt
	  2750    0x00 0x00 0x58 0x66 0x89 0x2c 0x3d 0x62                                                                                                                                                                  VSHUFFLE x0, x0, x0, r22;               VADD.f dm1, dm1, dm3, r17
.aggressive_scheduled_block_id 3
.aggressive_scheduled_block_id last
.nohwbrkpt
.noswbrkpt
	  2758    0x1b 0x00 0x92 0xf8                                                                                                                                                                                      VMOV bmll3, x0
	  2762    0x00 0x00                                                                        NOPX
	  2764    0x00 0x00                                                                        NOPX
	  2766    0x00 0x00                                                                        NOPX
	  2768    0x00 0x00                                                                        NOPX
	  2770    0x18 0x24 0x12 0xf8                                                                                                                                                                                      VMOV x0, bmll1
.aggressive_scheduled_block_id 4
.aggressive_scheduled_block_id first
	  2774    0x1b 0x00 0x3d 0xd8                                                                                                                                                                                      VSHUFFLE bmhl1, x0, x0, r15
.aggressive_scheduled_block_id 4
.noswbrkpt
	  2778    0x89 0x2c 0x3d 0x48                                                                                                                                                                                                                              VADD.f dm1, dm1, dm3, r17
.aggressive_scheduled_block_id 4
.aggressive_scheduled_block_id last
.nohwbrkpt
.noswbrkpt
	  2782    0x1b 0x06 0x12 0xf8                                                                                                                                                                                      VMOV bmll3, bmhl1
	  2786    0x00 0x00                                                                        NOPX
	  2788    0x00 0x00                                                                        NOPX
	  2790    0x00 0x00                                                                        NOPX
	  2792    0x00 0x00                                                                        NOPX
.aggressive_scheduled_block_id 5
.aggressive_scheduled_block_id first
	  2794    0x18 0x24 0x12 0xf8                                                                                                                                                                                      VMOV x0, bmll1
.aggressive_scheduled_block_id 5
.noswbrkpt
	  2798    0x00 0x00 0x04 0x66 0x89 0x2c 0x3d 0x62                                                                                                                                                                  VSHUFFLE x0, x0, x0, r1;                VADD.f dm1, dm1, dm3, r17
.aggressive_scheduled_block_id 5
.aggressive_scheduled_block_id last
.nohwbrkpt
.noswbrkpt
	  2806    0x1b 0x00 0x92 0xf8                                                                                                                                                                                      VMOV bmll3, x0
	  2810    0x00 0x00                                                                        NOPX
	  2812    0x00 0x00                                                                        NOPX
	  2814    0x00 0x00                                                                        NOPX
	  2816    0x00 0x00                                                                        NOPX
	  2818    0x08 0x12 0xc6 0x35 0x00 0x5c                                                                                                                VCONV.bf16.fp32 wl0, bmll1;   MOVX crRnd, #12
	  2824    0x00 0x00                                                                        NOPX
	  2826    0x18 0x81 0x01 0xb8                                                                                                                                                                                      VEXTRACT.16 r2, x0, #0, vaddSign0
	  2830    0x00 0x00                                                                        NOPX
.aggressive_scheduled_block_id 6
.aggressive_scheduled_block_id first
	  2832    0x10 0x85 0x8e 0x98                                                                                                                                                        ASHL r2, r2, r24
.aggressive_scheduled_block_id 6
.noswbrkpt
	  2836    0x00 0x00 0x51 0x66 0x89 0x44 0x3d 0x62                                                                                                                                                                  VINSERT.32 x0, x0, #0, r2;              VADD.f dm1, dm2, dm1, r17
.aggressive_scheduled_block_id 6
.aggressive_scheduled_block_id last
.nohwbrkpt
.noswbrkpt
	  2844    0x19 0x00 0x92 0xf8                                                                                                                                                                                      VMOV bmll1, x0
	  2848    0x00 0x00                                                                        NOPX
.aggressive_scheduled_block_id 7
.aggressive_scheduled_block_id first
	  2850    0x00 0x00                                                                        NOPX
.aggressive_scheduled_block_id 7
.noswbrkpt
	  2852    0x00 0x1c 0x57 0x18                                                              ST.s16 r2, [p0], #2
.aggressive_scheduled_block_id 7
.nohwbrkpt
.noswbrkpt
	  2856    0x14 0x20 0xa0 0x18                                                                                                                                                        JNZD r16, r16, p2
.delay_slot
.aggressive_scheduled_block_id 7
.nohwbrkpt
.noswbrkpt
	  2860    0x08 0x40 0x96 0x18                                                                                                                          VCONV.bf16.fp32 wl0, bmll1
.delay_slot
.aggressive_scheduled_block_id 7
.nohwbrkpt
.noswbrkpt
	  2864    0x1d 0xdb 0xa0 0x18                                                                                                                                                                                      ADD.NC r23, r23, #64
.delay_slot
.aggressive_scheduled_block_id 7
.aggressive_scheduled_block_id last
.nohwbrkpt
.noswbrkpt
	  2868    0x18 0x81 0x01 0xb8                                                                                                                                                                                      VEXTRACT.16 r2, x0, #0, vaddSign0
.delay_slot
.swstall delay_slot
	  2872    0x00 0x00                                                                        NOPX
.delay_slot
.swstall delay_slot
	  2874    0x00 0x00                                                                        NOPX
.loop_nesting 0
	  2876    0x00 0x05 0xc0 0x00 0x00 0x84                                                                                                                                              J #TGT_Fmm_ternary_32x64x128_2944
.delay_slot
.swstall delay_slot
	  2882    0x00 0x00                                                                        NOPX
.delay_slot
.swstall delay_slot
	  2884    0x00 0x00                                                                        NOPX
.delay_slot
.swstall delay_slot
	  2886    0x00 0x00                                                                        NOPX
.delay_slot
.swstall delay_slot
	  2888    0x00 0x00                                                                        NOPX
.delay_slot
.swstall delay_slot
	  2890    0x00 0x2c 0xf0 0x00 0x20 0x3c                                                    NOPA;                         NOPB
.label TGT_Fmm_ternary_32x64x128_2896
	  2896    0x00 0x05 0xc0 0x00 0x00 0x84                                                                                                                                              J #TGT_Fmm_ternary_32x64x128_2944
.delay_slot
	  2902    0x1f 0x76 0xa0 0xf8                                                                                                                                                                                      MOV lr, r13
.delay_slot
.swstall delay_slot
	  2906    0x00 0x00                                                                        NOPX
.delay_slot
.swstall delay_slot
	  2908    0x00 0x00                                                                        NOPX
.delay_slot
.swstall delay_slot
	  2910    0x00 0x00                                                                        NOPX
.delay_slot
.swstall delay_slot
	  2912    0x00 0x2c 0xf0 0x00 0x20 0x01 0x5b 0x00 0x00 0x00 0x01 0xa5 0x78 0x00 0x00 0xe1  NOPA;                         NOPB;                         NOPS;                         NOPX;                         NOPM;                                   NOPV
.label TGT_Fmm_ternary_32x64x128_2928
	  2928    0x00 0x2c 0xf0 0x00 0x20 0x01 0x5b 0x00 0x00 0x03 0xbb 0x50 0x78 0x00 0x00 0xe1  NOPA;                         NOPB;                         NOPS;                         NOPX;                         MOV lr, r13;                            NOPV
.label TGT_Fmm_ternary_32x64x128_2944
	  2944    0x07 0xe1 0x51 0x18                                                              LDA r10, [sp, #-32]
	  2948    0x07 0xe9 0x71 0x18                                                              LDA r11, [sp, #-24]
	  2952    0x07 0xed 0x91 0x18                                                              LDA r12, [sp, #-20]
	  2956    0x07 0xf5 0xb1 0x18                                                              LDA r13, [sp, #-12]
	  2960    0x07 0xfd 0xd1 0x18                                                              LDA r14, [sp, #-4]
	  2964    0x07 0xf9 0xf1 0x18                                                              LDA r15, [sp, #-8]
	  2968    0x07 0xf1 0x31 0x18                                                              LDA r9, [sp, #-16]
	  2972    0x07 0xe5 0x11 0x18                                                              LDA r8, [sp, #-28]
	  2976    0x07 0xdf 0x99 0x18                                                              LDA p7, [sp, #-36]
	  2980    0x10 0x28 0x00 0x18                                                                                                                                                        RET lr
.delay_slot
	  2984    0xff 0xf8 0x00 0x00 0x01 0xc4                                                                                                                                              PADDXM [sp], #-64
.delay_slot
.swstall delay_slot
	  2990    0x00 0x00                                                                        NOPX
.delay_slot
.swstall delay_slot
	  2992    0x00 0x00                                                                        NOPX
.delay_slot
.swstall delay_slot
	  2994    0x00 0x00                                                                        NOPX
.label mm_ternary_32x64x128__end last
.delay_slot
.swstall delay_slot
	  2996    0x00 0x00                                                                        NOPX

.undef global data _ZN12me_primitive11control_rndE

.undef global text memset

.text_segment_name
.text global 10 mm_ternary_reference
.function_start
	     0    0x00 0x10 0x00 0x00 0x04 0x00 0x00 0x00 0x70 0xba                                MOVA r16, #0;                                                                             PADDXM [sp], #128
	    10    0xff 0xbe 0xb8 0x44 0x13 0x5c                                                                                                                ST r15, [sp, #-4];            GE r17, r16, r0
	    16    0x0f 0xf9 0xd5 0x98                                                                                                                          ST r14, [sp, #-8]
	    20    0x0f 0xf1 0xb5 0x98                                                                                                                          ST r13, [sp, #-16]
	    24    0xfd 0x32 0xb0 0x22 0x00 0x86 0x10 0x00 0x61 0x3a                                                                                            ST r12, [sp, #-24];           JNZ r17, #TGT_Fmm_ternary_reference_1072
.delay_slot
	    34    0x0f 0xe5 0x55 0x98                                                                                                                          ST r10, [sp, #-28]
.delay_slot
	    38    0x0f 0xf7 0x9d 0x98                                                                                                                          ST p7, [sp, #-12]
.delay_slot
	    42    0x0f 0xef 0x1d 0x98                                                                                                                          ST p6, [sp, #-20]
.delay_slot
	    46    0x0f 0xd9 0x1d 0x98                                                                                                                          ST p2, [sp, #-40]
.delay_slot
	    50    0x0f 0xc4 0x1d 0x98                                                                                                                          ST p0, [sp, #-60]
	    54    0x02 0x0d 0x07 0xe1 0x75 0x80 0x00 0x00 0x78 0x58 0x10 0x76                      MOVA r13, #16;                                              ST r11, [sp, #-32];           MOVXM ls, #(ZLS_Fmm_ternary_reference_176 + 0)
	    66    0x00 0x2a 0x07 0xdd 0x35 0x80 0x00 0x01 0xb9 0x88 0x10 0x76                      MOVA r10, #1;                                               ST r9, [sp, #-36];            MOVXM le, #(ZLE_Fmm_ternary_reference_784 + 0)
	    78    0x00 0x49 0x07 0xd5 0x15 0xa0 0xe0 0xce 0x08 0x3f 0xc8 0x76                      MOVA r9, #2;                                                ST r8, [sp, #-44];            GE r14, r16, r1;              ADD.NC r16, r0, #-1
	    90    0xff 0x4b 0x07 0xc8 0x35 0x80 0x80 0x6b 0x32 0x60 0x78 0x76                      MOVA r11, #-6;                                              ST r1, [sp, #-56];            MOVX r8, #3;                  MOV p6, p2
	   102    0x00 0x2c 0xf7 0xcc 0x3d 0x83 0xb0 0x60 0x72 0xba                                NOPA;                                                       ST lr, [sp, #-52];                                          MOV p7, p0
	   112    0x00 0x2c 0xf0 0x00 0x27 0xd1 0xd5 0x8f 0xe0 0x01 0x88 0x00 0x10 0x00 0x00 0xe1  NOPA;                         NOPB;                         ST r14, [sp, #-48];           MOVXM r12, #1065353216;                                               NOPV
.label TGT_Fmm_ternary_reference_128
.loop_nesting 1
	   128    0x23 0xc2 0x57 0xba 0x15 0x9c 0x00 0x82 0x10 0x00 0x60 0x76                      LDA.s16 r16, [p1], #2;                                      ST r16, [sp, #-72];           JNZ r14, #TGT_Fmm_ternary_reference_1040
.delay_slot
	   140    0x10 0x1e 0x01 0x18                                                                                                                                                        MOVX r15, #0
.delay_slot
.swstall delay_slot
	   144    0x00 0x00                                                                        NOPX
.delay_slot
.swstall delay_slot
	   146    0x00 0x00                                                                        NOPX
.delay_slot
.swstall delay_slot
	   148    0x00 0x00                                                                        NOPX
.delay_slot
.swstall delay_slot
	   150    0x00 0x00                                                                        NOPX
	   152    0x0f 0xc0 0x9d 0x98                                                                                                                          ST p1, [sp, #-64]
	   156    0x0f 0xb6 0x15 0x98                                                                                                                          ST r16, [sp, #-76]
	   160    0x00 0x2c 0xf0 0x00 0x27 0xbd 0x9d 0x80 0x00 0x02 0xb8 0x50 0x78 0x00 0x00 0xe1  NOPA;                         NOPB;                         ST p3, [sp, #-68];            NOPX;                         MOV lc, r1;                             NOPV
.label ZLS_Fmm_ternary_reference_176
.loop_nesting 2
.begin_of_loop
	   176    0x07 0x1d 0xca 0x98                                                              LDA.u8 r14, [p7], #1
	   180    0x00 0x00                                                                        NOPX
	   182    0x00 0x00                                                                        NOPX
	   184    0x00 0x00                                                                        NOPX
	   186    0x00 0x00                                                                        NOPX
	   188    0x00 0x00                                                                        NOPX
	   190    0x00 0x00                                                                        NOPX
	   192    0x13 0xa0 0x84 0x98                                                                                                                                                        AND r16, r14, r8
	   196    0x12 0x63 0x07 0x98                                                                                                                                                        EQ r17, r9, r16
	   200    0x88 0x00 0x80 0x40 0x01 0x84                                                                                                                                              JNZ r17, #TGT_Fmm_ternary_reference_256
.delay_slot
	   206    0x12 0xa1 0x07 0x98                                                                                                                                                        EQ r16, r10, r16
.delay_slot
.swstall delay_slot
	   210    0x00 0x00                                                                        NOPX
.delay_slot
.swstall delay_slot
	   212    0x00 0x00                                                                        NOPX
.delay_slot
.swstall delay_slot
	   214    0x00 0x00                                                                        NOPX
.delay_slot
	   216    0x18 0x56 0x20 0xf8                                                                                                                                                                                      MOV r1, r12
	   220    0x80 0x00 0x80 0x40 0x01 0x84                                                                                                                                              JNZ r16, #TGT_Fmm_ternary_reference_256
.delay_slot
	   226    0x10 0x02 0x01 0x18                                                                                                                                                        MOVX r1, #0
.delay_slot
.swstall delay_slot
	   230    0x00 0x00                                                                        NOPX
.delay_slot
.swstall delay_slot
	   232    0x00 0x00                                                                        NOPX
.delay_slot
.swstall delay_slot
	   234    0x00 0x00                                                                        NOPX
.delay_slot
.swstall delay_slot
	   236    0x00 0x01 0x67 0x98                                                              NOPA
	   240    0x00 0x2c 0xf0 0x00 0x20 0x01 0x5b 0x2f 0xe0 0x00 0x28 0x00 0x10 0x00 0x00 0xe1  NOPA;                         NOPB;                         NOPS;                         MOVXM r1, #-1082130432;                                               NOPV
.label TGT_Fmm_ternary_reference_256
	   256    0x06 0x1e 0x12 0x98                                                              LDA.s16 r16, [p6], #2
	   260    0x00 0x00                                                                        NOPX
.no_stack_arguments
	   262    0x00 0x00 0x00 0x00 0x01 0x04                                                                                                                                              JL #float32_mul
.delay_slot
.swstall delay_slot
	   268    0x00 0x00                                                                        NOPX
.delay_slot
.swstall delay_slot
	   270    0x00 0x00                                                                        NOPX
.delay_slot
.swstall delay_slot
	   272    0x00 0x00                                                                        NOPX
.delay_slot
.swstall delay_slot
	   274    0x00 0x00                                                                        NOPX
.delay_slot
	   276    0x00 0x2c 0xf0 0x00 0x20 0x20 0x26 0xf4 0x00 0xad 0x81 0x36                      NOPA;                         NOPB;                         NOPS;                         ASHL r2, r16, r13
.return_address
.no_stack_arguments
	   288    0x00 0x00 0x00 0x00 0x01 0x04                                                                                                                                              JL #float32_add
.delay_slot
	   294    0x18 0x50 0x20 0xf8                                                                                                                                                                                      MOV r1, r0
.delay_slot
	   298    0x18 0x97 0xa0 0xf8                                                                                                                                                                                      MOV r2, r15
.delay_slot
	   302    0x17 0xda 0xf9 0x18                                                                                                                                                        MOVX r13, #-2
.delay_slot
.swstall delay_slot
	   306    0x00 0x00                                                                        NOPX
.delay_slot
.swstall delay_slot
	   308    0x00 0x2c 0xf0 0x00 0x20 0x00 0x00 0x00 0x00 0xad 0x81 0x36                      NOPA;                         NOPB;                         NOPS;                         NOPX
.return_address
	   320    0x74 0x1b 0xb0 0xac 0x41 0xe4                                                                                                                                              LSHL r16, r14, r13;           MOV r1, r12
	   326    0x12 0x23 0x04 0x98                                                                                                                                                        AND r17, r8, r16
	   330    0x12 0x61 0x17 0x98                                                                                                                                                        EQ r16, r9, r17
	   334    0x80 0x00 0xc0 0x40 0x01 0x84                                                                                                                                              JNZ r16, #TGT_Fmm_ternary_reference_384
.delay_slot
	   340    0x1b 0xd0 0x20 0xf8                                                                                                                                                                                      MOV r15, r0
.delay_slot
	   344    0x14 0x62 0xa7 0x98                                                                                                                                                        EQ r17, r17, r10
.delay_slot
.swstall delay_slot
	   348    0x00 0x00                                                                        NOPX
.delay_slot
.swstall delay_slot
	   350    0x00 0x00                                                                        NOPX
.delay_slot
.swstall delay_slot
	   352    0x00 0x00                                                                        NOPX
	   354    0x88 0x00 0xc0 0x40 0x01 0x84                                                                                                                                              JNZ r17, #TGT_Fmm_ternary_reference_384
.delay_slot
	   360    0x10 0x02 0x01 0x18                                                                                                                                                        MOVX r1, #0
.delay_slot
.swstall delay_slot
	   364    0x00 0x00                                                                        NOPX
.delay_slot
.swstall delay_slot
	   366    0x00 0x00                                                                        NOPX
.delay_slot
.swstall delay_slot
	   368    0x00 0x00                                                                        NOPX
.delay_slot
.swstall delay_slot
	   370    0x00 0x00                                                                        NOPX
	   372    0x00 0x2c 0xf0 0x00 0x20 0x2f 0xe0 0x00 0x28 0x00 0x10 0xb6                      NOPA;                         NOPB;                                                       MOVXM r1, #-1082130432
.label TGT_Fmm_ternary_reference_384
	   384    0x06 0x1e 0x12 0x98                                                              LDA.s16 r16, [p6], #2
	   388    0x00 0x00                                                                        NOPX
.no_stack_arguments
	   390    0x00 0x00 0x00 0x00 0x01 0x04                                                                                                                                              JL #float32_mul
.delay_slot
	   396    0x10 0x1a 0x41 0x18                                                                                                                                                        MOVX r13, #16
.delay_slot
.swstall delay_slot
	   400    0x00 0x00                                                                        NOPX
.delay_slot
.swstall delay_slot
	   402    0x00 0x00                                                                        NOPX
.delay_slot
.swstall delay_slot
	   404    0x00 0x00                                                                        NOPX
.delay_slot
	   406    0x00 0x2c 0xf0 0x01 0x5b 0x00 0x04 0x04 0xde 0xfa                                NOPA;                                                       NOPS;                         ASHL r2, r16, r13
.return_address
.no_stack_arguments
	   416    0x00 0x00 0x00 0x00 0x01 0x04                                                                                                                                              JL #float32_add
.delay_slot
	   422    0x18 0x97 0xa0 0xf8                                                                                                                                                                                      MOV r2, r15
.delay_slot
	   426    0x18 0x50 0x20 0xf8                                                                                                                                                                                      MOV r1, r0
.delay_slot
	   430    0x17 0xde 0xf1 0x18                                                                                                                                                        MOVX r15, #-4
.delay_slot
.swstall delay_slot
	   434    0x00 0x00                                                                        NOPX
.delay_slot
.swstall delay_slot
	   436    0x00 0x2c 0xf0 0x00 0x20 0x00 0x00 0x00 0x00 0xad 0x81 0x36                      NOPA;                         NOPB;                         NOPS;                         NOPX
.return_address
	   448    0x74 0x1f 0xb0 0xac 0x41 0xe4                                                                                                                                              LSHL r16, r14, r15;           MOV r1, r12
	   454    0x12 0x21 0x04 0x98                                                                                                                                                        AND r16, r8, r16
	   458    0x12 0x63 0x07 0x98                                                                                                                                                        EQ r17, r9, r16
	   462    0x88 0x01 0x00 0x40 0x01 0x84                                                                                                                                              JNZ r17, #TGT_Fmm_ternary_reference_512
.delay_slot
	   468    0x18 0x90 0x20 0xf8                                                                                                                                                                                      MOV r2, r0
.delay_slot
	   472    0x12 0xa1 0x07 0x98                                                                                                                                                        EQ r16, r10, r16
.delay_slot
.swstall delay_slot
	   476    0x00 0x00                                                                        NOPX
.delay_slot
.swstall delay_slot
	   478    0x00 0x00                                                                        NOPX
.delay_slot
.swstall delay_slot
	   480    0x00 0x00                                                                        NOPX
	   482    0x80 0x01 0x00 0x40 0x01 0x84                                                                                                                                              JNZ r16, #TGT_Fmm_ternary_reference_512
.delay_slot
	   488    0x10 0x02 0x01 0x18                                                                                                                                                        MOVX r1, #0
.delay_slot
.swstall delay_slot
	   492    0x00 0x00                                                                        NOPX
.delay_slot
.swstall delay_slot
	   494    0x00 0x00                                                                        NOPX
.delay_slot
.swstall delay_slot
	   496    0x00 0x00                                                                        NOPX
.delay_slot
.swstall delay_slot
	   498    0x00 0x00                                                                        NOPX
	   500    0x00 0x2c 0xf0 0x00 0x20 0x2f 0xe0 0x00 0x28 0x00 0x10 0xb6                      NOPA;                         NOPB;                                                       MOVXM r1, #-1082130432
.label TGT_Fmm_ternary_reference_512
	   512    0xc3 0xc2 0x57 0xa2 0x41 0xd4                                                    LDA.s16 r16, [p6], #2;                                                                                                  MOV r15, r2
	   518    0x00 0x00                                                                        NOPX
.no_stack_arguments
	   520    0x00 0x00 0x00 0x00 0x01 0x04                                                                                                                                              JL #float32_mul
.delay_slot
.swstall delay_slot
	   526    0x00 0x00                                                                        NOPX
.delay_slot
.swstall delay_slot
	   528    0x00 0x00                                                                        NOPX
.delay_slot
.swstall delay_slot
	   530    0x00 0x00                                                                        NOPX
.delay_slot
.swstall delay_slot
	   532    0x00 0x00                                                                        NOPX
.delay_slot
	   534    0x00 0x2c 0xf0 0x01 0x5b 0x00 0x04 0x04 0xde 0xfa                                NOPA;                                                       NOPS;                         ASHL r2, r16, r13
.return_address
.no_stack_arguments
	   544    0x00 0x00 0x00 0x00 0x01 0x04                                                                                                                                              JL #float32_add
.delay_slot
	   550    0x18 0x50 0x20 0xf8                                                                                                                                                                                      MOV r1, r0
.delay_slot
	   554    0x18 0x97 0xa0 0xf8                                                                                                                                                                                      MOV r2, r15
.delay_slot
.swstall delay_slot
	   558    0x00 0x00                                                                        NOPX
.delay_slot
.swstall delay_slot
	   560    0x00 0x00                                                                        NOPX
.delay_slot
.swstall delay_slot
	   562    0x00 0x2c 0xf0 0x02 0xb6 0x00 0x00 0x40 0x1a 0x57 0x00 0x00 0x1c 0x2e            NOPA;                                                       NOPS;                                                       NOPM;                                   NOPV
.return_address
	   576    0x74 0x17 0xb0 0xac 0x41 0xe4                                                                                                                                              LSHL r16, r14, r11;           MOV r1, r12
	   582    0x12 0x63 0x07 0x98                                                                                                                                                        EQ r17, r9, r16
	   586    0x88 0x01 0x40 0x40 0x01 0x84                                                                                                                                              JNZ r17, #TGT_Fmm_ternary_reference_640
.delay_slot
	   592    0x1b 0xd0 0x20 0xf8                                                                                                                                                                                      MOV r15, r0
.delay_slot
	   596    0x12 0xa1 0x07 0x98                                                                                                                                                        EQ r16, r10, r16
.delay_slot
.swstall delay_slot
	   600    0x00 0x00                                                                        NOPX
.delay_slot
.swstall delay_slot
	   602    0x00 0x00                                                                        NOPX
.delay_slot
.swstall delay_slot
	   604    0x00 0x00                                                                        NOPX
	   606    0x80 0x01 0x40 0x40 0x01 0x84                                                                                                                                              JNZ r16, #TGT_Fmm_ternary_reference_640
.delay_slot
	   612    0x10 0x02 0x01 0x18                                                                                                                                                        MOVX r1, #0
.delay_slot
.swstall delay_slot
	   616    0x00 0x00                                                                        NOPX
.delay_slot
.swstall delay_slot
	   618    0x00 0x00                                                                        NOPX
.delay_slot
.swstall delay_slot
	   620    0x00 0x00                                                                        NOPX
.delay_slot
.swstall delay_slot
	   622    0x00 0x00                                                                        NOPX
	   624    0x00 0x2c 0xf0 0x00 0x20 0x01 0x5b 0x2f 0xe0 0x00 0x28 0x00 0x10 0x00 0x00 0xe1  NOPA;                         NOPB;                         NOPS;                         MOVXM r1, #-1082130432;                                               NOPV
.label TGT_Fmm_ternary_reference_640
	   640    0x06 0x1e 0x12 0x98                                                              LDA.s16 r16, [p6], #2
	   644    0x00 0x00                                                                        NOPX
.no_stack_arguments
	   646    0x00 0x00 0x00 0x00 0x01 0x04                                                                                                                                              JL #float32_mul
.delay_slot
.swstall delay_slot
	   652    0x00 0x00                                                                        NOPX
.delay_slot
.swstall delay_slot
	   654    0x00 0x00                                                                        NOPX
.delay_slot
.swstall delay_slot
	   656    0x00 0x00                                                                        NOPX
.delay_slot
.swstall delay_slot
	   658    0x00 0x00                                                                        NOPX
.delay_slot
	   660    0x00 0x2c 0xf0 0x00 0x20 0x20 0x26 0xf4 0x00 0xad 0x81 0x36                      NOPA;                         NOPB;                         NOPS;                         ASHL r2, r16, r13
.return_address
.no_stack_arguments
	   672    0x00 0x2c 0xf0 0x00 0x20 0x01 0x5b 0x00 0x00 0x00 0x00 0x00 0x40 0x00 0x00 0xe1  NOPA;                         NOPB;                         NOPS;                         JL #float32_add;                                                      NOPV
.delay_slot
	   688    0x00 0x2c 0xf0 0x00 0x20 0x01 0x5b 0x00 0x00 0x00 0x4b 0xd0 0x78 0x00 0x00 0xe1  NOPA;                         NOPB;                         NOPS;                         NOPX;                         MOV r2, r15;                            NOPV
.delay_slot
	   704    0x00 0x2c 0xf0 0x00 0x20 0x01 0x5b 0x00 0x00 0x00 0x28 0x10 0x78 0x00 0x00 0xe1  NOPA;                         NOPB;                         NOPS;                         NOPX;                         MOV r1, r0;                             NOPV
.delay_slot
.swstall delay_slot
	   720    0x00 0x2c 0xf0 0x00 0x20 0x01 0x5b 0x00 0x00 0x00 0x01 0xa5 0x78 0x00 0x00 0xe1  NOPA;                         NOPB;                         NOPS;                         NOPX;                         NOPM;                                   NOPV
.delay_slot
.swstall delay_slot
	   736    0x00 0x2c 0xf0 0x00 0x20 0x01 0x5b 0x00 0x00 0x00 0x01 0xa5 0x78 0x00 0x00 0xe1  NOPA;                         NOPB;                         NOPS;                         NOPX;                         NOPM;                                   NOPV
.delay_slot
.swstall delay_slot
	   752    0x00 0x2c 0xf0 0x00 0x20 0x01 0x5b 0x00 0x00 0x00 0x01 0xa5 0x78 0x00 0x00 0xe1  NOPA;                         NOPB;                         NOPS;                         NOPX;                         NOPM;                                   NOPV
.return_address
	   768    0x00 0x2c 0xf0 0x00 0x20 0x01 0x5b 0x00 0x00 0x01 0xe8 0x10 0x78 0x00 0x00 0xe1  NOPA;                         NOPB;                         NOPS;                         NOPX;                         MOV r15, r0;                            NOPV
.label ZLE_Fmm_ternary_reference_784
.end_of_loop
.swstall bsr_to_loop_end
	   784    0x00 0x2c 0xf0 0x00 0x20 0x01 0x5b 0x00 0x00 0x00 0x01 0xa5 0x78 0x00 0x00 0xe1  NOPA;                         NOPB;                         NOPS;                         NOPX;                         NOPM;                                   NOPV
.label TGT_Fmm_ternary_reference_800
.loop_nesting 1
	   800    0x07 0xb6 0x11 0x18                                                              LDA r16, [sp, #-76]
.aggressive_scheduled_block_id 1
.aggressive_scheduled_block_id first
	   804    0x07 0xd1 0xd1 0x18                                                              LDA r14, [sp, #-48]
.aggressive_scheduled_block_id 1
.noswbrkpt
	   808    0x07 0xb9 0xf1 0x18                                                              LDA r15, [sp, #-72]
.aggressive_scheduled_block_id 1
.nohwbrkpt
.noswbrkpt
	   812    0x07 0xdb 0x19 0x18                                                              LDA p6, [sp, #-40]
.aggressive_scheduled_block_id 1
.no_stack_arguments
.nohwbrkpt
.noswbrkpt
	   816    0x00 0x00 0x00 0x00 0x01 0x04                                                                                                                                              JL #float32_mul
.delay_slot
.swstall delay_slot
.aggressive_scheduled_block_id 1
.nohwbrkpt
.noswbrkpt
	   822    0x00 0x00                                                                        NOPX
.delay_slot
.swstall delay_slot
.aggressive_scheduled_block_id 1
.nohwbrkpt
.noswbrkpt
	   824    0x00 0x00                                                                        NOPX
.delay_slot
.aggressive_scheduled_block_id 1
.nohwbrkpt
.noswbrkpt
	   826    0x14 0x04 0xde 0x98                                                                                                                                                        ASHL r2, r16, r13
.delay_slot
.aggressive_scheduled_block_id 1
.aggressive_scheduled_block_id last
.nohwbrkpt
.noswbrkpt
	   830    0x18 0x57 0xa0 0xf8                                                                                                                                                                                      MOV r1, r15
.delay_slot
.swstall delay_slot
	   834    0x00 0x2c 0xf0 0x02 0xb6 0x00 0x00 0x40 0x1a 0x57 0x00 0x00 0x1c 0x2e            NOPA;                                                       NOPS;                                                       NOPM;                                   NOPV
.return_address
	   848    0xf7 0xb3 0x20 0x18 0xd4 0x00 0x00 0x08 0xb8 0xba                                LDA p3, [sp, #-68];                                                                       MOVX crRnd, #12;              VINSERT.32 x0, x0, #0, r0
	   858    0x07 0x90 0x00 0x02 0xd2 0x00 0x00 0x49 0x78 0xba                                MOVA r16, #60;                                                                            MOVX vaddSign0, #1;           VMOV bmll0, x0
	   868    0xf9 0x06 0x20 0x00 0x00 0x00 0x30 0x40 0x10 0xba                                LDA r1, [sp, #-56];                                                                       MOVXM p0, #(TGT_Fmm_ternary_reference_128 + 0)
	   878    0xf8 0xca 0x20 0x80 0x2c 0x0c                                                    LDA r18, [sp, #-60];                                        VCONV.bf16.fp32 wl0, bmll0
	   884    0x07 0xc0 0x99 0x18                                                              LDA p1, [sp, #-64]
	   888    0x1c 0x41 0x01 0xb8                                                                                                                                                                                      VEXTRACT.16 r17, x0, #0, vaddSign0
	   892    0x00 0x00                                                                        NOPX
	   894    0x60 0xc6 0x58 0xcd 0xbd 0x2c                                                    LDA.s16 r17, [p3];                                                                        ASHL r19, r17, r13
	   900    0x18 0x02 0x71 0x78                                                                                                                                                                                      VINSERT.32 x0, x0, #0, r19
	   904    0x18 0x00 0x92 0xf8                                                                                                                                                                                      VMOV bmll0, x0
	   908    0x00 0x00                                                                        NOPX
	   910    0x00 0x00                                                                        NOPX
	   912    0x00 0x00                                                                        NOPX
	   914    0x00 0x00                                                                        NOPX
.aggressive_scheduled_block_id 2
.aggressive_scheduled_block_id first
	   916    0x14 0x62 0xde 0x98                                                                                                                                                        ASHL r17, r17, r13
.aggressive_scheduled_block_id 2
.noswbrkpt
	   920    0x00 0x02 0x31 0x66 0x80 0x20 0x3d 0x62                                                                                                                                                                  VINSERT.32 x0, x0, #0, r17;             VADD.f dm0, dm1, dm0, r16
.aggressive_scheduled_block_id 2
.aggressive_scheduled_block_id last
.nohwbrkpt
.noswbrkpt
	   928    0x19 0x00 0x92 0xf8                                                                                                                                                                                      VMOV bmll1, x0
	   932    0x00 0x00                                                                        NOPX
.aggressive_scheduled_block_id 3
.aggressive_scheduled_block_id first
	   934    0x00 0x00                                                                        NOPX
.aggressive_scheduled_block_id 3
.noswbrkpt
	   936    0x03 0x1e 0x17 0x18                                                              ST.s16 r16, [p3], #2
.aggressive_scheduled_block_id 3
.nohwbrkpt
.noswbrkpt
	   940    0x00 0x00                                                                        NOPX
.aggressive_scheduled_block_id 3
.nohwbrkpt
.noswbrkpt
	   942    0x08 0x40 0x16 0x18                                                                                                                          VCONV.bf16.fp32 wl0, bmll0
.aggressive_scheduled_block_id 3
.nohwbrkpt
.noswbrkpt
	   946    0x00 0x00                                                                        NOPX
.aggressive_scheduled_block_id 3
.aggressive_scheduled_block_id last
.nohwbrkpt
.noswbrkpt
	   948    0x1c 0x01 0x01 0xb8                                                                                                                                                                                      VEXTRACT.16 r16, x0, #0, vaddSign0
	   952    0x00 0x00                                                                        NOPX
	   954    0x13 0xe0 0x20 0x18                                                                                                                                                        JNZD r16, r15, p0
.delay_slot
	   958    0x1f 0x60 0xc9 0x58                                                                                                                                                                                      ADD.NC p7, r1, r18
.delay_slot
	   962    0x0f 0xc7 0x9d 0x98                                                                                                                          ST p7, [sp, #-60]
.delay_slot
.swstall delay_slot
	   966    0x00 0x00                                                                        NOPX
.delay_slot
.swstall delay_slot
	   968    0x00 0x00                                                                        NOPX
.delay_slot
.swstall delay_slot
	   970    0x00 0x2c 0xf0 0x00 0x20 0x3c                                                    NOPA;                         NOPB
.label TGT_Fmm_ternary_reference_976
.loop_nesting 0
	   976    0x07 0xcc 0x39 0x18                                                              LDA lr, [sp, #-52]
	   980    0x07 0xd5 0x11 0x18                                                              LDA r8, [sp, #-44]
	   984    0x07 0xe5 0x51 0x18                                                              LDA r10, [sp, #-28]
	   988    0x07 0xe9 0x91 0x18                                                              LDA r12, [sp, #-24]
	   992    0x07 0xdd 0x31 0x18                                                              LDA r9, [sp, #-36]
	   996    0x07 0xf1 0xb1 0x18                                                              LDA r13, [sp, #-16]
	  1000    0x07 0xf9 0xd1 0x18                                                              LDA r14, [sp, #-8]
	  1004    0x07 0xe1 0x71 0x18                                                              LDA r11, [sp, #-32]
	  1008    0x07 0xfd 0xf1 0x18                                                              LDA r15, [sp, #-4]
	  1012    0x07 0xef 0x19 0x18                                                              LDA p6, [sp, #-20]
	  1016    0x07 0xf7 0x99 0x18                                                              LDA p7, [sp, #-12]
	  1020    0x10 0x28 0x00 0x18                                                                                                                                                        RET lr
.delay_slot
	  1024    0xff 0xf0 0x00 0x00 0x01 0xc4                                                                                                                                              PADDXM [sp], #-128
.delay_slot
.swstall delay_slot
	  1030    0x00 0x00                                                                        NOPX
.delay_slot
.swstall delay_slot
	  1032    0x00 0x00                                                                        NOPX
.delay_slot
.swstall delay_slot
	  1034    0x00 0x00                                                                        NOPX
.delay_slot
.swstall delay_slot
	  1036    0x00 0x01 0x67 0x98                                                              NOPA
.label TGT_Fmm_ternary_reference_1040
.loop_nesting 1
	  1040    0x00 0x01 0x90 0x00 0x00 0x84                                                                                                                                              J #TGT_Fmm_ternary_reference_800
.delay_slot
	  1046    0x0f 0xc0 0x9d 0x98                                                                                                                          ST p1, [sp, #-64]
.delay_slot
	  1050    0x0f 0xb6 0x15 0x98                                                                                                                          ST r16, [sp, #-76]
.delay_slot
.swstall delay_slot
	  1054    0x00 0x00                                                                        NOPX
.delay_slot
.swstall delay_slot
	  1056    0x00 0x00                                                                        NOPX
.delay_slot
	  1058    0x00 0x2c 0xff 0x7b 0x3b 0x00 0x00 0x40 0x1a 0x57 0x00 0x00 0x1c 0x2e            NOPA;                                                       ST p3, [sp, #-68];                                          NOPM;                                   NOPV
.label TGT_Fmm_ternary_reference_1072
.loop_nesting 0
	  1072    0x00 0x01 0xe8 0x00 0x00 0x84                                                                                                                                              J #TGT_Fmm_ternary_reference_976
.delay_slot
	  1078    0x0f 0xe1 0x75 0x98                                                                                                                          ST r11, [sp, #-32]
.delay_slot
	  1082    0x0f 0xdd 0x35 0x98                                                                                                                          ST r9, [sp, #-36]
.delay_slot
	  1086    0x0f 0xd5 0x15 0x98                                                                                                                          ST r8, [sp, #-44]
.delay_slot
	  1090    0x0f 0xcc 0x3d 0x98                                                                                                                          ST lr, [sp, #-52]
.label mm_ternary_reference__end last
.delay_slot
.swstall delay_slot
	  1094    0x00 0x00                                                                        NOPX

.undef global text float32_mul

.undef global text float32_add



.direct_eval +,-,(,)
