
// File generated by darts version V-2024.06#8be6237c82#250729, Wed Jul  8 01:01:06 2026
// Copyright 2014-2024 Synopsys, Inc. All rights reserved.
// darts -I/home/bcloud/torch2aie/toolchain/aietools/data/aie2p/lib -d -h -I/home/bcloud/torch2aie/toolchain/aietools/include -I/home/bcloud/torch2aie/toolchain/aietools/include -I/home/bcloud/torch2aie/toolchain/mlir_aie/include -I/home/bcloud/torch2aie/toolchain/mlir_aie/include/aie_kernels -I/home/bcloud/torch2aie/toolchain/mlir_aie/include/aie_kernels/aie2p -I/home/bcloud/torch2aie/toolchain/aietools/data/aie2p/lib/runtime_cxx/libcxx-lite/include -I/home/bcloud/torch2aie/toolchain/aietools/data/aie2p/lib/runtime_cxx/libs/libcxx-16/include -I/home/bcloud/torch2aie/toolchain/aietools/data/aie2p/lib/runtime_cxx/libs/libcxxabi-16/include -I/home/bcloud/torch2aie/toolchain/aietools/data/aie2p/lib/runtime/include -D__AIENGINE__ -D__AIE_ARCH__=21 -D__AIEARCH__=21 -DDIM_M=32 -DDIM_K_PACKED=64 -DDIM_N=128 -D__tct_tgt__=250729 -L +Ihex +nanno /home/bcloud/1bit-systems/engine/npu/build/build/ternary/mm_ternary_32x64x128.o me

// Release: ipp V-2024.06-TGT-250729
.undef global data _ZN12me_primitive11control_satE

.undef global data _ZN12me_primitive11control_rndE

.text_segment_name
.text global 16 mm_ternary_32x64x128
.function_start
	     0    0x00 0x00 0x02 0x9c 0x8b 0x00 0x02 0x00 0x00 0x00 0x70 0x76                      MOVA r0, #0;                                                MOVS p2, p7;                  PADDXM [sp], #64
	    12    0xff 0xae 0xb0 0x02 0x10 0x09 0x68 0xf0 0x79 0x3a                                                                                            ST r11, [sp, #-4];            MOVX r1, #64;                 MOV r11, lr
	    22    0x13 0x11 0x60 0x03 0x30 0x60 0x70 0x02                                                                                                      MOVS p0, p6;                                                MOV p6, p0
	    30    0xfd 0x3a 0xb0 0x00 0x00 0x00 0x04 0x20 0x11 0x3a                                                                                            ST r14, [sp, #-24];           MOVXM m0, #2112
.no_stack_arguments
	    40    0xfe 0xb6 0xb0 0x00 0x00 0x00 0x00 0x00 0x41 0x3a                                                                                            ST r13, [sp, #-12];           JL #memset
.delay_slot
	    50    0xff 0x32 0xb6 0x0b 0x90 0x03 0xb6 0x60 0x76 0xba                                                              PADDB [p6], m0;               ST r12, [sp, #-8];                                          MOV p7, p6
.delay_slot
	    60    0xfc 0x3e 0xb0 0x01 0xc9 0x60 0x70 0x02                                                                                                      ST r15, [sp, #-32];                                         MOV r14, p1
.delay_slot
	    68    0xfe 0x2a 0xb0 0x01 0xa8 0x60 0x70 0x02                                                                                                      ST r10, [sp, #-16];                                         MOV r13, p0
.delay_slot
	    76    0xfd 0xa2 0xb0 0x01 0x8a 0x60 0x70 0x02                                                                                                      ST r8, [sp, #-20];                                          MOV r12, p2
.delay_slot
	    84    0x00 0x2c 0xf0 0x00 0x20 0x00 0x00 0x03 0xf2 0x9a 0xc1 0x36                      NOPA;                         NOPB;                         ST r9, [sp, #-28];            NOPX
.return_address
	    96    0x03 0xf0 0x00 0x00 0x21 0x8e 0x0b 0x00 0x00 0x00 0x30 0x00 0x10 0x07 0x00 0xe9  MOVA r16, #31;                NOPB;                         MOVS p1, r14;                 MOVXM p0, #_ZN12me_primitive11control_rndE;                           VCLR dm0
	   112    0x00 0xc4 0x52 0x8c 0x0b 0x00 0x00 0x00 0x78 0x80 0x10 0x76                      LDA.s8 r17, [p0];                                           MOVS p2, r12;                 MOVXM ls, #(ZLS_Fmm_ternary_32x64x128_256 + 0)
	   124    0x67 0x92 0x00 0x8d 0x0b 0x00 0x00 0x01 0xbc 0xf0 0x10 0x76                      MOVA r18, #828;                                             MOVS p0, r13;                 MOVXM le, #(ZLE_Fmm_ternary_32x64x128_2528 + 0)
	   136    0x02 0x13 0x00 0x02 0xd2 0x02 0x8f 0x60 0x78 0xba                                MOVA r19, #16;                                                                            MOVX vaddSign0, #1;           MOV r20, p7
	   146    0x00 0x79 0x00 0x01 0xc0 0x4b 0xba 0xd0 0x78 0xba                                MOVA r25, #3;                                                                             MOVX r28, #2;                 MOV lr, r11
	   156    0xff 0xd8 0x00 0x00 0x00 0x00 0x04 0x00 0x10 0xba                                MOVA r24, #-2;                                                                            MOVXM m0, #2048
	   166    0xff 0x97 0x0e 0x17 0x20 0x00 0x00 0x0f 0x6f 0xc0 0x10 0xb6                      MOVA r23, #-4;                PADDB [p7], m0;                                             MOVXM r27, #16256
	   178    0xfd 0x9d 0x2e 0xa0 0x05 0x64                                                                                                                                              MOVX r22, #-6;                MOV r29, #1
	   184    0x02 0xec 0x07 0xde 0x35 0x80 0xb0 0x28 0x70 0x05 0x58 0x76                      MOVA r12, #23;                                              ST r17, [sp, #-36];           MOVX r11, #1;                 MOV s0, #5
	   196    0x00 0xee 0x00 0x00 0x20 0x00 0x91 0x29 0x70 0x18 0x58 0xb6                      MOVA r14, #7;                 NOPB;                                                       MOVX r9, #9;                  MOV s1, #24
	   208    0x00 0xaf 0x00 0x00 0x20 0x01 0x5b 0x00 0x00 0x2c 0x0f 0xc0 0x10 0x00 0x00 0xe1  MOVA r15, #5;                 NOPB;                         NOPS;                         MOVXM r0, #49024;                                                     NOPV
	   224    0x07 0x91 0x00 0x00 0x20 0x01 0x5b 0x00 0x00 0x01 0xb0 0x78 0x10 0x00 0x00 0xe1  MOVA r17, #60;                NOPB;                         NOPS;                         MOVXM p3, #(TGT_Fmm_ternary_32x64x128_240 + 0);                       NOPV
.label TGT_Fmm_ternary_32x64x128_240
.loop_nesting 1
	   240    0xe3 0x86 0x54 0x94 0x0b 0x00 0x09 0x08 0x4d 0x10 0x78 0x76                      LDA.s16 r1, [p7], #2;                                       MOVS p4, r20;                 MOVX lc, #8;                  MOV r2, r20
	   252    0x19 0x00 0x8a 0xf8                                                                                                                                                                                      VMOV cml1, cml0
.label ZLS_Fmm_ternary_32x64x128_256
.loop_nesting 2
.begin_of_loop
	   256    0x04 0x1c 0x6a 0x98                                                              LDA.u8 r3, [p4], #1
	   260    0x00 0x00                                                                        NOPX
	   262    0x00 0x00                                                                        NOPX
	   264    0x00 0x00                                                                        NOPX
	   266    0x00 0x00                                                                        NOPX
	   268    0x00 0x00                                                                        NOPX
	   270    0x00 0x00                                                                        NOPX
	   272    0x10 0xc9 0x94 0x98                                                                                                                                                        AND r4, r3, r25
	   276    0x17 0x0c 0x47 0x98                                                                                                                                                        EQ r6, r28, r4
	   280    0x30 0x00 0xa8 0x40 0x01 0x84                                                                                                                                              JNZ r6, #TGT_Fmm_ternary_32x64x128_336
.delay_slot
	   286    0x19 0x5d 0xa0 0xf8                                                                                                                                                                                      MOV r5, r27
.delay_slot
.swstall delay_slot
	   290    0x00 0x00                                                                        NOPX
.delay_slot
.swstall delay_slot
	   292    0x00 0x00                                                                        NOPX
.delay_slot
.swstall delay_slot
	   294    0x00 0x00                                                                        NOPX
.delay_slot
.swstall delay_slot
	   296    0x00 0x00                                                                        NOPX
	   298    0x12 0xc8 0x48 0x98                                                                                                                                                        NE r4, r11, r4
	   302    0x20 0x00 0xa8 0x40 0x01 0x84                                                                                                                                              JNZ r4, #TGT_Fmm_ternary_32x64x128_336
.delay_slot
	   308    0x19 0x50 0x20 0xf8                                                                                                                                                                                      MOV r5, r0
.delay_slot
.swstall delay_slot
	   312    0x00 0x00                                                                        NOPX
.delay_slot
.swstall delay_slot
	   314    0x00 0x00                                                                        NOPX
.delay_slot
.swstall delay_slot
	   316    0x00 0x00                                                                        NOPX
.delay_slot
.swstall delay_slot
	   318    0x00 0x00                                                                        NOPX
	   320    0x00 0x2c 0xf0 0x00 0x20 0x01 0x5b 0x00 0x50 0x08 0x01 0xa5 0x78 0x00 0x00 0xe1  NOPA;                         NOPB;                         NOPS;                         MOVX r5, #0;                  NOPM;                                   NOPV
.label TGT_Fmm_ternary_32x64x128_336
	   336    0x10 0xc9 0x8d 0x98                                                                                                                                                        LSHL r4, r3, r24
	   340    0x16 0x48 0x44 0x98                                                                                                                                                        AND r4, r25, r4
	   344    0x17 0x0c 0x47 0x98                                                                                                                                                        EQ r6, r28, r4
	   348    0x30 0x00 0xc8 0x40 0x01 0x84                                                                                                                                              JNZ r6, #TGT_Fmm_ternary_32x64x128_400
.delay_slot
	   354    0x18 0x00 0xa9 0x78                                                                                                                                                                                      VINSERT.16 x0, x0, #0, r5
.delay_slot
.swstall delay_slot
	   358    0x00 0x00                                                                        NOPX
.delay_slot
.swstall delay_slot
	   360    0x00 0x00                                                                        NOPX
.delay_slot
.swstall delay_slot
	   362    0x00 0x00                                                                        NOPX
.delay_slot
	   364    0x19 0x5d 0xa0 0xf8                                                                                                                                                                                      MOV r5, r27
	   368    0x12 0xc8 0x48 0x98                                                                                                                                                        NE r4, r11, r4
	   372    0x20 0x00 0xc8 0x40 0x01 0x84                                                                                                                                              JNZ r4, #TGT_Fmm_ternary_32x64x128_400
.delay_slot
	   378    0x19 0x50 0x20 0xf8                                                                                                                                                                                      MOV r5, r0
.delay_slot
.swstall delay_slot
	   382    0x00 0x00                                                                        NOPX
.delay_slot
.swstall delay_slot
	   384    0x00 0x00                                                                        NOPX
.delay_slot
.swstall delay_slot
	   386    0x00 0x00                                                                        NOPX
.delay_slot
.swstall delay_slot
	   388    0x00 0x00                                                                        NOPX
	   390    0x00 0x2c 0xf0 0x01 0x5b 0x00 0x00 0x0a 0x01 0x7a                                NOPA;                                                       NOPS;                         MOVX r5, #0
.label TGT_Fmm_ternary_32x64x128_400
	   400    0x10 0xc9 0x7d 0x98                                                                                                                                                        LSHL r4, r3, r23
	   404    0x16 0x48 0x44 0x98                                                                                                                                                        AND r4, r25, r4
	   408    0x17 0x0c 0x47 0x98                                                                                                                                                        EQ r6, r28, r4
	   412    0x30 0x00 0xe8 0x40 0x01 0x84                                                                                                                                              JNZ r6, #TGT_Fmm_ternary_32x64x128_464
.delay_slot
	   418    0x18 0x04 0xa9 0x78                                                                                                                                                                                      VINSERT.16 x0, x0, r29, r5
.delay_slot
.swstall delay_slot
	   422    0x00 0x00                                                                        NOPX
.delay_slot
.swstall delay_slot
	   424    0x00 0x00                                                                        NOPX
.delay_slot
.swstall delay_slot
	   426    0x00 0x00                                                                        NOPX
.delay_slot
	   428    0x07 0x41 0x22 0xbb 0x41 0xe4                                                                                                                                              MOVX r29, #2;                 MOV r5, r27
	   434    0x12 0xc8 0x48 0x98                                                                                                                                                        NE r4, r11, r4
	   438    0x20 0x00 0xe8 0x40 0x01 0x84                                                                                                                                              JNZ r4, #TGT_Fmm_ternary_32x64x128_464
.delay_slot
	   444    0x19 0x50 0x20 0xf8                                                                                                                                                                                      MOV r5, r0
.delay_slot
.swstall delay_slot
	   448    0x00 0x00                                                                        NOPX
.delay_slot
.swstall delay_slot
	   450    0x00 0x00                                                                        NOPX
.delay_slot
.swstall delay_slot
	   452    0x00 0x00                                                                        NOPX
.delay_slot
.swstall delay_slot
	   454    0x00 0x00                                                                        NOPX
	   456    0x00 0x00 0x50 0x09 0x00 0x00 0x1c 0x22                                                                                                                                    MOVX r5, #0;                                                          NOPV
.label TGT_Fmm_ternary_32x64x128_464
	   464    0x18 0xed 0xb0 0x09 0x52 0xe4                                                                                                                                              LSHL r3, r3, r22;             VINSERT.16 x0, x0, r29, r5
	   470    0x10 0xcb 0xc7 0x98                                                                                                                                                        EQ r5, r3, r28
	   474    0x28 0x01 0x08 0x40 0x01 0x84                                                                                                                                              JNZ r5, #TGT_Fmm_ternary_32x64x128_528
.delay_slot
	   480    0x19 0x1d 0xa0 0xf8                                                                                                                                                                                      MOV r4, r27
.delay_slot
.swstall delay_slot
	   484    0x00 0x00                                                                        NOPX
.delay_slot
.swstall delay_slot
	   486    0x00 0x00                                                                        NOPX
.delay_slot
.swstall delay_slot
	   488    0x00 0x00                                                                        NOPX
.delay_slot
.swstall delay_slot
	   490    0x00 0x00                                                                        NOPX
	   492    0x12 0xc6 0x38 0x98                                                                                                                                                        NE r3, r11, r3
	   496    0x18 0x01 0x08 0x40 0x01 0x84                                                                                                                                              JNZ r3, #TGT_Fmm_ternary_32x64x128_528
.delay_slot
	   502    0x19 0x10 0x20 0xf8                                                                                                                                                                                      MOV r4, r0
.delay_slot
.swstall delay_slot
	   506    0x00 0x00                                                                        NOPX
.delay_slot
.swstall delay_slot
	   508    0x00 0x00                                                                        NOPX
.delay_slot
.swstall delay_slot
	   510    0x00 0x00                                                                        NOPX
.delay_slot
.swstall delay_slot
	   512    0x00 0x00                                                                        NOPX
	   514    0x00 0x2c 0xf0 0x00 0x20 0x08 0x01 0x00 0x34 0xaf 0x00 0x2b 0x60 0x7e            NOPA;                         NOPB;                         NOPS;                         MOVX r4, #0;                  NOPM
.label TGT_Fmm_ternary_32x64x128_528
	   528    0x04 0x1c 0x6a 0x98                                                              LDA.u8 r3, [p4], #1
	   532    0x00 0x00                                                                        NOPX
	   534    0x00 0x00                                                                        NOPX
	   536    0x00 0x00                                                                        NOPX
	   538    0x00 0x00                                                                        NOPX
	   540    0x00 0x00                                                                        NOPX
	   542    0x00 0x00                                                                        NOPX
	   544    0x10 0xcb 0x94 0x98                                                                                                                                                        AND r5, r3, r25
	   548    0x11 0x4d 0xc7 0x98                                                                                                                                                        EQ r6, r5, r28
	   552    0x30 0x01 0x30 0x40 0x01 0x84                                                                                                                                              JNZ r6, #TGT_Fmm_ternary_32x64x128_608
.delay_slot
	   558    0x10 0x3a 0x0d 0x18                                                                                                                                                        MOVX r29, #3
.delay_slot
	   562    0x18 0x04 0x89 0x78                                                                                                                                                                                      VINSERT.16 x0, x0, r29, r4
.delay_slot
.swstall delay_slot
	   566    0x00 0x00                                                                        NOPX
.delay_slot
.swstall delay_slot
	   568    0x00 0x00                                                                        NOPX
.delay_slot
	   570    0x19 0x1d 0xa0 0xf8                                                                                                                                                                                      MOV r4, r27
	   574    0x12 0xca 0x58 0x98                                                                                                                                                        NE r5, r11, r5
	   578    0x28 0x01 0x30 0x40 0x01 0x84                                                                                                                                              JNZ r5, #TGT_Fmm_ternary_32x64x128_608
.delay_slot
	   584    0x19 0x10 0x20 0xf8                                                                                                                                                                                      MOV r4, r0
.delay_slot
.swstall delay_slot
	   588    0x00 0x00                                                                        NOPX
.delay_slot
.swstall delay_slot
	   590    0x00 0x00                                                                        NOPX
.delay_slot
.swstall delay_slot
	   592    0x00 0x00                                                                        NOPX
.delay_slot
.swstall delay_slot
	   594    0x00 0x00                                                                        NOPX
	   596    0x00 0x2c 0xf0 0x00 0x20 0x00 0x40 0x08 0x00 0xad 0x81 0x36                      NOPA;                         NOPB;                         NOPS;                         MOVX r4, #0
.label TGT_Fmm_ternary_32x64x128_608
	   608    0x10 0xcb 0x8d 0x98                                                                                                                                                        LSHL r5, r3, r24
	   612    0x11 0x4b 0x94 0x98                                                                                                                                                        AND r5, r5, r25
	   616    0x11 0x4d 0xc7 0x98                                                                                                                                                        EQ r6, r5, r28
	   620    0x30 0x01 0x50 0x40 0x01 0x84                                                                                                                                              JNZ r6, #TGT_Fmm_ternary_32x64x128_672
.delay_slot
	   626    0x10 0x3a 0x11 0x18                                                                                                                                                        MOVX r29, #4
.delay_slot
	   630    0x18 0x04 0x89 0x78                                                                                                                                                                                      VINSERT.16 x0, x0, r29, r4
.delay_slot
.swstall delay_slot
	   634    0x00 0x00                                                                        NOPX
.delay_slot
.swstall delay_slot
	   636    0x00 0x00                                                                        NOPX
.delay_slot
	   638    0x19 0x1d 0xa0 0xf8                                                                                                                                                                                      MOV r4, r27
	   642    0x12 0xca 0x58 0x98                                                                                                                                                        NE r5, r11, r5
	   646    0x28 0x01 0x50 0x40 0x01 0x84                                                                                                                                              JNZ r5, #TGT_Fmm_ternary_32x64x128_672
.delay_slot
	   652    0x19 0x10 0x20 0xf8                                                                                                                                                                                      MOV r4, r0
.delay_slot
.swstall delay_slot
	   656    0x00 0x00                                                                        NOPX
.delay_slot
.swstall delay_slot
	   658    0x00 0x00                                                                        NOPX
.delay_slot
.swstall delay_slot
	   660    0x00 0x00                                                                        NOPX
.delay_slot
.swstall delay_slot
	   662    0x00 0x00                                                                        NOPX
	   664    0x00 0x00 0x40 0x09 0x00 0x00 0x1c 0x22                                                                                                                                    MOVX r4, #0;                                                          NOPV
.label TGT_Fmm_ternary_32x64x128_672
	   672    0x19 0x6f 0xbe 0xa3 0x81 0xe4                                                                                                                                              LSHL r5, r3, r23;             MOV r29, s0
	   678    0x29 0x32 0x90 0x09 0x12 0xe4                                                                                                                                              AND r4, r5, r25;              VINSERT.16 x0, x0, r29, r4
	   684    0xe1 0x88 0xf2 0xbb 0x41 0xe4                                                                                                                                              EQ r6, r28, r4;               MOV r5, r27
	   690    0x30 0x01 0x70 0x40 0x01 0x84                                                                                                                                              JNZ r6, #TGT_Fmm_ternary_32x64x128_736
.delay_slot
	   696    0x10 0x3a 0x19 0x18                                                                                                                                                        MOVX r29, #6
.delay_slot
.swstall delay_slot
	   700    0x00 0x00                                                                        NOPX
.delay_slot
.swstall delay_slot
	   702    0x00 0x00                                                                        NOPX
.delay_slot
.swstall delay_slot
	   704    0x00 0x00                                                                        NOPX
.delay_slot
.swstall delay_slot
	   706    0x00 0x00                                                                        NOPX
	   708    0x12 0xc8 0x48 0x98                                                                                                                                                        NE r4, r11, r4
	   712    0x20 0x01 0x70 0x40 0x01 0x84                                                                                                                                              JNZ r4, #TGT_Fmm_ternary_32x64x128_736
.delay_slot
	   718    0x19 0x50 0x20 0xf8                                                                                                                                                                                      MOV r5, r0
.delay_slot
.swstall delay_slot
	   722    0x00 0x00                                                                        NOPX
.delay_slot
.swstall delay_slot
	   724    0x00 0x00                                                                        NOPX
.delay_slot
.swstall delay_slot
	   726    0x00 0x00                                                                        NOPX
.delay_slot
.swstall delay_slot
	   728    0x00 0x00                                                                        NOPX
	   730    0x00 0x2c 0xf0 0x14 0x02 0x2c                                                    NOPA;                                                                                     MOVX r5, #0
.label TGT_Fmm_ternary_32x64x128_736
	   736    0x18 0xed 0xb0 0x09 0x52 0xe4                                                                                                                                              LSHL r3, r3, r22;             VINSERT.16 x0, x0, r29, r5
	   742    0x10 0xcb 0xc7 0x98                                                                                                                                                        EQ r5, r3, r28
	   746    0x28 0x01 0x90 0x40 0x01 0x84                                                                                                                                              JNZ r5, #TGT_Fmm_ternary_32x64x128_800
.delay_slot
	   752    0x19 0x1d 0xa0 0xf8                                                                                                                                                                                      MOV r4, r27
.delay_slot
.swstall delay_slot
	   756    0x00 0x00                                                                        NOPX
.delay_slot
.swstall delay_slot
	   758    0x00 0x00                                                                        NOPX
.delay_slot
.swstall delay_slot
	   760    0x00 0x00                                                                        NOPX
.delay_slot
.swstall delay_slot
	   762    0x00 0x00                                                                        NOPX
	   764    0x12 0xc6 0x38 0x98                                                                                                                                                        NE r3, r11, r3
	   768    0x18 0x01 0x90 0x40 0x01 0x84                                                                                                                                              JNZ r3, #TGT_Fmm_ternary_32x64x128_800
.delay_slot
	   774    0x19 0x10 0x20 0xf8                                                                                                                                                                                      MOV r4, r0
.delay_slot
.swstall delay_slot
	   778    0x00 0x00                                                                        NOPX
.delay_slot
.swstall delay_slot
	   780    0x00 0x00                                                                        NOPX
.delay_slot
.swstall delay_slot
	   782    0x00 0x00                                                                        NOPX
.delay_slot
.swstall delay_slot
	   784    0x00 0x00                                                                        NOPX
	   786    0x00 0x2c 0xf0 0x00 0x20 0x08 0x01 0x00 0x34 0xaf 0x00 0x2b 0x60 0x7e            NOPA;                         NOPB;                         NOPS;                         MOVX r4, #0;                  NOPM
.label TGT_Fmm_ternary_32x64x128_800
	   800    0x04 0x1c 0x6a 0x98                                                              LDA.u8 r3, [p4], #1
	   804    0x00 0x00                                                                        NOPX
	   806    0x00 0x00                                                                        NOPX
	   808    0x00 0x00                                                                        NOPX
	   810    0x00 0x00                                                                        NOPX
	   812    0x00 0x00                                                                        NOPX
	   814    0x00 0x00                                                                        NOPX
	   816    0x10 0xcb 0x94 0x98                                                                                                                                                        AND r5, r3, r25
	   820    0x11 0x4d 0xc7 0x98                                                                                                                                                        EQ r6, r5, r28
	   824    0x30 0x01 0xb8 0x40 0x01 0x84                                                                                                                                              JNZ r6, #TGT_Fmm_ternary_32x64x128_880
.delay_slot
	   830    0x10 0x3a 0x1d 0x18                                                                                                                                                        MOVX r29, #7
.delay_slot
	   834    0x18 0x04 0x89 0x78                                                                                                                                                                                      VINSERT.16 x0, x0, r29, r4
.delay_slot
.swstall delay_slot
	   838    0x00 0x00                                                                        NOPX
.delay_slot
.swstall delay_slot
	   840    0x00 0x00                                                                        NOPX
.delay_slot
	   842    0x19 0x1d 0xa0 0xf8                                                                                                                                                                                      MOV r4, r27
	   846    0x12 0xca 0x58 0x98                                                                                                                                                        NE r5, r11, r5
	   850    0x28 0x01 0xb8 0x40 0x01 0x84                                                                                                                                              JNZ r5, #TGT_Fmm_ternary_32x64x128_880
.delay_slot
	   856    0x19 0x10 0x20 0xf8                                                                                                                                                                                      MOV r4, r0
.delay_slot
.swstall delay_slot
	   860    0x00 0x00                                                                        NOPX
.delay_slot
.swstall delay_slot
	   862    0x00 0x00                                                                        NOPX
.delay_slot
.swstall delay_slot
	   864    0x00 0x00                                                                        NOPX
.delay_slot
.swstall delay_slot
	   866    0x00 0x00                                                                        NOPX
	   868    0x00 0x2c 0xf0 0x00 0x20 0x00 0x40 0x08 0x00 0xad 0x81 0x36                      NOPA;                         NOPB;                         NOPS;                         MOVX r4, #0
.label TGT_Fmm_ternary_32x64x128_880
	   880    0x19 0x71 0xbe 0xa0 0x21 0x64                                                                                                                                              LSHL r5, r3, r24;             MOV r29, #8
	   886    0x29 0x72 0x90 0x09 0x12 0xe4                                                                                                                                              AND r5, r5, r25;              VINSERT.16 x0, x0, r29, r4
	   892    0x11 0x49 0xc7 0x98                                                                                                                                                        EQ r4, r5, r28
	   896    0x20 0x01 0xd8 0x40 0x01 0x84                                                                                                                                              JNZ r4, #TGT_Fmm_ternary_32x64x128_944
.delay_slot
	   902    0x19 0x9d 0xa0 0xf8                                                                                                                                                                                      MOV r6, r27
.delay_slot
.swstall delay_slot
	   906    0x00 0x00                                                                        NOPX
.delay_slot
.swstall delay_slot
	   908    0x00 0x00                                                                        NOPX
.delay_slot
.swstall delay_slot
	   910    0x00 0x00                                                                        NOPX
.delay_slot
.swstall delay_slot
	   912    0x00 0x00                                                                        NOPX
	   914    0x12 0xc8 0x58 0x98                                                                                                                                                        NE r4, r11, r5
	   918    0x20 0x01 0xd8 0x40 0x01 0x84                                                                                                                                              JNZ r4, #TGT_Fmm_ternary_32x64x128_944
.delay_slot
	   924    0x19 0x90 0x20 0xf8                                                                                                                                                                                      MOV r6, r0
.delay_slot
.swstall delay_slot
	   928    0x00 0x00                                                                        NOPX
.delay_slot
.swstall delay_slot
	   930    0x00 0x00                                                                        NOPX
.delay_slot
.swstall delay_slot
	   932    0x00 0x00                                                                        NOPX
.delay_slot
.swstall delay_slot
	   934    0x00 0x00                                                                        NOPX
	   936    0x00 0x00 0x60 0x09 0x00 0x00 0x1c 0x22                                                                                                                                    MOVX r6, #0;                                                          NOPV
.label TGT_Fmm_ternary_32x64x128_944
	   944    0x01 0x3d 0x00 0x06 0x4b 0xec 0xae 0xd0 0x78 0xba                                MOVA r29, #9;                                                                             LSHL r4, r3, r23;             MOV r5, r27
	   954    0xc9 0x08 0x90 0x09 0x92 0xe4                                                                                                                                              AND r4, r25, r4;              VINSERT.16 x0, x0, r29, r6
	   960    0x17 0x0c 0x47 0x98                                                                                                                                                        EQ r6, r28, r4
	   964    0x30 0x01 0xf8 0x40 0x01 0x84                                                                                                                                              JNZ r6, #TGT_Fmm_ternary_32x64x128_1008
.delay_slot
	   970    0x10 0x3a 0x29 0x18                                                                                                                                                        MOVX r29, #10
.delay_slot
.swstall delay_slot
	   974    0x00 0x00                                                                        NOPX
.delay_slot
.swstall delay_slot
	   976    0x00 0x00                                                                        NOPX
.delay_slot
.swstall delay_slot
	   978    0x00 0x00                                                                        NOPX
.delay_slot
.swstall delay_slot
	   980    0x00 0x00                                                                        NOPX
	   982    0x12 0xc8 0x48 0x98                                                                                                                                                        NE r4, r11, r4
	   986    0x20 0x01 0xf8 0x40 0x01 0x84                                                                                                                                              JNZ r4, #TGT_Fmm_ternary_32x64x128_1008
.delay_slot
	   992    0x19 0x50 0x20 0xf8                                                                                                                                                                                      MOV r5, r0
.delay_slot
.swstall delay_slot
	   996    0x00 0x00                                                                        NOPX
.delay_slot
.swstall delay_slot
	   998    0x00 0x00                                                                        NOPX
.delay_slot
.swstall delay_slot
	  1000    0x00 0x00                                                                        NOPX
.delay_slot
.swstall delay_slot
	  1002    0x00 0x00                                                                        NOPX
	  1004    0x10 0x0a 0x01 0x18                                                                                                                                                        MOVX r5, #0
.label TGT_Fmm_ternary_32x64x128_1008
	  1008    0x18 0xed 0xb0 0x09 0x52 0xe4                                                                                                                                              LSHL r3, r3, r22;             VINSERT.16 x0, x0, r29, r5
	  1014    0x10 0xcb 0xc7 0x98                                                                                                                                                        EQ r5, r3, r28
	  1018    0x28 0x02 0x18 0x40 0x01 0x84                                                                                                                                              JNZ r5, #TGT_Fmm_ternary_32x64x128_1072
.delay_slot
	  1024    0x19 0x1d 0xa0 0xf8                                                                                                                                                                                      MOV r4, r27
.delay_slot
.swstall delay_slot
	  1028    0x00 0x00                                                                        NOPX
.delay_slot
.swstall delay_slot
	  1030    0x00 0x00                                                                        NOPX
.delay_slot
.swstall delay_slot
	  1032    0x00 0x00                                                                        NOPX
.delay_slot
.swstall delay_slot
	  1034    0x00 0x00                                                                        NOPX
	  1036    0x12 0xc6 0x38 0x98                                                                                                                                                        NE r3, r11, r3
	  1040    0x18 0x02 0x18 0x40 0x01 0x84                                                                                                                                              JNZ r3, #TGT_Fmm_ternary_32x64x128_1072
.delay_slot
	  1046    0x19 0x10 0x20 0xf8                                                                                                                                                                                      MOV r4, r0
.delay_slot
.swstall delay_slot
	  1050    0x00 0x00                                                                        NOPX
.delay_slot
.swstall delay_slot
	  1052    0x00 0x00                                                                        NOPX
.delay_slot
.swstall delay_slot
	  1054    0x00 0x00                                                                        NOPX
.delay_slot
.swstall delay_slot
	  1056    0x00 0x00                                                                        NOPX
	  1058    0x00 0x2c 0xf0 0x00 0x20 0x08 0x01 0x00 0x34 0xaf 0x00 0x2b 0x60 0x7e            NOPA;                         NOPB;                         NOPS;                         MOVX r4, #0;                  NOPM
.label TGT_Fmm_ternary_32x64x128_1072
	  1072    0x04 0x1c 0x6a 0x98                                                              LDA.u8 r3, [p4], #1
	  1076    0x00 0x00                                                                        NOPX
	  1078    0x00 0x00                                                                        NOPX
	  1080    0x00 0x00                                                                        NOPX
	  1082    0x00 0x00                                                                        NOPX
	  1084    0x00 0x00                                                                        NOPX
	  1086    0x00 0x00                                                                        NOPX
	  1088    0x10 0xcb 0x94 0x98                                                                                                                                                        AND r5, r3, r25
	  1092    0x11 0x4d 0xc7 0x98                                                                                                                                                        EQ r6, r5, r28
	  1096    0x30 0x02 0x40 0x40 0x01 0x84                                                                                                                                              JNZ r6, #TGT_Fmm_ternary_32x64x128_1152
.delay_slot
	  1102    0x10 0x3a 0x2d 0x18                                                                                                                                                        MOVX r29, #11
.delay_slot
	  1106    0x18 0x04 0x89 0x78                                                                                                                                                                                      VINSERT.16 x0, x0, r29, r4
.delay_slot
.swstall delay_slot
	  1110    0x00 0x00                                                                        NOPX
.delay_slot
.swstall delay_slot
	  1112    0x00 0x00                                                                        NOPX
.delay_slot
	  1114    0x19 0x1d 0xa0 0xf8                                                                                                                                                                                      MOV r4, r27
	  1118    0x12 0xca 0x58 0x98                                                                                                                                                        NE r5, r11, r5
	  1122    0x28 0x02 0x40 0x40 0x01 0x84                                                                                                                                              JNZ r5, #TGT_Fmm_ternary_32x64x128_1152
.delay_slot
	  1128    0x19 0x10 0x20 0xf8                                                                                                                                                                                      MOV r4, r0
.delay_slot
.swstall delay_slot
	  1132    0x00 0x00                                                                        NOPX
.delay_slot
.swstall delay_slot
	  1134    0x00 0x00                                                                        NOPX
.delay_slot
.swstall delay_slot
	  1136    0x00 0x00                                                                        NOPX
.delay_slot
.swstall delay_slot
	  1138    0x00 0x00                                                                        NOPX
	  1140    0x00 0x2c 0xf0 0x00 0x20 0x00 0x40 0x08 0x00 0xad 0x81 0x36                      NOPA;                         NOPB;                         NOPS;                         MOVX r4, #0
.label TGT_Fmm_ternary_32x64x128_1152
	  1152    0x10 0xcb 0x8d 0x98                                                                                                                                                        LSHL r5, r3, r24
	  1156    0x11 0x4b 0x94 0x98                                                                                                                                                        AND r5, r5, r25
	  1160    0x11 0x4d 0xc7 0x98                                                                                                                                                        EQ r6, r5, r28
	  1164    0x30 0x02 0x60 0x40 0x01 0x84                                                                                                                                              JNZ r6, #TGT_Fmm_ternary_32x64x128_1216
.delay_slot
	  1170    0x10 0x3a 0x31 0x18                                                                                                                                                        MOVX r29, #12
.delay_slot
	  1174    0x18 0x04 0x89 0x78                                                                                                                                                                                      VINSERT.16 x0, x0, r29, r4
.delay_slot
.swstall delay_slot
	  1178    0x00 0x00                                                                        NOPX
.delay_slot
.swstall delay_slot
	  1180    0x00 0x00                                                                        NOPX
.delay_slot
	  1182    0x19 0x1d 0xa0 0xf8                                                                                                                                                                                      MOV r4, r27
	  1186    0x12 0xca 0x58 0x98                                                                                                                                                        NE r5, r11, r5
	  1190    0x28 0x02 0x60 0x40 0x01 0x84                                                                                                                                              JNZ r5, #TGT_Fmm_ternary_32x64x128_1216
.delay_slot
	  1196    0x19 0x10 0x20 0xf8                                                                                                                                                                                      MOV r4, r0
.delay_slot
.swstall delay_slot
	  1200    0x00 0x00                                                                        NOPX
.delay_slot
.swstall delay_slot
	  1202    0x00 0x00                                                                        NOPX
.delay_slot
.swstall delay_slot
	  1204    0x00 0x00                                                                        NOPX
.delay_slot
.swstall delay_slot
	  1206    0x00 0x00                                                                        NOPX
	  1208    0x00 0x00 0x40 0x09 0x00 0x00 0x1c 0x22                                                                                                                                    MOVX r4, #0;                                                          NOPV
.label TGT_Fmm_ternary_32x64x128_1216
	  1216    0x19 0x6f 0xbe 0xa0 0x35 0x64                                                                                                                                              LSHL r5, r3, r23;             MOV r29, #13
	  1222    0x29 0x32 0x90 0x09 0x12 0xe4                                                                                                                                              AND r4, r5, r25;              VINSERT.16 x0, x0, r29, r4
	  1228    0xe1 0x88 0xf2 0xbb 0x41 0xe4                                                                                                                                              EQ r6, r28, r4;               MOV r5, r27
	  1234    0x30 0x02 0x80 0x40 0x01 0x84                                                                                                                                              JNZ r6, #TGT_Fmm_ternary_32x64x128_1280
.delay_slot
	  1240    0x10 0x3a 0x39 0x18                                                                                                                                                        MOVX r29, #14
.delay_slot
.swstall delay_slot
	  1244    0x00 0x00                                                                        NOPX
.delay_slot
.swstall delay_slot
	  1246    0x00 0x00                                                                        NOPX
.delay_slot
.swstall delay_slot
	  1248    0x00 0x00                                                                        NOPX
.delay_slot
.swstall delay_slot
	  1250    0x00 0x00                                                                        NOPX
	  1252    0x12 0xc8 0x48 0x98                                                                                                                                                        NE r4, r11, r4
	  1256    0x20 0x02 0x80 0x40 0x01 0x84                                                                                                                                              JNZ r4, #TGT_Fmm_ternary_32x64x128_1280
.delay_slot
	  1262    0x19 0x50 0x20 0xf8                                                                                                                                                                                      MOV r5, r0
.delay_slot
.swstall delay_slot
	  1266    0x00 0x00                                                                        NOPX
.delay_slot
.swstall delay_slot
	  1268    0x00 0x00                                                                        NOPX
.delay_slot
.swstall delay_slot
	  1270    0x00 0x00                                                                        NOPX
.delay_slot
.swstall delay_slot
	  1272    0x00 0x00                                                                        NOPX
	  1274    0x00 0x2c 0xf0 0x14 0x02 0x2c                                                    NOPA;                                                                                     MOVX r5, #0
.label TGT_Fmm_ternary_32x64x128_1280
	  1280    0x18 0xed 0xb0 0x09 0x52 0xe4                                                                                                                                              LSHL r3, r3, r22;             VINSERT.16 x0, x0, r29, r5
	  1286    0x10 0xcb 0xc7 0x98                                                                                                                                                        EQ r5, r3, r28
	  1290    0x28 0x02 0xa0 0x40 0x01 0x84                                                                                                                                              JNZ r5, #TGT_Fmm_ternary_32x64x128_1344
.delay_slot
	  1296    0x19 0x1d 0xa0 0xf8                                                                                                                                                                                      MOV r4, r27
.delay_slot
.swstall delay_slot
	  1300    0x00 0x00                                                                        NOPX
.delay_slot
.swstall delay_slot
	  1302    0x00 0x00                                                                        NOPX
.delay_slot
.swstall delay_slot
	  1304    0x00 0x00                                                                        NOPX
.delay_slot
.swstall delay_slot
	  1306    0x00 0x00                                                                        NOPX
	  1308    0x12 0xc6 0x38 0x98                                                                                                                                                        NE r3, r11, r3
	  1312    0x18 0x02 0xa0 0x40 0x01 0x84                                                                                                                                              JNZ r3, #TGT_Fmm_ternary_32x64x128_1344
.delay_slot
	  1318    0x19 0x10 0x20 0xf8                                                                                                                                                                                      MOV r4, r0
.delay_slot
.swstall delay_slot
	  1322    0x00 0x00                                                                        NOPX
.delay_slot
.swstall delay_slot
	  1324    0x00 0x00                                                                        NOPX
.delay_slot
.swstall delay_slot
	  1326    0x00 0x00                                                                        NOPX
.delay_slot
.swstall delay_slot
	  1328    0x00 0x00                                                                        NOPX
	  1330    0x00 0x2c 0xf0 0x00 0x20 0x08 0x01 0x00 0x34 0xaf 0x00 0x2b 0x60 0x7e            NOPA;                         NOPB;                         NOPS;                         MOVX r4, #0;                  NOPM
.label TGT_Fmm_ternary_32x64x128_1344
	  1344    0x04 0x1c 0x6a 0x98                                                              LDA.u8 r3, [p4], #1
	  1348    0x00 0x00                                                                        NOPX
	  1350    0x00 0x00                                                                        NOPX
	  1352    0x00 0x00                                                                        NOPX
	  1354    0x00 0x00                                                                        NOPX
	  1356    0x00 0x00                                                                        NOPX
	  1358    0x00 0x00                                                                        NOPX
	  1360    0x10 0xcb 0x94 0x98                                                                                                                                                        AND r5, r3, r25
	  1364    0x11 0x4d 0xc7 0x98                                                                                                                                                        EQ r6, r5, r28
	  1368    0x30 0x02 0xc8 0x40 0x01 0x84                                                                                                                                              JNZ r6, #TGT_Fmm_ternary_32x64x128_1424
.delay_slot
	  1374    0x10 0x3a 0x3d 0x18                                                                                                                                                        MOVX r29, #15
.delay_slot
	  1378    0x18 0x04 0x89 0x78                                                                                                                                                                                      VINSERT.16 x0, x0, r29, r4
.delay_slot
.swstall delay_slot
	  1382    0x00 0x00                                                                        NOPX
.delay_slot
.swstall delay_slot
	  1384    0x00 0x00                                                                        NOPX
.delay_slot
	  1386    0x19 0x1d 0xa0 0xf8                                                                                                                                                                                      MOV r4, r27
	  1390    0x12 0xca 0x58 0x98                                                                                                                                                        NE r5, r11, r5
	  1394    0x28 0x02 0xc8 0x40 0x01 0x84                                                                                                                                              JNZ r5, #TGT_Fmm_ternary_32x64x128_1424
.delay_slot
	  1400    0x19 0x10 0x20 0xf8                                                                                                                                                                                      MOV r4, r0
.delay_slot
.swstall delay_slot
	  1404    0x00 0x00                                                                        NOPX
.delay_slot
.swstall delay_slot
	  1406    0x00 0x00                                                                        NOPX
.delay_slot
.swstall delay_slot
	  1408    0x00 0x00                                                                        NOPX
.delay_slot
.swstall delay_slot
	  1410    0x00 0x00                                                                        NOPX
	  1412    0x00 0x2c 0xf0 0x00 0x20 0x00 0x40 0x08 0x00 0xad 0x81 0x36                      NOPA;                         NOPB;                         NOPS;                         MOVX r4, #0
.label TGT_Fmm_ternary_32x64x128_1424
	  1424    0x10 0xcb 0x8d 0x98                                                                                                                                                        LSHL r5, r3, r24
	  1428    0x11 0x4b 0x94 0x98                                                                                                                                                        AND r5, r5, r25
	  1432    0x11 0x4d 0xc7 0x98                                                                                                                                                        EQ r6, r5, r28
	  1436    0x30 0x02 0xe8 0x40 0x01 0x84                                                                                                                                              JNZ r6, #TGT_Fmm_ternary_32x64x128_1488
.delay_slot
	  1442    0x10 0x3a 0x41 0x18                                                                                                                                                        MOVX r29, #16
.delay_slot
	  1446    0x18 0x04 0x89 0x78                                                                                                                                                                                      VINSERT.16 x0, x0, r29, r4
.delay_slot
.swstall delay_slot
	  1450    0x00 0x00                                                                        NOPX
.delay_slot
.swstall delay_slot
	  1452    0x00 0x00                                                                        NOPX
.delay_slot
	  1454    0x19 0x1d 0xa0 0xf8                                                                                                                                                                                      MOV r4, r27
	  1458    0x12 0xca 0x58 0x98                                                                                                                                                        NE r5, r11, r5
	  1462    0x28 0x02 0xe8 0x40 0x01 0x84                                                                                                                                              JNZ r5, #TGT_Fmm_ternary_32x64x128_1488
.delay_slot
	  1468    0x19 0x10 0x20 0xf8                                                                                                                                                                                      MOV r4, r0
.delay_slot
.swstall delay_slot
	  1472    0x00 0x00                                                                        NOPX
.delay_slot
.swstall delay_slot
	  1474    0x00 0x00                                                                        NOPX
.delay_slot
.swstall delay_slot
	  1476    0x00 0x00                                                                        NOPX
.delay_slot
.swstall delay_slot
	  1478    0x00 0x00                                                                        NOPX
	  1480    0x00 0x00 0x40 0x09 0x00 0x00 0x1c 0x22                                                                                                                                    MOVX r4, #0;                                                          NOPV
.label TGT_Fmm_ternary_32x64x128_1488
	  1488    0x19 0x6f 0xbe 0xa0 0x45 0x64                                                                                                                                              LSHL r5, r3, r23;             MOV r29, #17
	  1494    0x29 0x32 0x90 0x09 0x12 0xe4                                                                                                                                              AND r4, r5, r25;              VINSERT.16 x0, x0, r29, r4
	  1500    0xe1 0x88 0xf2 0xbb 0x41 0xe4                                                                                                                                              EQ r6, r28, r4;               MOV r5, r27
	  1506    0x30 0x03 0x08 0x40 0x01 0x84                                                                                                                                              JNZ r6, #TGT_Fmm_ternary_32x64x128_1552
.delay_slot
	  1512    0x10 0x3a 0x49 0x18                                                                                                                                                        MOVX r29, #18
.delay_slot
.swstall delay_slot
	  1516    0x00 0x00                                                                        NOPX
.delay_slot
.swstall delay_slot
	  1518    0x00 0x00                                                                        NOPX
.delay_slot
.swstall delay_slot
	  1520    0x00 0x00                                                                        NOPX
.delay_slot
.swstall delay_slot
	  1522    0x00 0x00                                                                        NOPX
	  1524    0x12 0xc8 0x48 0x98                                                                                                                                                        NE r4, r11, r4
	  1528    0x20 0x03 0x08 0x40 0x01 0x84                                                                                                                                              JNZ r4, #TGT_Fmm_ternary_32x64x128_1552
.delay_slot
	  1534    0x19 0x50 0x20 0xf8                                                                                                                                                                                      MOV r5, r0
.delay_slot
.swstall delay_slot
	  1538    0x00 0x00                                                                        NOPX
.delay_slot
.swstall delay_slot
	  1540    0x00 0x00                                                                        NOPX
.delay_slot
.swstall delay_slot
	  1542    0x00 0x00                                                                        NOPX
.delay_slot
.swstall delay_slot
	  1544    0x00 0x00                                                                        NOPX
	  1546    0x00 0x2c 0xf0 0x14 0x02 0x2c                                                    NOPA;                                                                                     MOVX r5, #0
.label TGT_Fmm_ternary_32x64x128_1552
	  1552    0x18 0xed 0xb0 0x09 0x52 0xe4                                                                                                                                              LSHL r3, r3, r22;             VINSERT.16 x0, x0, r29, r5
	  1558    0x10 0xcb 0xc7 0x98                                                                                                                                                        EQ r5, r3, r28
	  1562    0x28 0x03 0x28 0x40 0x01 0x84                                                                                                                                              JNZ r5, #TGT_Fmm_ternary_32x64x128_1616
.delay_slot
	  1568    0x19 0x1d 0xa0 0xf8                                                                                                                                                                                      MOV r4, r27
.delay_slot
.swstall delay_slot
	  1572    0x00 0x00                                                                        NOPX
.delay_slot
.swstall delay_slot
	  1574    0x00 0x00                                                                        NOPX
.delay_slot
.swstall delay_slot
	  1576    0x00 0x00                                                                        NOPX
.delay_slot
.swstall delay_slot
	  1578    0x00 0x00                                                                        NOPX
	  1580    0x12 0xc6 0x38 0x98                                                                                                                                                        NE r3, r11, r3
	  1584    0x18 0x03 0x28 0x40 0x01 0x84                                                                                                                                              JNZ r3, #TGT_Fmm_ternary_32x64x128_1616
.delay_slot
	  1590    0x19 0x10 0x20 0xf8                                                                                                                                                                                      MOV r4, r0
.delay_slot
.swstall delay_slot
	  1594    0x00 0x00                                                                        NOPX
.delay_slot
.swstall delay_slot
	  1596    0x00 0x00                                                                        NOPX
.delay_slot
.swstall delay_slot
	  1598    0x00 0x00                                                                        NOPX
.delay_slot
.swstall delay_slot
	  1600    0x00 0x00                                                                        NOPX
	  1602    0x00 0x2c 0xf0 0x00 0x20 0x08 0x01 0x00 0x34 0xaf 0x00 0x2b 0x60 0x7e            NOPA;                         NOPB;                         NOPS;                         MOVX r4, #0;                  NOPM
.label TGT_Fmm_ternary_32x64x128_1616
	  1616    0x83 0x8d 0x5a 0xd1 0x81 0xd4                                                    LDA.u8 r3, [p4], #1;                                                                                                    MOV p5, p4
	  1622    0x00 0x00                                                                        NOPX
	  1624    0x00 0x00                                                                        NOPX
	  1626    0x00 0x00                                                                        NOPX
	  1628    0x00 0x00                                                                        NOPX
	  1630    0x00 0x00                                                                        NOPX
	  1632    0x00 0x00                                                                        NOPX
	  1634    0x10 0xcb 0x94 0x98                                                                                                                                                        AND r5, r3, r25
	  1638    0x11 0x4d 0xc7 0x98                                                                                                                                                        EQ r6, r5, r28
	  1642    0x30 0x03 0x50 0x40 0x01 0x84                                                                                                                                              JNZ r6, #TGT_Fmm_ternary_32x64x128_1696
.delay_slot
	  1648    0x10 0x3a 0x4d 0x18                                                                                                                                                        MOVX r29, #19
.delay_slot
	  1652    0x18 0x04 0x89 0x78                                                                                                                                                                                      VINSERT.16 x0, x0, r29, r4
.delay_slot
.swstall delay_slot
	  1656    0x00 0x00                                                                        NOPX
.delay_slot
.swstall delay_slot
	  1658    0x00 0x00                                                                        NOPX
.delay_slot
	  1660    0x19 0x1d 0xa0 0xf8                                                                                                                                                                                      MOV r4, r27
	  1664    0x12 0xca 0x58 0x98                                                                                                                                                        NE r5, r11, r5
	  1668    0x28 0x03 0x50 0x40 0x01 0x84                                                                                                                                              JNZ r5, #TGT_Fmm_ternary_32x64x128_1696
.delay_slot
	  1674    0x19 0x10 0x20 0xf8                                                                                                                                                                                      MOV r4, r0
.delay_slot
.swstall delay_slot
	  1678    0x00 0x00                                                                        NOPX
.delay_slot
.swstall delay_slot
	  1680    0x00 0x00                                                                        NOPX
.delay_slot
.swstall delay_slot
	  1682    0x00 0x00                                                                        NOPX
.delay_slot
.swstall delay_slot
	  1684    0x00 0x00                                                                        NOPX
	  1686    0x00 0x2c 0xf0 0x01 0x5b 0x00 0x00 0x08 0x01 0x7a                                NOPA;                                                       NOPS;                         MOVX r4, #0
.label TGT_Fmm_ternary_32x64x128_1696
	  1696    0x10 0xcb 0x8d 0x98                                                                                                                                                        LSHL r5, r3, r24
	  1700    0x11 0x4b 0x94 0x98                                                                                                                                                        AND r5, r5, r25
	  1704    0x11 0x4d 0xc7 0x98                                                                                                                                                        EQ r6, r5, r28
	  1708    0x30 0x03 0x70 0x40 0x01 0x84                                                                                                                                              JNZ r6, #TGT_Fmm_ternary_32x64x128_1760
.delay_slot
	  1714    0x10 0x3a 0x51 0x18                                                                                                                                                        MOVX r29, #20
.delay_slot
	  1718    0x18 0x04 0x89 0x78                                                                                                                                                                                      VINSERT.16 x0, x0, r29, r4
.delay_slot
.swstall delay_slot
	  1722    0x00 0x00                                                                        NOPX
.delay_slot
.swstall delay_slot
	  1724    0x00 0x00                                                                        NOPX
.delay_slot
	  1726    0x19 0x1d 0xa0 0xf8                                                                                                                                                                                      MOV r4, r27
	  1730    0x12 0xca 0x58 0x98                                                                                                                                                        NE r5, r11, r5
	  1734    0x28 0x03 0x70 0x40 0x01 0x84                                                                                                                                              JNZ r5, #TGT_Fmm_ternary_32x64x128_1760
.delay_slot
	  1740    0x19 0x10 0x20 0xf8                                                                                                                                                                                      MOV r4, r0
.delay_slot
.swstall delay_slot
	  1744    0x00 0x00                                                                        NOPX
.delay_slot
.swstall delay_slot
	  1746    0x00 0x00                                                                        NOPX
.delay_slot
.swstall delay_slot
	  1748    0x00 0x00                                                                        NOPX
.delay_slot
.swstall delay_slot
	  1750    0x00 0x00                                                                        NOPX
	  1752    0x00 0x00 0x40 0x09 0x00 0x00 0x1c 0x22                                                                                                                                    MOVX r4, #0;                                                          NOPV
.label TGT_Fmm_ternary_32x64x128_1760
	  1760    0x19 0x6f 0xbe 0xa0 0x55 0x64                                                                                                                                              LSHL r5, r3, r23;             MOV r29, #21
	  1766    0x29 0x32 0x90 0x09 0x12 0xe4                                                                                                                                              AND r4, r5, r25;              VINSERT.16 x0, x0, r29, r4
	  1772    0xe1 0x88 0xf2 0xbb 0x41 0xe4                                                                                                                                              EQ r6, r28, r4;               MOV r5, r27
	  1778    0x30 0x03 0x90 0x40 0x01 0x84                                                                                                                                              JNZ r6, #TGT_Fmm_ternary_32x64x128_1824
.delay_slot
	  1784    0x10 0x3a 0x59 0x18                                                                                                                                                        MOVX r29, #22
.delay_slot
.swstall delay_slot
	  1788    0x00 0x00                                                                        NOPX
.delay_slot
.swstall delay_slot
	  1790    0x00 0x00                                                                        NOPX
.delay_slot
.swstall delay_slot
	  1792    0x00 0x00                                                                        NOPX
.delay_slot
.swstall delay_slot
	  1794    0x00 0x00                                                                        NOPX
	  1796    0x12 0xc8 0x48 0x98                                                                                                                                                        NE r4, r11, r4
	  1800    0x20 0x03 0x90 0x40 0x01 0x84                                                                                                                                              JNZ r4, #TGT_Fmm_ternary_32x64x128_1824
.delay_slot
	  1806    0x19 0x50 0x20 0xf8                                                                                                                                                                                      MOV r5, r0
.delay_slot
.swstall delay_slot
	  1810    0x00 0x00                                                                        NOPX
.delay_slot
.swstall delay_slot
	  1812    0x00 0x00                                                                        NOPX
.delay_slot
.swstall delay_slot
	  1814    0x00 0x00                                                                        NOPX
.delay_slot
.swstall delay_slot
	  1816    0x00 0x00                                                                        NOPX
	  1818    0x00 0x2c 0xf0 0x14 0x02 0x2c                                                    NOPA;                                                                                     MOVX r5, #0
.label TGT_Fmm_ternary_32x64x128_1824
	  1824    0x18 0xed 0xb0 0x09 0x52 0xe4                                                                                                                                              LSHL r3, r3, r22;             VINSERT.16 x0, x0, r29, r5
	  1830    0x10 0xcb 0xc7 0x98                                                                                                                                                        EQ r5, r3, r28
	  1834    0x28 0x03 0xb0 0x40 0x01 0x84                                                                                                                                              JNZ r5, #TGT_Fmm_ternary_32x64x128_1888
.delay_slot
	  1840    0x19 0x1d 0xa0 0xf8                                                                                                                                                                                      MOV r4, r27
.delay_slot
.swstall delay_slot
	  1844    0x00 0x00                                                                        NOPX
.delay_slot
.swstall delay_slot
	  1846    0x00 0x00                                                                        NOPX
.delay_slot
.swstall delay_slot
	  1848    0x00 0x00                                                                        NOPX
.delay_slot
.swstall delay_slot
	  1850    0x00 0x00                                                                        NOPX
	  1852    0x12 0xc6 0x38 0x98                                                                                                                                                        NE r3, r11, r3
	  1856    0x18 0x03 0xb0 0x40 0x01 0x84                                                                                                                                              JNZ r3, #TGT_Fmm_ternary_32x64x128_1888
.delay_slot
	  1862    0x19 0x10 0x20 0xf8                                                                                                                                                                                      MOV r4, r0
.delay_slot
.swstall delay_slot
	  1866    0x00 0x00                                                                        NOPX
.delay_slot
.swstall delay_slot
	  1868    0x00 0x00                                                                        NOPX
.delay_slot
.swstall delay_slot
	  1870    0x00 0x00                                                                        NOPX
.delay_slot
.swstall delay_slot
	  1872    0x00 0x00                                                                        NOPX
	  1874    0x00 0x2c 0xf0 0x00 0x20 0x08 0x01 0x00 0x34 0xaf 0x00 0x2b 0x60 0x7e            NOPA;                         NOPB;                         NOPS;                         MOVX r4, #0;                  NOPM
.label TGT_Fmm_ternary_32x64x128_1888
	  1888    0x05 0x14 0x6a 0x98                                                              LDA.u8 r3, [p5, #1]
	  1892    0x00 0x00                                                                        NOPX
	  1894    0x00 0x00                                                                        NOPX
	  1896    0x00 0x00                                                                        NOPX
	  1898    0x00 0x00                                                                        NOPX
	  1900    0x00 0x00                                                                        NOPX
	  1902    0x00 0x00                                                                        NOPX
	  1904    0x10 0xcb 0x94 0x98                                                                                                                                                        AND r5, r3, r25
	  1908    0x11 0x4d 0xc7 0x98                                                                                                                                                        EQ r6, r5, r28
	  1912    0x30 0x03 0xd8 0x40 0x01 0x84                                                                                                                                              JNZ r6, #TGT_Fmm_ternary_32x64x128_1968
.delay_slot
	  1918    0x10 0x3a 0x5d 0x18                                                                                                                                                        MOVX r29, #23
.delay_slot
	  1922    0x18 0x04 0x89 0x78                                                                                                                                                                                      VINSERT.16 x0, x0, r29, r4
.delay_slot
.swstall delay_slot
	  1926    0x00 0x00                                                                        NOPX
.delay_slot
.swstall delay_slot
	  1928    0x00 0x00                                                                        NOPX
.delay_slot
	  1930    0x19 0x1d 0xa0 0xf8                                                                                                                                                                                      MOV r4, r27
	  1934    0x12 0xca 0x58 0x98                                                                                                                                                        NE r5, r11, r5
	  1938    0x28 0x03 0xd8 0x40 0x01 0x84                                                                                                                                              JNZ r5, #TGT_Fmm_ternary_32x64x128_1968
.delay_slot
	  1944    0x19 0x10 0x20 0xf8                                                                                                                                                                                      MOV r4, r0
.delay_slot
.swstall delay_slot
	  1948    0x00 0x00                                                                        NOPX
.delay_slot
.swstall delay_slot
	  1950    0x00 0x00                                                                        NOPX
.delay_slot
.swstall delay_slot
	  1952    0x00 0x00                                                                        NOPX
.delay_slot
.swstall delay_slot
	  1954    0x00 0x00                                                                        NOPX
	  1956    0x00 0x2c 0xf0 0x00 0x20 0x00 0x40 0x08 0x00 0xad 0x81 0x36                      NOPA;                         NOPB;                         NOPS;                         MOVX r4, #0
.label TGT_Fmm_ternary_32x64x128_1968
	  1968    0x19 0x71 0xbe 0xab 0x81 0xe4                                                                                                                                              LSHL r5, r3, r24;             MOV r29, s1
	  1974    0x29 0x32 0x90 0x09 0x12 0xe4                                                                                                                                              AND r4, r5, r25;              VINSERT.16 x0, x0, r29, r4
	  1980    0x17 0x0c 0x47 0x98                                                                                                                                                        EQ r6, r28, r4
	  1984    0x30 0x03 0xf8 0x40 0x01 0x84                                                                                                                                              JNZ r6, #TGT_Fmm_ternary_32x64x128_2032
.delay_slot
	  1990    0x19 0x5d 0xa0 0xf8                                                                                                                                                                                      MOV r5, r27
.delay_slot
.swstall delay_slot
	  1994    0x00 0x00                                                                        NOPX
.delay_slot
.swstall delay_slot
	  1996    0x00 0x00                                                                        NOPX
.delay_slot
.swstall delay_slot
	  1998    0x00 0x00                                                                        NOPX
.delay_slot
.swstall delay_slot
	  2000    0x00 0x00                                                                        NOPX
	  2002    0x12 0xc8 0x48 0x98                                                                                                                                                        NE r4, r11, r4
	  2006    0x20 0x03 0xf8 0x40 0x01 0x84                                                                                                                                              JNZ r4, #TGT_Fmm_ternary_32x64x128_2032
.delay_slot
	  2012    0x19 0x50 0x20 0xf8                                                                                                                                                                                      MOV r5, r0
.delay_slot
.swstall delay_slot
	  2016    0x00 0x00                                                                        NOPX
.delay_slot
.swstall delay_slot
	  2018    0x00 0x00                                                                        NOPX
.delay_slot
.swstall delay_slot
	  2020    0x00 0x00                                                                        NOPX
.delay_slot
.swstall delay_slot
	  2022    0x00 0x00                                                                        NOPX
	  2024    0x00 0x00 0x50 0x09 0x00 0x00 0x1c 0x22                                                                                                                                    MOVX r5, #0;                                                          NOPV
.label TGT_Fmm_ternary_32x64x128_2032
	  2032    0x10 0xc9 0x7d 0x98                                                                                                                                                        LSHL r4, r3, r23
	  2036    0x16 0x48 0x44 0x98                                                                                                                                                        AND r4, r25, r4
	  2040    0x17 0x0c 0x47 0x98                                                                                                                                                        EQ r6, r28, r4
	  2044    0x30 0x04 0x18 0x40 0x01 0x84                                                                                                                                              JNZ r6, #TGT_Fmm_ternary_32x64x128_2096
.delay_slot
	  2050    0x10 0x3a 0x65 0x18                                                                                                                                                        MOVX r29, #25
.delay_slot
	  2054    0x18 0x04 0xa9 0x78                                                                                                                                                                                      VINSERT.16 x0, x0, r29, r5
.delay_slot
.swstall delay_slot
	  2058    0x00 0x00                                                                        NOPX
.delay_slot
.swstall delay_slot
	  2060    0x00 0x00                                                                        NOPX
.delay_slot
	  2062    0x07 0x4d 0x22 0xbb 0x41 0xe4                                                                                                                                              MOVX r29, #26;                MOV r5, r27
	  2068    0x12 0xc8 0x48 0x98                                                                                                                                                        NE r4, r11, r4
	  2072    0x20 0x04 0x18 0x40 0x01 0x84                                                                                                                                              JNZ r4, #TGT_Fmm_ternary_32x64x128_2096
.delay_slot
	  2078    0x19 0x50 0x20 0xf8                                                                                                                                                                                      MOV r5, r0
.delay_slot
.swstall delay_slot
	  2082    0x00 0x00                                                                        NOPX
.delay_slot
.swstall delay_slot
	  2084    0x00 0x00                                                                        NOPX
.delay_slot
.swstall delay_slot
	  2086    0x00 0x00                                                                        NOPX
.delay_slot
.swstall delay_slot
	  2088    0x00 0x00                                                                        NOPX
	  2090    0x00 0x2c 0xf0 0x14 0x02 0x2c                                                    NOPA;                                                                                     MOVX r5, #0
.label TGT_Fmm_ternary_32x64x128_2096
	  2096    0x18 0xed 0xb0 0x09 0x52 0xe4                                                                                                                                              LSHL r3, r3, r22;             VINSERT.16 x0, x0, r29, r5
	  2102    0x10 0xcb 0xc7 0x98                                                                                                                                                        EQ r5, r3, r28
	  2106    0x28 0x04 0x38 0x40 0x01 0x84                                                                                                                                              JNZ r5, #TGT_Fmm_ternary_32x64x128_2160
.delay_slot
	  2112    0x19 0x1d 0xa0 0xf8                                                                                                                                                                                      MOV r4, r27
.delay_slot
.swstall delay_slot
	  2116    0x00 0x00                                                                        NOPX
.delay_slot
.swstall delay_slot
	  2118    0x00 0x00                                                                        NOPX
.delay_slot
.swstall delay_slot
	  2120    0x00 0x00                                                                        NOPX
.delay_slot
.swstall delay_slot
	  2122    0x00 0x00                                                                        NOPX
	  2124    0x12 0xc6 0x38 0x98                                                                                                                                                        NE r3, r11, r3
	  2128    0x18 0x04 0x38 0x40 0x01 0x84                                                                                                                                              JNZ r3, #TGT_Fmm_ternary_32x64x128_2160
.delay_slot
	  2134    0x19 0x10 0x20 0xf8                                                                                                                                                                                      MOV r4, r0
.delay_slot
.swstall delay_slot
	  2138    0x00 0x00                                                                        NOPX
.delay_slot
.swstall delay_slot
	  2140    0x00 0x00                                                                        NOPX
.delay_slot
.swstall delay_slot
	  2142    0x00 0x00                                                                        NOPX
.delay_slot
.swstall delay_slot
	  2144    0x00 0x00                                                                        NOPX
	  2146    0x00 0x2c 0xf0 0x00 0x20 0x08 0x01 0x00 0x34 0xaf 0x00 0x2b 0x60 0x7e            NOPA;                         NOPB;                         NOPS;                         MOVX r4, #0;                  NOPM
.label TGT_Fmm_ternary_32x64x128_2160
	  2160    0x82 0x8d 0x50 0x74 0xda 0x2c                                                    LDA.u8 r3, [p4, #1];                                                                      MOVX r29, #27
	  2166    0x18 0x04 0x89 0x78                                                                                                                                                                                      VINSERT.16 x0, x0, r29, r4
	  2170    0x00 0x00                                                                        NOPX
	  2172    0x00 0x00                                                                        NOPX
	  2174    0x00 0x00                                                                        NOPX
	  2176    0x00 0x00                                                                        NOPX
	  2178    0x00 0x00                                                                        NOPX
	  2180    0x10 0xc9 0x94 0x98                                                                                                                                                        AND r4, r3, r25
	  2184    0x17 0x0c 0x47 0x98                                                                                                                                                        EQ r6, r28, r4
	  2188    0x30 0x04 0x60 0x40 0x01 0x84                                                                                                                                              JNZ r6, #TGT_Fmm_ternary_32x64x128_2240
.delay_slot
	  2194    0x19 0x5d 0xa0 0xf8                                                                                                                                                                                      MOV r5, r27
.delay_slot
.swstall delay_slot
	  2198    0x00 0x00                                                                        NOPX
.delay_slot
.swstall delay_slot
	  2200    0x00 0x00                                                                        NOPX
.delay_slot
.swstall delay_slot
	  2202    0x00 0x00                                                                        NOPX
.delay_slot
.swstall delay_slot
	  2204    0x00 0x00                                                                        NOPX
	  2206    0x12 0xc8 0x48 0x98                                                                                                                                                        NE r4, r11, r4
	  2210    0x20 0x04 0x60 0x40 0x01 0x84                                                                                                                                              JNZ r4, #TGT_Fmm_ternary_32x64x128_2240
.delay_slot
	  2216    0x19 0x50 0x20 0xf8                                                                                                                                                                                      MOV r5, r0
.delay_slot
.swstall delay_slot
	  2220    0x00 0x00                                                                        NOPX
.delay_slot
.swstall delay_slot
	  2222    0x00 0x00                                                                        NOPX
.delay_slot
.swstall delay_slot
	  2224    0x00 0x00                                                                        NOPX
.delay_slot
.swstall delay_slot
	  2226    0x00 0x00                                                                        NOPX
	  2228    0x00 0x2c 0xf0 0x00 0x20 0x00 0x50 0x08 0x00 0xad 0x81 0x36                      NOPA;                         NOPB;                         NOPS;                         MOVX r5, #0
.label TGT_Fmm_ternary_32x64x128_2240
	  2240    0x10 0xc9 0x8d 0x98                                                                                                                                                        LSHL r4, r3, r24
	  2244    0x16 0x48 0x44 0x98                                                                                                                                                        AND r4, r25, r4
	  2248    0x17 0x0c 0x47 0x98                                                                                                                                                        EQ r6, r28, r4
	  2252    0x30 0x04 0x80 0x40 0x01 0x84                                                                                                                                              JNZ r6, #TGT_Fmm_ternary_32x64x128_2304
.delay_slot
.swstall delay_slot
	  2258    0x00 0x00                                                                        NOPX
.delay_slot
.swstall delay_slot
	  2260    0x00 0x00                                                                        NOPX
.delay_slot
	  2262    0x10 0x3a 0x71 0x18                                                                                                                                                        MOVX r29, #28
.delay_slot
	  2266    0x18 0x04 0xa9 0x78                                                                                                                                                                                      VINSERT.16 x0, x0, r29, r5
.delay_slot
	  2270    0x19 0x5d 0xa0 0xf8                                                                                                                                                                                      MOV r5, r27
	  2274    0x12 0xc8 0x48 0x98                                                                                                                                                        NE r4, r11, r4
	  2278    0x20 0x04 0x80 0x40 0x01 0x84                                                                                                                                              JNZ r4, #TGT_Fmm_ternary_32x64x128_2304
.delay_slot
	  2284    0x19 0x50 0x20 0xf8                                                                                                                                                                                      MOV r5, r0
.delay_slot
.swstall delay_slot
	  2288    0x00 0x00                                                                        NOPX
.delay_slot
.swstall delay_slot
	  2290    0x00 0x00                                                                        NOPX
.delay_slot
.swstall delay_slot
	  2292    0x00 0x00                                                                        NOPX
.delay_slot
.swstall delay_slot
	  2294    0x00 0x00                                                                        NOPX
	  2296    0x00 0x00 0x50 0x09 0x00 0x00 0x1c 0x22                                                                                                                                    MOVX r5, #0;                                                          NOPV
.label TGT_Fmm_ternary_32x64x128_2304
	  2304    0x10 0xc9 0x7d 0x98                                                                                                                                                        LSHL r4, r3, r23
	  2308    0x16 0x48 0x44 0x98                                                                                                                                                        AND r4, r25, r4
	  2312    0x17 0x0c 0x47 0x98                                                                                                                                                        EQ r6, r28, r4
	  2316    0x30 0x04 0xa0 0x40 0x01 0x84                                                                                                                                              JNZ r6, #TGT_Fmm_ternary_32x64x128_2368
.delay_slot
	  2322    0x10 0x3a 0x75 0x18                                                                                                                                                        MOVX r29, #29
.delay_slot
	  2326    0x18 0x04 0xa9 0x78                                                                                                                                                                                      VINSERT.16 x0, x0, r29, r5
.delay_slot
.swstall delay_slot
	  2330    0x00 0x00                                                                        NOPX
.delay_slot
.swstall delay_slot
	  2332    0x00 0x00                                                                        NOPX
.delay_slot
	  2334    0x07 0x4f 0x22 0xbb 0x41 0xe4                                                                                                                                              MOVX r29, #30;                MOV r5, r27
	  2340    0x12 0xc8 0x48 0x98                                                                                                                                                        NE r4, r11, r4
	  2344    0x20 0x04 0xa0 0x40 0x01 0x84                                                                                                                                              JNZ r4, #TGT_Fmm_ternary_32x64x128_2368
.delay_slot
	  2350    0x19 0x50 0x20 0xf8                                                                                                                                                                                      MOV r5, r0
.delay_slot
.swstall delay_slot
	  2354    0x00 0x00                                                                        NOPX
.delay_slot
.swstall delay_slot
	  2356    0x00 0x00                                                                        NOPX
.delay_slot
.swstall delay_slot
	  2358    0x00 0x00                                                                        NOPX
.delay_slot
.swstall delay_slot
	  2360    0x00 0x00                                                                        NOPX
	  2362    0x00 0x2c 0xf0 0x14 0x02 0x2c                                                    NOPA;                                                                                     MOVX r5, #0
.label TGT_Fmm_ternary_32x64x128_2368
	  2368    0x18 0xed 0xb0 0x09 0x52 0xe4                                                                                                                                              LSHL r3, r3, r22;             VINSERT.16 x0, x0, r29, r5
	  2374    0x19 0x78 0xf2 0x3b 0x41 0xe4                                                                                                                                              EQ r5, r3, r28;               MOV r4, r27
	  2380    0x28 0x04 0xc0 0x40 0x01 0x84                                                                                                                                              JNZ r5, #TGT_Fmm_ternary_32x64x128_2432
.delay_slot
	  2386    0x10 0x3a 0x7d 0x18                                                                                                                                                        MOVX r29, #31
.delay_slot
.swstall delay_slot
	  2390    0x00 0x00                                                                        NOPX
.delay_slot
.swstall delay_slot
	  2392    0x00 0x00                                                                        NOPX
.delay_slot
.swstall delay_slot
	  2394    0x00 0x00                                                                        NOPX
.delay_slot
.swstall delay_slot
	  2396    0x00 0x00                                                                        NOPX
	  2398    0x12 0xc6 0x38 0x98                                                                                                                                                        NE r3, r11, r3
	  2402    0x18 0x04 0xc0 0x40 0x01 0x84                                                                                                                                              JNZ r3, #TGT_Fmm_ternary_32x64x128_2432
.delay_slot
	  2408    0x19 0x10 0x20 0xf8                                                                                                                                                                                      MOV r4, r0
.delay_slot
.swstall delay_slot
	  2412    0x00 0x00                                                                        NOPX
.delay_slot
.swstall delay_slot
	  2414    0x00 0x00                                                                        NOPX
.delay_slot
.swstall delay_slot
	  2416    0x00 0x00                                                                        NOPX
.delay_slot
.swstall delay_slot
	  2418    0x00 0x00                                                                        NOPX
	  2420    0x00 0x2c 0xf0 0x00 0x20 0x00 0x40 0x08 0x00 0xad 0x81 0x36                      NOPA;                         NOPB;                         NOPS;                         MOVX r4, #0
.label TGT_Fmm_ternary_32x64x128_2432
	  2432    0x00 0x3d 0x0c 0x38 0xe8 0x04 0x21 0x18 0x02 0x44 0xb8 0xb6                      MOVA r29, #1;                 VLDB x1, [p6], #64;                                         ADD r2, r2, #8;               VINSERT.16 x0, x0, r29, r4
	  2444    0x1c 0x61 0x20 0xf8                                                                                                                                                                                      MOV p4, r2
	  2448    0x00 0x00                                                                        NOPX
	  2450    0x00 0x00                                                                        NOPX
	  2452    0x00 0x00                                                                        NOPX
	  2454    0x00 0x2c 0xf0 0x00 0x10 0x00 0x01 0xa5 0x7e 0xba                                NOPA;                         NOPB;                                                                                     NOPM
	  2464    0x00 0x2c 0xf0 0x00 0x20 0x01 0x5b 0x00 0x00 0x00 0x01 0xa5 0x78 0x00 0x00 0xe1  NOPA;                         NOPB;                         NOPS;                         NOPX;                         NOPM;                                   NOPV
	  2480    0x00 0x2c 0xf0 0x00 0x20 0x01 0x5b 0x00 0x00 0x00 0x01 0xa5 0x7c 0x97 0x01 0x0b  NOPA;                         NOPB;                         NOPS;                         NOPX;                         NOPM;                                   VMUL.f dm2, x0, x1, r18
	  2496    0x00 0x2c 0xf0 0x00 0x20 0x01 0x5b 0x00 0x00 0x00 0x01 0xa5 0x78 0x00 0x00 0xe1  NOPA;                         NOPB;                         NOPS;                         NOPX;                         NOPM;                                   NOPV
	  2512    0x00 0x2c 0xf0 0x00 0x20 0x01 0x5b 0x00 0x00 0x00 0x01 0xa5 0x78 0x00 0x00 0xe1  NOPA;                         NOPB;                         NOPS;                         NOPX;                         NOPM;                                   NOPV
.label ZLE_Fmm_ternary_32x64x128_2528
.end_of_loop
	  2528    0x00 0x2c 0xf0 0x00 0x20 0x01 0x5b 0x00 0x00 0x00 0x01 0xa5 0x7c 0x49 0x41 0xeb  NOPA;                         NOPB;                         NOPS;                         NOPX;                         NOPM;                                   VADD.f dm1, dm1, dm2, r17
.loop_nesting 1
	  2544    0xfb 0x8e 0x2d 0x1f 0x20 0x00 0x11 0x68 0x02 0xb9 0x78 0xb6                      LDA r3, [sp, #-36];           PADDB [p6], #-512;                                          MOVX r1, #11;                 VBCST.16 x0, r1
	  2556    0x01 0x04 0x52 0x98                                                              LDA.s16 r2, [p1]
	  2560    0x00 0x00                                                                        NOPX
	  2562    0x00 0x00                                                                        NOPX
	  2564    0x00 0x00                                                                        NOPX
	  2566    0x00 0x00                                                                        NOPX
	  2568    0x00 0x00                                                                        NOPX
	  2570    0x10 0xfa 0x80 0x18                                                                                                                                                        MOVX crRnd, r3
	  2574    0x12 0x12 0xc1 0x0a 0x7d 0x5c                                                                                                                VCONV.bf16.fp32 x1, cml1;     ASHL r2, r2, r19
	  2580    0x19 0x00 0x51 0x78                                                                                                                                                                                      VINSERT.32 x2, x0, #0, r2
	  2584    0x02 0x04 0x92 0xe6 0x91 0xe2 0x01 0x62                                                                                                                                                                  VMOV bmll2, x2;                         VMUL.f dm1, x1, x0, r18
	  2592    0x00 0x00                                                                        NOPX
	  2594    0x00 0x00                                                                        NOPX
	  2596    0x00 0x00                                                                        NOPX
	  2598    0x00 0x00                                                                        NOPX
	  2600    0x00 0x00                                                                        NOPX
	  2602    0x08 0x10 0x96 0x18                                                                                                                          VCONV.bf16.fp32 x0, cml1
	  2606    0x00 0x00                                                                        NOPX
	  2608    0x19 0x01 0x8a 0xf8                                                                                                                                                                                      VCONV.fp32.bf16 cml1, x0
	  2612    0x00 0x00                                                                        NOPX
	  2614    0x18 0xa4 0x12 0xf8                                                                                                                                                                                      VMOV x1, bmll1
	  2618    0x18 0x25 0x12 0xf8                                                                                                                                                                                      VMOV x0, bmlh1
.aggressive_scheduled_block_id 1
.aggressive_scheduled_block_id first
	  2622    0x1b 0x08 0x31 0xd8                                                                                                                                                                                      VSHUFFLE bmhl1, x1, x0, r12
.aggressive_scheduled_block_id 1
.noswbrkpt
	  2626    0x89 0x2c 0x3d 0x48                                                                                                                                                                                                                              VADD.f dm1, dm1, dm3, r17
.aggressive_scheduled_block_id 1
.aggressive_scheduled_block_id last
.nohwbrkpt
.noswbrkpt
	  2630    0x1b 0x06 0x12 0xf8                                                                                                                                                                                      VMOV bmll3, bmhl1
	  2634    0x00 0x00                                                                        NOPX
	  2636    0x00 0x00                                                                        NOPX
	  2638    0x00 0x00                                                                        NOPX
	  2640    0x00 0x00                                                                        NOPX
	  2642    0x18 0x24 0x12 0xf8                                                                                                                                                                                      VMOV x0, bmll1
.aggressive_scheduled_block_id 2
.aggressive_scheduled_block_id first
	  2646    0x1b 0x00 0x05 0xd8                                                                                                                                                                                      VSHUFFLE bmhl1, x0, x0, r1
.aggressive_scheduled_block_id 2
.noswbrkpt
	  2650    0x89 0x2c 0x3d 0x48                                                                                                                                                                                                                              VADD.f dm1, dm1, dm3, r17
.aggressive_scheduled_block_id 2
.aggressive_scheduled_block_id last
.nohwbrkpt
.noswbrkpt
	  2654    0x1b 0x06 0x12 0xf8                                                                                                                                                                                      VMOV bmll3, bmhl1
	  2658    0x00 0x00                                                                        NOPX
	  2660    0x00 0x00                                                                        NOPX
	  2662    0x00 0x00                                                                        NOPX
	  2664    0x00 0x00                                                                        NOPX
.aggressive_scheduled_block_id 3
.aggressive_scheduled_block_id first
	  2666    0x18 0x24 0x12 0xf8                                                                                                                                                                                      VMOV x0, bmll1
.aggressive_scheduled_block_id 3
.noswbrkpt
	  2670    0x00 0x00 0x24 0x66 0x89 0x2c 0x3d 0x62                                                                                                                                                                  VSHUFFLE x0, x0, x0, r9;                VADD.f dm1, dm1, dm3, r17
.aggressive_scheduled_block_id 3
.aggressive_scheduled_block_id last
.nohwbrkpt
.noswbrkpt
	  2678    0x1b 0x00 0x92 0xf8                                                                                                                                                                                      VMOV bmll3, x0
	  2682    0x00 0x00                                                                        NOPX
	  2684    0x00 0x00                                                                        NOPX
	  2686    0x00 0x00                                                                        NOPX
	  2688    0x00 0x00                                                                        NOPX
	  2690    0x18 0x24 0x12 0xf8                                                                                                                                                                                      VMOV x0, bmll1
.aggressive_scheduled_block_id 4
.aggressive_scheduled_block_id first
	  2694    0x1b 0x00 0x39 0xd8                                                                                                                                                                                      VSHUFFLE bmhl1, x0, x0, r14
.aggressive_scheduled_block_id 4
.noswbrkpt
	  2698    0x89 0x2c 0x3d 0x48                                                                                                                                                                                                                              VADD.f dm1, dm1, dm3, r17
.aggressive_scheduled_block_id 4
.aggressive_scheduled_block_id last
.nohwbrkpt
.noswbrkpt
	  2702    0x1b 0x06 0x12 0xf8                                                                                                                                                                                      VMOV bmll3, bmhl1
	  2706    0x00 0x00                                                                        NOPX
	  2708    0x00 0x00                                                                        NOPX
	  2710    0x00 0x00                                                                        NOPX
	  2712    0x00 0x00                                                                        NOPX
.aggressive_scheduled_block_id 5
.aggressive_scheduled_block_id first
	  2714    0x18 0x24 0x12 0xf8                                                                                                                                                                                      VMOV x0, bmll1
.aggressive_scheduled_block_id 5
.noswbrkpt
	  2718    0x00 0x00 0x3c 0x66 0x89 0x2c 0x3d 0x62                                                                                                                                                                  VSHUFFLE x0, x0, x0, r15;               VADD.f dm1, dm1, dm3, r17
.aggressive_scheduled_block_id 5
.aggressive_scheduled_block_id last
.nohwbrkpt
.noswbrkpt
	  2726    0x1b 0x00 0x92 0xf8                                                                                                                                                                                      VMOV bmll3, x0
	  2730    0x00 0x00                                                                        NOPX
	  2732    0x00 0x00                                                                        NOPX
	  2734    0x00 0x00                                                                        NOPX
	  2736    0x00 0x00                                                                        NOPX
	  2738    0x08 0x12 0xc6 0x35 0x00 0x5c                                                                                                                VCONV.bf16.fp32 wl0, bmll1;   MOVX crRnd, #12
	  2744    0x00 0x00                                                                        NOPX
	  2746    0x18 0x41 0x01 0xb8                                                                                                                                                                                      VEXTRACT.16 r1, x0, #0, vaddSign0
	  2750    0x00 0x00                                                                        NOPX
.aggressive_scheduled_block_id 6
.aggressive_scheduled_block_id first
	  2752    0x10 0x43 0x3e 0x98                                                                                                                                                        ASHL r1, r1, r19
.aggressive_scheduled_block_id 6
.noswbrkpt
	  2756    0x00 0x00 0x31 0x66 0x89 0x44 0x3d 0x62                                                                                                                                                                  VINSERT.32 x0, x0, #0, r1;              VADD.f dm1, dm2, dm1, r17
.aggressive_scheduled_block_id 6
.aggressive_scheduled_block_id last
.nohwbrkpt
.noswbrkpt
	  2764    0x19 0x00 0x92 0xf8                                                                                                                                                                                      VMOV bmll1, x0
	  2768    0x00 0x00                                                                        NOPX
.aggressive_scheduled_block_id 7
.aggressive_scheduled_block_id first
	  2770    0x00 0x00                                                                        NOPX
.aggressive_scheduled_block_id 7
.noswbrkpt
	  2772    0x01 0x1c 0x37 0x18                                                              ST.s16 r1, [p1], #2
.aggressive_scheduled_block_id 7
.nohwbrkpt
.noswbrkpt
	  2776    0x14 0x20 0xe0 0x18                                                                                                                                                        JNZD r16, r16, p3
.delay_slot
.aggressive_scheduled_block_id 7
.nohwbrkpt
.noswbrkpt
	  2780    0x08 0x40 0x96 0x18                                                                                                                          VCONV.bf16.fp32 wl0, bmll1
.delay_slot
.aggressive_scheduled_block_id 7
.nohwbrkpt
.noswbrkpt
	  2784    0x1d 0x1a 0x20 0x18                                                                                                                                                                                      ADD.NC r20, r20, #64
.delay_slot
.aggressive_scheduled_block_id 7
.aggressive_scheduled_block_id last
.nohwbrkpt
.noswbrkpt
	  2788    0x18 0x41 0x01 0xb8                                                                                                                                                                                      VEXTRACT.16 r1, x0, #0, vaddSign0
.delay_slot
.swstall delay_slot
	  2792    0x00 0x00                                                                        NOPX
.delay_slot
.swstall delay_slot
	  2794    0x00 0x00                                                                        NOPX
.loop_nesting 0
	  2796    0xfc 0x3e 0x2e 0xc9 0x81 0xd4                                                    LDA r15, [sp, #-32];                                                                                                    MOV p7, p2
	  2802    0x07 0xe9 0xd1 0x18                                                              LDA r14, [sp, #-24]
	  2806    0x07 0xf5 0xb1 0x18                                                              LDA r13, [sp, #-12]
	  2810    0x07 0xf9 0x91 0x18                                                              LDA r12, [sp, #-8]
	  2814    0x07 0xfd 0x71 0x18                                                              LDA r11, [sp, #-4]
	  2818    0x07 0xf1 0x51 0x18                                                              LDA r10, [sp, #-16]
	  2822    0x07 0xed 0x11 0x18                                                              LDA r8, [sp, #-20]
	  2826    0x07 0xe5 0x31 0x18                                                              LDA r9, [sp, #-28]
	  2830    0x10 0x28 0x00 0x18                                                                                                                                                        RET lr
.delay_slot
	  2834    0x1e 0x60 0xc0 0xf8                                                                                                                                                                                      MOV p6, p0
.delay_slot
	  2838    0xff 0xf8 0x00 0x00 0x01 0xc4                                                                                                                                              PADDXM [sp], #-64
.delay_slot
.swstall delay_slot
	  2844    0x00 0x00                                                                        NOPX
.delay_slot
.swstall delay_slot
	  2846    0x00 0x00                                                                        NOPX
.label mm_ternary_32x64x128__end last
.delay_slot
.swstall delay_slot
	  2848    0x00 0x00                                                                        NOPX

.undef global data _ZN12me_primitive11control_rndE

.undef global text memset

.text_segment_name
.text global 10 mm_ternary_reference
.function_start
	     0    0x00 0x10 0x00 0x00 0x04 0x00 0x00 0x00 0x70 0xba                                MOVA r16, #0;                                                                             PADDXM [sp], #128
	    10    0xff 0xbe 0xb8 0x44 0x13 0x5c                                                                                                                ST r15, [sp, #-4];            GE r17, r16, r0
	    16    0x0f 0xf9 0xd5 0x98                                                                                                                          ST r14, [sp, #-8]
	    20    0x0f 0xf1 0xb5 0x98                                                                                                                          ST r13, [sp, #-16]
	    24    0xfd 0x32 0xb0 0x22 0x00 0x86 0x10 0x00 0x61 0x3a                                                                                            ST r12, [sp, #-24];           JNZ r17, #TGT_Fmm_ternary_reference_1072
.delay_slot
	    34    0x0f 0xe5 0x55 0x98                                                                                                                          ST r10, [sp, #-28]
.delay_slot
	    38    0x0f 0xf7 0x9d 0x98                                                                                                                          ST p7, [sp, #-12]
.delay_slot
	    42    0x0f 0xef 0x1d 0x98                                                                                                                          ST p6, [sp, #-20]
.delay_slot
	    46    0x0f 0xd9 0x1d 0x98                                                                                                                          ST p2, [sp, #-40]
.delay_slot
	    50    0x0f 0xc4 0x1d 0x98                                                                                                                          ST p0, [sp, #-60]
	    54    0x02 0x0d 0x07 0xe1 0x75 0x80 0x00 0x00 0x78 0x58 0x10 0x76                      MOVA r13, #16;                                              ST r11, [sp, #-32];           MOVXM ls, #(ZLS_Fmm_ternary_reference_176 + 0)
	    66    0x00 0x2a 0x07 0xdd 0x35 0x80 0x00 0x01 0xb9 0x88 0x10 0x76                      MOVA r10, #1;                                               ST r9, [sp, #-36];            MOVXM le, #(ZLE_Fmm_ternary_reference_784 + 0)
	    78    0x00 0x49 0x07 0xd5 0x15 0xa0 0xe0 0xce 0x08 0x3f 0xc8 0x76                      MOVA r9, #2;                                                ST r8, [sp, #-44];            GE r14, r16, r1;              ADD.NC r16, r0, #-1
	    90    0xff 0x4b 0x07 0xc8 0x35 0x80 0x80 0x6b 0x32 0x60 0x78 0x76                      MOVA r11, #-6;                                              ST r1, [sp, #-56];            MOVX r8, #3;                  MOV p6, p2
	   102    0x00 0x2c 0xf7 0xcc 0x3d 0x83 0xb0 0x60 0x72 0xba                                NOPA;                                                       ST lr, [sp, #-52];                                          MOV p7, p0
	   112    0x00 0x2c 0xf0 0x00 0x27 0xd1 0xd5 0x8f 0xe0 0x01 0x88 0x00 0x10 0x00 0x00 0xe1  NOPA;                         NOPB;                         ST r14, [sp, #-48];           MOVXM r12, #1065353216;                                               NOPV
.label TGT_Fmm_ternary_reference_128
.loop_nesting 1
	   128    0x23 0xc2 0x57 0xba 0x15 0x9c 0x00 0x82 0x10 0x00 0x60 0x76                      LDA.s16 r16, [p1], #2;                                      ST r16, [sp, #-72];           JNZ r14, #TGT_Fmm_ternary_reference_1040
.delay_slot
	   140    0x10 0x1e 0x01 0x18                                                                                                                                                        MOVX r15, #0
.delay_slot
.swstall delay_slot
	   144    0x00 0x00                                                                        NOPX
.delay_slot
.swstall delay_slot
	   146    0x00 0x00                                                                        NOPX
.delay_slot
.swstall delay_slot
	   148    0x00 0x00                                                                        NOPX
.delay_slot
.swstall delay_slot
	   150    0x00 0x00                                                                        NOPX
	   152    0x0f 0xc0 0x9d 0x98                                                                                                                          ST p1, [sp, #-64]
	   156    0x0f 0xb6 0x15 0x98                                                                                                                          ST r16, [sp, #-76]
	   160    0x00 0x2c 0xf0 0x00 0x27 0xbd 0x9d 0x80 0x00 0x02 0xb8 0x50 0x78 0x00 0x00 0xe1  NOPA;                         NOPB;                         ST p3, [sp, #-68];            NOPX;                         MOV lc, r1;                             NOPV
.label ZLS_Fmm_ternary_reference_176
.loop_nesting 2
.begin_of_loop
	   176    0x07 0x1d 0xca 0x98                                                              LDA.u8 r14, [p7], #1
	   180    0x00 0x00                                                                        NOPX
	   182    0x00 0x00                                                                        NOPX
	   184    0x00 0x00                                                                        NOPX
	   186    0x00 0x00                                                                        NOPX
	   188    0x00 0x00                                                                        NOPX
	   190    0x00 0x00                                                                        NOPX
	   192    0x13 0xa0 0x84 0x98                                                                                                                                                        AND r16, r14, r8
	   196    0x12 0x63 0x07 0x98                                                                                                                                                        EQ r17, r9, r16
	   200    0x88 0x00 0x80 0x40 0x01 0x84                                                                                                                                              JNZ r17, #TGT_Fmm_ternary_reference_256
.delay_slot
	   206    0x12 0xa1 0x07 0x98                                                                                                                                                        EQ r16, r10, r16
.delay_slot
.swstall delay_slot
	   210    0x00 0x00                                                                        NOPX
.delay_slot
.swstall delay_slot
	   212    0x00 0x00                                                                        NOPX
.delay_slot
.swstall delay_slot
	   214    0x00 0x00                                                                        NOPX
.delay_slot
	   216    0x18 0x56 0x20 0xf8                                                                                                                                                                                      MOV r1, r12
	   220    0x80 0x00 0x80 0x40 0x01 0x84                                                                                                                                              JNZ r16, #TGT_Fmm_ternary_reference_256
.delay_slot
	   226    0x10 0x02 0x01 0x18                                                                                                                                                        MOVX r1, #0
.delay_slot
.swstall delay_slot
	   230    0x00 0x00                                                                        NOPX
.delay_slot
.swstall delay_slot
	   232    0x00 0x00                                                                        NOPX
.delay_slot
.swstall delay_slot
	   234    0x00 0x00                                                                        NOPX
.delay_slot
.swstall delay_slot
	   236    0x00 0x01 0x67 0x98                                                              NOPA
	   240    0x00 0x2c 0xf0 0x00 0x20 0x01 0x5b 0x2f 0xe0 0x00 0x28 0x00 0x10 0x00 0x00 0xe1  NOPA;                         NOPB;                         NOPS;                         MOVXM r1, #-1082130432;                                               NOPV
.label TGT_Fmm_ternary_reference_256
	   256    0x06 0x1e 0x12 0x98                                                              LDA.s16 r16, [p6], #2
	   260    0x00 0x00                                                                        NOPX
.no_stack_arguments
	   262    0x00 0x00 0x00 0x00 0x01 0x04                                                                                                                                              JL #float32_mul
.delay_slot
.swstall delay_slot
	   268    0x00 0x00                                                                        NOPX
.delay_slot
.swstall delay_slot
	   270    0x00 0x00                                                                        NOPX
.delay_slot
.swstall delay_slot
	   272    0x00 0x00                                                                        NOPX
.delay_slot
.swstall delay_slot
	   274    0x00 0x00                                                                        NOPX
.delay_slot
	   276    0x00 0x2c 0xf0 0x00 0x20 0x20 0x26 0xf4 0x00 0xad 0x81 0x36                      NOPA;                         NOPB;                         NOPS;                         ASHL r2, r16, r13
.return_address
.no_stack_arguments
	   288    0x00 0x00 0x00 0x00 0x01 0x04                                                                                                                                              JL #float32_add
.delay_slot
	   294    0x18 0x50 0x20 0xf8                                                                                                                                                                                      MOV r1, r0
.delay_slot
	   298    0x18 0x97 0xa0 0xf8                                                                                                                                                                                      MOV r2, r15
.delay_slot
	   302    0x17 0xda 0xf9 0x18                                                                                                                                                        MOVX r13, #-2
.delay_slot
.swstall delay_slot
	   306    0x00 0x00                                                                        NOPX
.delay_slot
.swstall delay_slot
	   308    0x00 0x2c 0xf0 0x00 0x20 0x00 0x00 0x00 0x00 0xad 0x81 0x36                      NOPA;                         NOPB;                         NOPS;                         NOPX
.return_address
	   320    0x74 0x1b 0xb0 0xac 0x41 0xe4                                                                                                                                              LSHL r16, r14, r13;           MOV r1, r12
	   326    0x12 0x23 0x04 0x98                                                                                                                                                        AND r17, r8, r16
	   330    0x12 0x61 0x17 0x98                                                                                                                                                        EQ r16, r9, r17
	   334    0x80 0x00 0xc0 0x40 0x01 0x84                                                                                                                                              JNZ r16, #TGT_Fmm_ternary_reference_384
.delay_slot
	   340    0x1b 0xd0 0x20 0xf8                                                                                                                                                                                      MOV r15, r0
.delay_slot
	   344    0x14 0x62 0xa7 0x98                                                                                                                                                        EQ r17, r17, r10
.delay_slot
.swstall delay_slot
	   348    0x00 0x00                                                                        NOPX
.delay_slot
.swstall delay_slot
	   350    0x00 0x00                                                                        NOPX
.delay_slot
.swstall delay_slot
	   352    0x00 0x00                                                                        NOPX
	   354    0x88 0x00 0xc0 0x40 0x01 0x84                                                                                                                                              JNZ r17, #TGT_Fmm_ternary_reference_384
.delay_slot
	   360    0x10 0x02 0x01 0x18                                                                                                                                                        MOVX r1, #0
.delay_slot
.swstall delay_slot
	   364    0x00 0x00                                                                        NOPX
.delay_slot
.swstall delay_slot
	   366    0x00 0x00                                                                        NOPX
.delay_slot
.swstall delay_slot
	   368    0x00 0x00                                                                        NOPX
.delay_slot
.swstall delay_slot
	   370    0x00 0x00                                                                        NOPX
	   372    0x00 0x2c 0xf0 0x00 0x20 0x2f 0xe0 0x00 0x28 0x00 0x10 0xb6                      NOPA;                         NOPB;                                                       MOVXM r1, #-1082130432
.label TGT_Fmm_ternary_reference_384
	   384    0x06 0x1e 0x12 0x98                                                              LDA.s16 r16, [p6], #2
	   388    0x00 0x00                                                                        NOPX
.no_stack_arguments
	   390    0x00 0x00 0x00 0x00 0x01 0x04                                                                                                                                              JL #float32_mul
.delay_slot
	   396    0x10 0x1a 0x41 0x18                                                                                                                                                        MOVX r13, #16
.delay_slot
.swstall delay_slot
	   400    0x00 0x00                                                                        NOPX
.delay_slot
.swstall delay_slot
	   402    0x00 0x00                                                                        NOPX
.delay_slot
.swstall delay_slot
	   404    0x00 0x00                                                                        NOPX
.delay_slot
	   406    0x00 0x2c 0xf0 0x01 0x5b 0x00 0x04 0x04 0xde 0xfa                                NOPA;                                                       NOPS;                         ASHL r2, r16, r13
.return_address
.no_stack_arguments
	   416    0x00 0x00 0x00 0x00 0x01 0x04                                                                                                                                              JL #float32_add
.delay_slot
	   422    0x18 0x97 0xa0 0xf8                                                                                                                                                                                      MOV r2, r15
.delay_slot
	   426    0x18 0x50 0x20 0xf8                                                                                                                                                                                      MOV r1, r0
.delay_slot
	   430    0x17 0xde 0xf1 0x18                                                                                                                                                        MOVX r15, #-4
.delay_slot
.swstall delay_slot
	   434    0x00 0x00                                                                        NOPX
.delay_slot
.swstall delay_slot
	   436    0x00 0x2c 0xf0 0x00 0x20 0x00 0x00 0x00 0x00 0xad 0x81 0x36                      NOPA;                         NOPB;                         NOPS;                         NOPX
.return_address
	   448    0x74 0x1f 0xb0 0xac 0x41 0xe4                                                                                                                                              LSHL r16, r14, r15;           MOV r1, r12
	   454    0x12 0x21 0x04 0x98                                                                                                                                                        AND r16, r8, r16
	   458    0x12 0x63 0x07 0x98                                                                                                                                                        EQ r17, r9, r16
	   462    0x88 0x01 0x00 0x40 0x01 0x84                                                                                                                                              JNZ r17, #TGT_Fmm_ternary_reference_512
.delay_slot
	   468    0x18 0x90 0x20 0xf8                                                                                                                                                                                      MOV r2, r0
.delay_slot
	   472    0x12 0xa1 0x07 0x98                                                                                                                                                        EQ r16, r10, r16
.delay_slot
.swstall delay_slot
	   476    0x00 0x00                                                                        NOPX
.delay_slot
.swstall delay_slot
	   478    0x00 0x00                                                                        NOPX
.delay_slot
.swstall delay_slot
	   480    0x00 0x00                                                                        NOPX
	   482    0x80 0x01 0x00 0x40 0x01 0x84                                                                                                                                              JNZ r16, #TGT_Fmm_ternary_reference_512
.delay_slot
	   488    0x10 0x02 0x01 0x18                                                                                                                                                        MOVX r1, #0
.delay_slot
.swstall delay_slot
	   492    0x00 0x00                                                                        NOPX
.delay_slot
.swstall delay_slot
	   494    0x00 0x00                                                                        NOPX
.delay_slot
.swstall delay_slot
	   496    0x00 0x00                                                                        NOPX
.delay_slot
.swstall delay_slot
	   498    0x00 0x00                                                                        NOPX
	   500    0x00 0x2c 0xf0 0x00 0x20 0x2f 0xe0 0x00 0x28 0x00 0x10 0xb6                      NOPA;                         NOPB;                                                       MOVXM r1, #-1082130432
.label TGT_Fmm_ternary_reference_512
	   512    0xc3 0xc2 0x57 0xa2 0x41 0xd4                                                    LDA.s16 r16, [p6], #2;                                                                                                  MOV r15, r2
	   518    0x00 0x00                                                                        NOPX
.no_stack_arguments
	   520    0x00 0x00 0x00 0x00 0x01 0x04                                                                                                                                              JL #float32_mul
.delay_slot
.swstall delay_slot
	   526    0x00 0x00                                                                        NOPX
.delay_slot
.swstall delay_slot
	   528    0x00 0x00                                                                        NOPX
.delay_slot
.swstall delay_slot
	   530    0x00 0x00                                                                        NOPX
.delay_slot
.swstall delay_slot
	   532    0x00 0x00                                                                        NOPX
.delay_slot
	   534    0x00 0x2c 0xf0 0x01 0x5b 0x00 0x04 0x04 0xde 0xfa                                NOPA;                                                       NOPS;                         ASHL r2, r16, r13
.return_address
.no_stack_arguments
	   544    0x00 0x00 0x00 0x00 0x01 0x04                                                                                                                                              JL #float32_add
.delay_slot
	   550    0x18 0x50 0x20 0xf8                                                                                                                                                                                      MOV r1, r0
.delay_slot
	   554    0x18 0x97 0xa0 0xf8                                                                                                                                                                                      MOV r2, r15
.delay_slot
.swstall delay_slot
	   558    0x00 0x00                                                                        NOPX
.delay_slot
.swstall delay_slot
	   560    0x00 0x00                                                                        NOPX
.delay_slot
.swstall delay_slot
	   562    0x00 0x2c 0xf0 0x02 0xb6 0x00 0x00 0x40 0x1a 0x57 0x00 0x00 0x1c 0x2e            NOPA;                                                       NOPS;                                                       NOPM;                                   NOPV
.return_address
	   576    0x74 0x17 0xb0 0xac 0x41 0xe4                                                                                                                                              LSHL r16, r14, r11;           MOV r1, r12
	   582    0x12 0x63 0x07 0x98                                                                                                                                                        EQ r17, r9, r16
	   586    0x88 0x01 0x40 0x40 0x01 0x84                                                                                                                                              JNZ r17, #TGT_Fmm_ternary_reference_640
.delay_slot
	   592    0x1b 0xd0 0x20 0xf8                                                                                                                                                                                      MOV r15, r0
.delay_slot
	   596    0x12 0xa1 0x07 0x98                                                                                                                                                        EQ r16, r10, r16
.delay_slot
.swstall delay_slot
	   600    0x00 0x00                                                                        NOPX
.delay_slot
.swstall delay_slot
	   602    0x00 0x00                                                                        NOPX
.delay_slot
.swstall delay_slot
	   604    0x00 0x00                                                                        NOPX
	   606    0x80 0x01 0x40 0x40 0x01 0x84                                                                                                                                              JNZ r16, #TGT_Fmm_ternary_reference_640
.delay_slot
	   612    0x10 0x02 0x01 0x18                                                                                                                                                        MOVX r1, #0
.delay_slot
.swstall delay_slot
	   616    0x00 0x00                                                                        NOPX
.delay_slot
.swstall delay_slot
	   618    0x00 0x00                                                                        NOPX
.delay_slot
.swstall delay_slot
	   620    0x00 0x00                                                                        NOPX
.delay_slot
.swstall delay_slot
	   622    0x00 0x00                                                                        NOPX
	   624    0x00 0x2c 0xf0 0x00 0x20 0x01 0x5b 0x2f 0xe0 0x00 0x28 0x00 0x10 0x00 0x00 0xe1  NOPA;                         NOPB;                         NOPS;                         MOVXM r1, #-1082130432;                                               NOPV
.label TGT_Fmm_ternary_reference_640
	   640    0x06 0x1e 0x12 0x98                                                              LDA.s16 r16, [p6], #2
	   644    0x00 0x00                                                                        NOPX
.no_stack_arguments
	   646    0x00 0x00 0x00 0x00 0x01 0x04                                                                                                                                              JL #float32_mul
.delay_slot
.swstall delay_slot
	   652    0x00 0x00                                                                        NOPX
.delay_slot
.swstall delay_slot
	   654    0x00 0x00                                                                        NOPX
.delay_slot
.swstall delay_slot
	   656    0x00 0x00                                                                        NOPX
.delay_slot
.swstall delay_slot
	   658    0x00 0x00                                                                        NOPX
.delay_slot
	   660    0x00 0x2c 0xf0 0x00 0x20 0x20 0x26 0xf4 0x00 0xad 0x81 0x36                      NOPA;                         NOPB;                         NOPS;                         ASHL r2, r16, r13
.return_address
.no_stack_arguments
	   672    0x00 0x2c 0xf0 0x00 0x20 0x01 0x5b 0x00 0x00 0x00 0x00 0x00 0x40 0x00 0x00 0xe1  NOPA;                         NOPB;                         NOPS;                         JL #float32_add;                                                      NOPV
.delay_slot
	   688    0x00 0x2c 0xf0 0x00 0x20 0x01 0x5b 0x00 0x00 0x00 0x4b 0xd0 0x78 0x00 0x00 0xe1  NOPA;                         NOPB;                         NOPS;                         NOPX;                         MOV r2, r15;                            NOPV
.delay_slot
	   704    0x00 0x2c 0xf0 0x00 0x20 0x01 0x5b 0x00 0x00 0x00 0x28 0x10 0x78 0x00 0x00 0xe1  NOPA;                         NOPB;                         NOPS;                         NOPX;                         MOV r1, r0;                             NOPV
.delay_slot
.swstall delay_slot
	   720    0x00 0x2c 0xf0 0x00 0x20 0x01 0x5b 0x00 0x00 0x00 0x01 0xa5 0x78 0x00 0x00 0xe1  NOPA;                         NOPB;                         NOPS;                         NOPX;                         NOPM;                                   NOPV
.delay_slot
.swstall delay_slot
	   736    0x00 0x2c 0xf0 0x00 0x20 0x01 0x5b 0x00 0x00 0x00 0x01 0xa5 0x78 0x00 0x00 0xe1  NOPA;                         NOPB;                         NOPS;                         NOPX;                         NOPM;                                   NOPV
.delay_slot
.swstall delay_slot
	   752    0x00 0x2c 0xf0 0x00 0x20 0x01 0x5b 0x00 0x00 0x00 0x01 0xa5 0x78 0x00 0x00 0xe1  NOPA;                         NOPB;                         NOPS;                         NOPX;                         NOPM;                                   NOPV
.return_address
	   768    0x00 0x2c 0xf0 0x00 0x20 0x01 0x5b 0x00 0x00 0x01 0xe8 0x10 0x78 0x00 0x00 0xe1  NOPA;                         NOPB;                         NOPS;                         NOPX;                         MOV r15, r0;                            NOPV
.label ZLE_Fmm_ternary_reference_784
.end_of_loop
.swstall bsr_to_loop_end
	   784    0x00 0x2c 0xf0 0x00 0x20 0x01 0x5b 0x00 0x00 0x00 0x01 0xa5 0x78 0x00 0x00 0xe1  NOPA;                         NOPB;                         NOPS;                         NOPX;                         NOPM;                                   NOPV
.label TGT_Fmm_ternary_reference_800
.loop_nesting 1
	   800    0x07 0xb6 0x11 0x18                                                              LDA r16, [sp, #-76]
.aggressive_scheduled_block_id 1
.aggressive_scheduled_block_id first
	   804    0x07 0xd1 0xd1 0x18                                                              LDA r14, [sp, #-48]
.aggressive_scheduled_block_id 1
.noswbrkpt
	   808    0x07 0xb9 0xf1 0x18                                                              LDA r15, [sp, #-72]
.aggressive_scheduled_block_id 1
.nohwbrkpt
.noswbrkpt
	   812    0x07 0xdb 0x19 0x18                                                              LDA p6, [sp, #-40]
.aggressive_scheduled_block_id 1
.no_stack_arguments
.nohwbrkpt
.noswbrkpt
	   816    0x00 0x00 0x00 0x00 0x01 0x04                                                                                                                                              JL #float32_mul
.delay_slot
.swstall delay_slot
.aggressive_scheduled_block_id 1
.nohwbrkpt
.noswbrkpt
	   822    0x00 0x00                                                                        NOPX
.delay_slot
.swstall delay_slot
.aggressive_scheduled_block_id 1
.nohwbrkpt
.noswbrkpt
	   824    0x00 0x00                                                                        NOPX
.delay_slot
.aggressive_scheduled_block_id 1
.nohwbrkpt
.noswbrkpt
	   826    0x14 0x04 0xde 0x98                                                                                                                                                        ASHL r2, r16, r13
.delay_slot
.aggressive_scheduled_block_id 1
.aggressive_scheduled_block_id last
.nohwbrkpt
.noswbrkpt
	   830    0x18 0x57 0xa0 0xf8                                                                                                                                                                                      MOV r1, r15
.delay_slot
.swstall delay_slot
	   834    0x00 0x2c 0xf0 0x02 0xb6 0x00 0x00 0x40 0x1a 0x57 0x00 0x00 0x1c 0x2e            NOPA;                                                       NOPS;                                                       NOPM;                                   NOPV
.return_address
	   848    0xf7 0xb3 0x20 0x18 0xd4 0x00 0x00 0x08 0xb8 0xba                                LDA p3, [sp, #-68];                                                                       MOVX crRnd, #12;              VINSERT.32 x0, x0, #0, r0
	   858    0x07 0x90 0x00 0x02 0xd2 0x00 0x00 0x49 0x78 0xba                                MOVA r16, #60;                                                                            MOVX vaddSign0, #1;           VMOV bmll0, x0
	   868    0xf9 0x06 0x20 0x00 0x00 0x00 0x30 0x40 0x10 0xba                                LDA r1, [sp, #-56];                                                                       MOVXM p0, #(TGT_Fmm_ternary_reference_128 + 0)
	   878    0xf8 0xca 0x20 0x80 0x2c 0x0c                                                    LDA r18, [sp, #-60];                                        VCONV.bf16.fp32 wl0, bmll0
	   884    0x07 0xc0 0x99 0x18                                                              LDA p1, [sp, #-64]
	   888    0x1c 0x41 0x01 0xb8                                                                                                                                                                                      VEXTRACT.16 r17, x0, #0, vaddSign0
	   892    0x00 0x00                                                                        NOPX
	   894    0x60 0xc6 0x58 0xcd 0xbd 0x2c                                                    LDA.s16 r17, [p3];                                                                        ASHL r19, r17, r13
	   900    0x18 0x02 0x71 0x78                                                                                                                                                                                      VINSERT.32 x0, x0, #0, r19
	   904    0x18 0x00 0x92 0xf8                                                                                                                                                                                      VMOV bmll0, x0
	   908    0x00 0x00                                                                        NOPX
	   910    0x00 0x00                                                                        NOPX
	   912    0x00 0x00                                                                        NOPX
	   914    0x00 0x00                                                                        NOPX
.aggressive_scheduled_block_id 2
.aggressive_scheduled_block_id first
	   916    0x14 0x62 0xde 0x98                                                                                                                                                        ASHL r17, r17, r13
.aggressive_scheduled_block_id 2
.noswbrkpt
	   920    0x00 0x02 0x31 0x66 0x80 0x20 0x3d 0x62                                                                                                                                                                  VINSERT.32 x0, x0, #0, r17;             VADD.f dm0, dm1, dm0, r16
.aggressive_scheduled_block_id 2
.aggressive_scheduled_block_id last
.nohwbrkpt
.noswbrkpt
	   928    0x19 0x00 0x92 0xf8                                                                                                                                                                                      VMOV bmll1, x0
	   932    0x00 0x00                                                                        NOPX
.aggressive_scheduled_block_id 3
.aggressive_scheduled_block_id first
	   934    0x00 0x00                                                                        NOPX
.aggressive_scheduled_block_id 3
.noswbrkpt
	   936    0x03 0x1e 0x17 0x18                                                              ST.s16 r16, [p3], #2
.aggressive_scheduled_block_id 3
.nohwbrkpt
.noswbrkpt
	   940    0x00 0x00                                                                        NOPX
.aggressive_scheduled_block_id 3
.nohwbrkpt
.noswbrkpt
	   942    0x08 0x40 0x16 0x18                                                                                                                          VCONV.bf16.fp32 wl0, bmll0
.aggressive_scheduled_block_id 3
.nohwbrkpt
.noswbrkpt
	   946    0x00 0x00                                                                        NOPX
.aggressive_scheduled_block_id 3
.aggressive_scheduled_block_id last
.nohwbrkpt
.noswbrkpt
	   948    0x1c 0x01 0x01 0xb8                                                                                                                                                                                      VEXTRACT.16 r16, x0, #0, vaddSign0
	   952    0x00 0x00                                                                        NOPX
	   954    0x13 0xe0 0x20 0x18                                                                                                                                                        JNZD r16, r15, p0
.delay_slot
	   958    0x1f 0x60 0xc9 0x58                                                                                                                                                                                      ADD.NC p7, r1, r18
.delay_slot
	   962    0x0f 0xc7 0x9d 0x98                                                                                                                          ST p7, [sp, #-60]
.delay_slot
.swstall delay_slot
	   966    0x00 0x00                                                                        NOPX
.delay_slot
.swstall delay_slot
	   968    0x00 0x00                                                                        NOPX
.delay_slot
.swstall delay_slot
	   970    0x00 0x2c 0xf0 0x00 0x20 0x3c                                                    NOPA;                         NOPB
.label TGT_Fmm_ternary_reference_976
.loop_nesting 0
	   976    0x07 0xcc 0x39 0x18                                                              LDA lr, [sp, #-52]
	   980    0x07 0xd5 0x11 0x18                                                              LDA r8, [sp, #-44]
	   984    0x07 0xe5 0x51 0x18                                                              LDA r10, [sp, #-28]
	   988    0x07 0xe9 0x91 0x18                                                              LDA r12, [sp, #-24]
	   992    0x07 0xdd 0x31 0x18                                                              LDA r9, [sp, #-36]
	   996    0x07 0xf1 0xb1 0x18                                                              LDA r13, [sp, #-16]
	  1000    0x07 0xf9 0xd1 0x18                                                              LDA r14, [sp, #-8]
	  1004    0x07 0xe1 0x71 0x18                                                              LDA r11, [sp, #-32]
	  1008    0x07 0xfd 0xf1 0x18                                                              LDA r15, [sp, #-4]
	  1012    0x07 0xef 0x19 0x18                                                              LDA p6, [sp, #-20]
	  1016    0x07 0xf7 0x99 0x18                                                              LDA p7, [sp, #-12]
	  1020    0x10 0x28 0x00 0x18                                                                                                                                                        RET lr
.delay_slot
	  1024    0xff 0xf0 0x00 0x00 0x01 0xc4                                                                                                                                              PADDXM [sp], #-128
.delay_slot
.swstall delay_slot
	  1030    0x00 0x00                                                                        NOPX
.delay_slot
.swstall delay_slot
	  1032    0x00 0x00                                                                        NOPX
.delay_slot
.swstall delay_slot
	  1034    0x00 0x00                                                                        NOPX
.delay_slot
.swstall delay_slot
	  1036    0x00 0x01 0x67 0x98                                                              NOPA
.label TGT_Fmm_ternary_reference_1040
.loop_nesting 1
	  1040    0x00 0x01 0x90 0x00 0x00 0x84                                                                                                                                              J #TGT_Fmm_ternary_reference_800
.delay_slot
	  1046    0x0f 0xc0 0x9d 0x98                                                                                                                          ST p1, [sp, #-64]
.delay_slot
	  1050    0x0f 0xb6 0x15 0x98                                                                                                                          ST r16, [sp, #-76]
.delay_slot
.swstall delay_slot
	  1054    0x00 0x00                                                                        NOPX
.delay_slot
.swstall delay_slot
	  1056    0x00 0x00                                                                        NOPX
.delay_slot
	  1058    0x00 0x2c 0xff 0x7b 0x3b 0x00 0x00 0x40 0x1a 0x57 0x00 0x00 0x1c 0x2e            NOPA;                                                       ST p3, [sp, #-68];                                          NOPM;                                   NOPV
.label TGT_Fmm_ternary_reference_1072
.loop_nesting 0
	  1072    0x00 0x01 0xe8 0x00 0x00 0x84                                                                                                                                              J #TGT_Fmm_ternary_reference_976
.delay_slot
	  1078    0x0f 0xe1 0x75 0x98                                                                                                                          ST r11, [sp, #-32]
.delay_slot
	  1082    0x0f 0xdd 0x35 0x98                                                                                                                          ST r9, [sp, #-36]
.delay_slot
	  1086    0x0f 0xd5 0x15 0x98                                                                                                                          ST r8, [sp, #-44]
.delay_slot
	  1090    0x0f 0xcc 0x3d 0x98                                                                                                                          ST lr, [sp, #-52]
.label mm_ternary_reference__end last
.delay_slot
.swstall delay_slot
	  1094    0x00 0x00                                                                        NOPX

.undef global text float32_mul

.undef global text float32_add



.direct_eval +,-,(,)
