
// File generated by darts version V-2024.06#8be6237c82#250729, Wed Jul  8 01:11:05 2026
// Copyright 2014-2024 Synopsys, Inc. All rights reserved.
// darts -I/home/bcloud/torch2aie/toolchain/aietools/data/aie2p/lib -d -h -I/home/bcloud/torch2aie/toolchain/aietools/include -I/home/bcloud/torch2aie/toolchain/aietools/include -I/home/bcloud/torch2aie/toolchain/mlir_aie/include -I/home/bcloud/torch2aie/toolchain/mlir_aie/include/aie_kernels -I/home/bcloud/torch2aie/toolchain/mlir_aie/include/aie_kernels/aie2p -I/home/bcloud/torch2aie/toolchain/aietools/data/aie2p/lib/runtime_cxx/libcxx-lite/include -I/home/bcloud/torch2aie/toolchain/aietools/data/aie2p/lib/runtime_cxx/libs/libcxx-16/include -I/home/bcloud/torch2aie/toolchain/aietools/data/aie2p/lib/runtime_cxx/libs/libcxxabi-16/include -I/home/bcloud/torch2aie/toolchain/aietools/data/aie2p/lib/runtime/include -D__AIENGINE__ -D__AIE_ARCH__=21 -D__AIEARCH__=21 -DDIM_M=32 -DDIM_K_PACKED=64 -DDIM_N=128 -D__tct_tgt__=250729 -L +Ihex +nanno /home/bcloud/1bit-systems/engine/npu/build/build/scheduler/bitnet_ternary_scheduler.o me

// Release: ipp V-2024.06-TGT-250729
.text_segment_name
.text local 16 _ZL8run_bodyILi5ELi10EEvPKhS1_PKiS3_PiS4_iS4_
.function_start
.aggressive_scheduled_block_id 1
.aggressive_scheduled_block_id first
	     0    0x00 0x96 0x00 0x00 0x40 0x00 0x00 0x0e 0x00 0xe0 0x1d 0x06                      MOVA r22, #4;                                                                             PADDXM [sp], #64;                                                     VCLR dm0
.aggressive_scheduled_block_id 1
.noswbrkpt
	    12    0xf7 0x93 0x20 0x00 0x10 0x6b 0x49 0x60 0x78 0xba                                LDA p1, [sp, #-68];                                                                       MOVX r1, #3;                  MOV r26, p1
.aggressive_scheduled_block_id 1
.aggressive_scheduled_block_id last
.nohwbrkpt
.noswbrkpt
	    22    0xff 0x83 0x07 0xd8 0x9d 0xbe 0x27 0xc8 0x20 0x4e 0x78 0x76                      MOVA r3, #-4;                                               ST p1, [sp, #-40];            MOVX r2, #-2;                 MOV eh0, r0
	    34    0x02 0xe6 0x07 0xe5 0xf5 0x81 0xd0 0x2b 0x28 0x60 0x78 0x76                      MOVA r6, #23;                                               ST r15, [sp, #-28];           MOVX r29, #1;                 MOV r25, p0
	    46    0x01 0x71 0x07 0xdc 0x1d 0x80 0x00 0x00 0x30 0x00 0x10 0x76                      MOVA r17, #11;                                              ST p0, [sp, #-36];            MOVXM p0, #_ZN12me_primitive11control_rndE
	    58    0x00 0xcc 0x57 0xf1 0xb5 0x80 0x00 0x00 0x78 0x80 0x10 0x76                      LDA.s8 r19, [p0];                                           ST r13, [sp, #-16];           MOVXM ls, #(ZLS_F_ZL8run_bodyILi5ELi10EEvPKhS1_PKiS3_PiS4_iS4__256 + 0)
	    70    0x00 0x2d 0x07 0xf9 0x95 0x80 0x00 0x01 0xbd 0x20 0x10 0x76                      MOVA r13, #1;                                               ST r12, [sp, #-8];            MOVXM le, #(ZLE_F_ZL8run_bodyILi5ELi10EEvPKhS1_PKiS3_PiS4_iS4__2624 + 0)
	    82    0x00 0xec 0x07 0xfd 0x75 0x80 0xf0 0x48 0x70 0x05 0x58 0x76                      MOVA r12, #7;                                               ST r11, [sp, #-4];            MOVX r15, #2;                 MOV s0, #5
	    94    0xff 0x4b 0x07 0xf5 0x55 0x80 0xa7 0x89 0x70 0x14 0x58 0x76                      MOVA r11, #-6;                                              ST r10, [sp, #-12];           MOVX r10, #60;                MOV s1, #20
	   106    0x67 0x89 0x07 0xed 0x35 0x80 0x00 0x2e 0x8f 0xc0 0x10 0x76                      MOVA r9, #828;                                              ST r9, [sp, #-20];            MOVXM r20, #49024
	   118    0x20 0xd6 0xd7 0xe1 0x15 0x80 0x00 0x0c 0x0f 0xc0 0x10 0x76                      LDA r21, [p1];                                              ST r8, [sp, #-32];            MOVXM r0, #16256
	   130    0xf9 0xd3 0xb0 0x20 0x4a 0x5c                                                                                                                ST p5, [sp, #-52];            MOVX r8, #9
	   136    0xf9 0x43 0xb0 0x27 0xd4 0x02 0x68 0x05 0x59 0x3a                                                                                            ST p4, [sp, #-56];            MOVX crRnd, r19;              MOV r19, #5
	   146    0xfd 0x3a 0xb0 0x00 0x00 0x02 0x30 0x68 0x11 0x3a                                                                                            ST r14, [sp, #-24];           MOVXM p4, #(TGT_F_ZL8run_bodyILi5ELi10EEvPKhS1_PKiS3_PiS4_iS4__208 + 0)
	   156    0xfa 0x33 0xb0 0x00 0x00 0x02 0xb0 0x58 0x11 0x3a                                                                                            ST p3, [sp, #-48];            MOVXM p5, #(TGT_F_ZL8run_bodyILi5ELi10EEvPKhS1_PKiS3_PiS4_iS4__176 + 0)
	   166    0x00 0x2c 0xf7 0xd5 0x1d 0x80 0x00 0x00 0x00 0x7a                                NOPA;                                                       ST p2, [sp, #-44];            NOPX
.label TGT_F_ZL8run_bodyILi5ELi10EEvPKhS1_PKiS3_PiS4_iS4__176
.loop_nesting 1
	   176    0x00 0x2c 0xf0 0x00 0x27 0xc6 0xd5 0x81 0x60 0x08 0x80 0x45 0x78 0x00 0x00 0xe1  NOPA;                         NOPB;                         ST r22, [sp, #-60];           MOVX r22, #0;                 VMOV cml1, cml0;                        NOPV
	   192    0x00 0x17 0x00 0x00 0x27 0xc2 0xb5 0x81 0x80 0x0a 0xa8 0x09 0x58 0x00 0x00 0xe1  MOVA r23, #0;                 NOPB;                         ST r21, [sp, #-64];           MOVX r24, #0;                 MOV r21, #9;                            NOPV
.label TGT_F_ZL8run_bodyILi5ELi10EEvPKhS1_PKiS3_PiS4_iS4__208
.loop_nesting 2
	   208    0xfa 0xf2 0x20 0x1b 0xbb 0x26 0xb8 0x08 0x58 0xba                                LDA r28, [sp, #-44];                                                                      AND r27, r13, r22;            MOV lc, #8
	   218    0xfa 0x6a 0x2c 0xe7 0x44 0x2c                                                    LDA r26, [sp, #-48];                                                                      SEL.EQZ r25, r25, r26, r27
	   224    0x1a 0x6c 0xe1 0x58                                                                                                                                                                                      ADD.NC p2, r25, r24
	   228    0x42 0x86 0x8c 0xa9 0x81 0xf4                                                                                  VLDB x0, [p2, #64];                                                                       MOV r25, p2
	   234    0x00 0x00                                                                        NOPX
	   236    0x00 0x00                                                                        NOPX
	   238    0x00 0x00                                                                        NOPX
	   240    0x00 0x00                                                                        NOPX
	   242    0x17 0x35 0xa2 0x18                                                                                                                                                        SEL.EQZ r26, r28, r26, r27
	   246    0x00 0x2c 0xf0 0x00 0x10 0x01 0xb5 0xf4 0xae 0xba                                NOPA;                         NOPB;                                                                                     ADD.NC p3, r23, r26
.label ZLS_F_ZL8run_bodyILi5ELi10EEvPKhS1_PKiS3_PiS4_iS4__256
.loop_nesting 3
.begin_of_loop
	   256    0x02 0x1f 0x4a 0x98                                                              LDA.u8 r26, [p2], #1
	   260    0x00 0x00                                                                        NOPX
	   262    0x00 0x00                                                                        NOPX
	   264    0x00 0x00                                                                        NOPX
	   266    0x00 0x00                                                                        NOPX
	   268    0x00 0x00                                                                        NOPX
	   270    0x00 0x00                                                                        NOPX
	   272    0x10 0x79 0xa4 0x98                                                                                                                                                        AND r28, r1, r26
	   276    0x13 0xff 0xc7 0x98                                                                                                                                                        EQ r31, r15, r28
	   280    0xf8 0x00 0xa8 0x40 0x01 0x84                                                                                                                                              JNZ r31, #TGT_F_ZL8run_bodyILi5ELi10EEvPKhS1_PKiS3_PiS4_iS4__336
.delay_slot
	   286    0x1f 0x90 0x20 0xf8                                                                                                                                                                                      MOV r30, r0
.delay_slot
.swstall delay_slot
	   290    0x00 0x00                                                                        NOPX
.delay_slot
.swstall delay_slot
	   292    0x00 0x00                                                                        NOPX
.delay_slot
.swstall delay_slot
	   294    0x00 0x00                                                                        NOPX
.delay_slot
.swstall delay_slot
	   296    0x00 0x00                                                                        NOPX
	   298    0x13 0x79 0xc8 0x98                                                                                                                                                        NE r28, r13, r28
	   302    0xe0 0x00 0xa8 0x40 0x01 0x84                                                                                                                                              JNZ r28, #TGT_F_ZL8run_bodyILi5ELi10EEvPKhS1_PKiS3_PiS4_iS4__336
.delay_slot
	   308    0x1f 0x9a 0x20 0xf8                                                                                                                                                                                      MOV r30, r20
.delay_slot
.swstall delay_slot
	   312    0x00 0x00                                                                        NOPX
.delay_slot
.swstall delay_slot
	   314    0x00 0x00                                                                        NOPX
.delay_slot
.swstall delay_slot
	   316    0x00 0x00                                                                        NOPX
.delay_slot
.swstall delay_slot
	   318    0x00 0x00                                                                        NOPX
	   320    0x00 0x2c 0xf0 0x00 0x20 0x01 0x5b 0x01 0xe0 0x08 0x01 0xa5 0x78 0x00 0x00 0xe1  NOPA;                         NOPB;                         NOPS;                         MOVX r30, #0;                 NOPM;                                   NOPV
.label TGT_F_ZL8run_bodyILi5ELi10EEvPKhS1_PKiS3_PiS4_iS4__336
	   336    0x16 0xb8 0x2d 0x98                                                                                                                                                        LSHL r28, r26, r2
	   340    0x10 0x79 0xc4 0x98                                                                                                                                                        AND r28, r1, r28
	   344    0x13 0xff 0xc7 0x98                                                                                                                                                        EQ r31, r15, r28
	   348    0xf8 0x00 0xc8 0x40 0x01 0x84                                                                                                                                              JNZ r31, #TGT_F_ZL8run_bodyILi5ELi10EEvPKhS1_PKiS3_PiS4_iS4__400
.delay_slot
	   354    0x18 0x83 0xc9 0x78                                                                                                                                                                                      VINSERT.16 x1, x0, #0, r30
.delay_slot
.swstall delay_slot
	   358    0x00 0x00                                                                        NOPX
.delay_slot
.swstall delay_slot
	   360    0x00 0x00                                                                        NOPX
.delay_slot
.swstall delay_slot
	   362    0x00 0x00                                                                        NOPX
.delay_slot
	   364    0x1f 0x90 0x20 0xf8                                                                                                                                                                                      MOV r30, r0
	   368    0x13 0x79 0xc8 0x98                                                                                                                                                        NE r28, r13, r28
	   372    0xe0 0x00 0xc8 0x40 0x01 0x84                                                                                                                                              JNZ r28, #TGT_F_ZL8run_bodyILi5ELi10EEvPKhS1_PKiS3_PiS4_iS4__400
.delay_slot
	   378    0x1f 0x9a 0x20 0xf8                                                                                                                                                                                      MOV r30, r20
.delay_slot
.swstall delay_slot
	   382    0x00 0x00                                                                        NOPX
.delay_slot
.swstall delay_slot
	   384    0x00 0x00                                                                        NOPX
.delay_slot
.swstall delay_slot
	   386    0x00 0x00                                                                        NOPX
.delay_slot
.swstall delay_slot
	   388    0x00 0x00                                                                        NOPX
	   390    0x00 0x2c 0xf0 0x01 0x5b 0x00 0x00 0x3c 0x01 0x7a                                NOPA;                                                       NOPS;                         MOVX r30, #0
.label TGT_F_ZL8run_bodyILi5ELi10EEvPKhS1_PKiS3_PiS4_iS4__400
	   400    0x16 0xb8 0x3d 0x98                                                                                                                                                        LSHL r28, r26, r3
	   404    0x10 0x79 0xc4 0x98                                                                                                                                                        AND r28, r1, r28
	   408    0x13 0xff 0xc7 0x98                                                                                                                                                        EQ r31, r15, r28
	   412    0xf8 0x00 0xe8 0x40 0x01 0x84                                                                                                                                              JNZ r31, #TGT_F_ZL8run_bodyILi5ELi10EEvPKhS1_PKiS3_PiS4_iS4__464
.delay_slot
	   418    0x18 0x8f 0xc9 0x78                                                                                                                                                                                      VINSERT.16 x1, x1, r29, r30
.delay_slot
.swstall delay_slot
	   422    0x00 0x00                                                                        NOPX
.delay_slot
.swstall delay_slot
	   424    0x00 0x00                                                                        NOPX
.delay_slot
.swstall delay_slot
	   426    0x00 0x00                                                                        NOPX
.delay_slot
	   428    0x07 0x41 0x2f 0x20 0x41 0xe4                                                                                                                                              MOVX r29, #2;                 MOV r30, r0
	   434    0x13 0x79 0xc8 0x98                                                                                                                                                        NE r28, r13, r28
	   438    0xe0 0x00 0xe8 0x40 0x01 0x84                                                                                                                                              JNZ r28, #TGT_F_ZL8run_bodyILi5ELi10EEvPKhS1_PKiS3_PiS4_iS4__464
.delay_slot
	   444    0x1f 0x9a 0x20 0xf8                                                                                                                                                                                      MOV r30, r20
.delay_slot
.swstall delay_slot
	   448    0x00 0x00                                                                        NOPX
.delay_slot
.swstall delay_slot
	   450    0x00 0x00                                                                        NOPX
.delay_slot
.swstall delay_slot
	   452    0x00 0x00                                                                        NOPX
.delay_slot
.swstall delay_slot
	   454    0x00 0x00                                                                        NOPX
	   456    0x00 0x01 0xe0 0x09 0x00 0x00 0x1c 0x22                                                                                                                                    MOVX r30, #0;                                                         NOPV
.label TGT_F_ZL8run_bodyILi5ELi10EEvPKhS1_PKiS3_PiS4_iS4__464
	   464    0xd6 0x97 0xb1 0x1f 0x92 0xe4                                                                                                                                              LSHL r26, r26, r11;           VINSERT.16 x1, x1, r29, r30
	   470    0x13 0xfd 0xa7 0x98                                                                                                                                                        EQ r30, r15, r26
	   474    0xf0 0x01 0x08 0x40 0x01 0x84                                                                                                                                              JNZ r30, #TGT_F_ZL8run_bodyILi5ELi10EEvPKhS1_PKiS3_PiS4_iS4__528
.delay_slot
	   480    0x1f 0x10 0x20 0xf8                                                                                                                                                                                      MOV r28, r0
.delay_slot
.swstall delay_slot
	   484    0x00 0x00                                                                        NOPX
.delay_slot
.swstall delay_slot
	   486    0x00 0x00                                                                        NOPX
.delay_slot
.swstall delay_slot
	   488    0x00 0x00                                                                        NOPX
.delay_slot
.swstall delay_slot
	   490    0x00 0x00                                                                        NOPX
	   492    0x13 0x75 0xa8 0x98                                                                                                                                                        NE r26, r13, r26
	   496    0xd0 0x01 0x08 0x40 0x01 0x84                                                                                                                                              JNZ r26, #TGT_F_ZL8run_bodyILi5ELi10EEvPKhS1_PKiS3_PiS4_iS4__528
.delay_slot
	   502    0x1f 0x1a 0x20 0xf8                                                                                                                                                                                      MOV r28, r20
.delay_slot
.swstall delay_slot
	   506    0x00 0x00                                                                        NOPX
.delay_slot
.swstall delay_slot
	   508    0x00 0x00                                                                        NOPX
.delay_slot
.swstall delay_slot
	   510    0x00 0x00                                                                        NOPX
.delay_slot
.swstall delay_slot
	   512    0x00 0x00                                                                        NOPX
	   514    0x00 0x2c 0xf0 0x00 0x20 0x38 0x01 0x00 0x34 0xaf 0x00 0x2b 0x60 0x7e            NOPA;                         NOPB;                         NOPS;                         MOVX r28, #0;                 NOPM
.label TGT_F_ZL8run_bodyILi5ELi10EEvPKhS1_PKiS3_PiS4_iS4__528
	   528    0x02 0x1f 0x4a 0x98                                                              LDA.u8 r26, [p2], #1
	   532    0x00 0x00                                                                        NOPX
	   534    0x00 0x00                                                                        NOPX
	   536    0x00 0x00                                                                        NOPX
	   538    0x00 0x00                                                                        NOPX
	   540    0x00 0x00                                                                        NOPX
	   542    0x00 0x00                                                                        NOPX
	   544    0x10 0x7d 0xa4 0x98                                                                                                                                                        AND r30, r1, r26
	   548    0x13 0xff 0xe7 0x98                                                                                                                                                        EQ r31, r15, r30
	   552    0xf8 0x01 0x30 0x40 0x01 0x84                                                                                                                                              JNZ r31, #TGT_F_ZL8run_bodyILi5ELi10EEvPKhS1_PKiS3_PiS4_iS4__608
.delay_slot
	   558    0x10 0x3a 0x0d 0x18                                                                                                                                                        MOVX r29, #3
.delay_slot
	   562    0x18 0x8f 0x89 0x78                                                                                                                                                                                      VINSERT.16 x1, x1, r29, r28
.delay_slot
.swstall delay_slot
	   566    0x00 0x00                                                                        NOPX
.delay_slot
.swstall delay_slot
	   568    0x00 0x00                                                                        NOPX
.delay_slot
	   570    0x1f 0x10 0x20 0xf8                                                                                                                                                                                      MOV r28, r0
	   574    0x13 0x7d 0xe8 0x98                                                                                                                                                        NE r30, r13, r30
	   578    0xf0 0x01 0x30 0x40 0x01 0x84                                                                                                                                              JNZ r30, #TGT_F_ZL8run_bodyILi5ELi10EEvPKhS1_PKiS3_PiS4_iS4__608
.delay_slot
	   584    0x1f 0x1a 0x20 0xf8                                                                                                                                                                                      MOV r28, r20
.delay_slot
.swstall delay_slot
	   588    0x00 0x00                                                                        NOPX
.delay_slot
.swstall delay_slot
	   590    0x00 0x00                                                                        NOPX
.delay_slot
.swstall delay_slot
	   592    0x00 0x00                                                                        NOPX
.delay_slot
.swstall delay_slot
	   594    0x00 0x00                                                                        NOPX
	   596    0x00 0x2c 0xf0 0x00 0x20 0x01 0xc0 0x08 0x00 0xad 0x81 0x36                      NOPA;                         NOPB;                         NOPS;                         MOVX r28, #0
.label TGT_F_ZL8run_bodyILi5ELi10EEvPKhS1_PKiS3_PiS4_iS4__608
	   608    0x16 0xbc 0x2d 0x98                                                                                                                                                        LSHL r30, r26, r2
	   612    0x10 0x7d 0xe4 0x98                                                                                                                                                        AND r30, r1, r30
	   616    0x13 0xff 0xe7 0x98                                                                                                                                                        EQ r31, r15, r30
	   620    0xf8 0x01 0x50 0x40 0x01 0x84                                                                                                                                              JNZ r31, #TGT_F_ZL8run_bodyILi5ELi10EEvPKhS1_PKiS3_PiS4_iS4__672
.delay_slot
	   626    0x10 0x3a 0x11 0x18                                                                                                                                                        MOVX r29, #4
.delay_slot
	   630    0x18 0x8f 0x89 0x78                                                                                                                                                                                      VINSERT.16 x1, x1, r29, r28
.delay_slot
.swstall delay_slot
	   634    0x00 0x00                                                                        NOPX
.delay_slot
.swstall delay_slot
	   636    0x00 0x00                                                                        NOPX
.delay_slot
	   638    0x1f 0x10 0x20 0xf8                                                                                                                                                                                      MOV r28, r0
	   642    0x13 0x7d 0xe8 0x98                                                                                                                                                        NE r30, r13, r30
	   646    0xf0 0x01 0x50 0x40 0x01 0x84                                                                                                                                              JNZ r30, #TGT_F_ZL8run_bodyILi5ELi10EEvPKhS1_PKiS3_PiS4_iS4__672
.delay_slot
	   652    0x1f 0x1a 0x20 0xf8                                                                                                                                                                                      MOV r28, r20
.delay_slot
.swstall delay_slot
	   656    0x00 0x00                                                                        NOPX
.delay_slot
.swstall delay_slot
	   658    0x00 0x00                                                                        NOPX
.delay_slot
.swstall delay_slot
	   660    0x00 0x00                                                                        NOPX
.delay_slot
.swstall delay_slot
	   662    0x00 0x00                                                                        NOPX
	   664    0x00 0x01 0xc0 0x09 0x00 0x00 0x1c 0x22                                                                                                                                    MOVX r28, #0;                                                         NOPV
.label TGT_F_ZL8run_bodyILi5ELi10EEvPKhS1_PKiS3_PiS4_iS4__672
	   672    0xd7 0x87 0xbe 0xa3 0x81 0xe4                                                                                                                                              LSHL r30, r26, r3;            MOV r29, s0
	   678    0x0f 0x3c 0x91 0x1f 0x12 0xe4                                                                                                                                              AND r28, r1, r30;             VINSERT.16 x1, x1, r29, r28
	   684    0x7f 0xf8 0xff 0x20 0x41 0xe4                                                                                                                                              EQ r31, r15, r28;             MOV r30, r0
	   690    0xf8 0x01 0x70 0x40 0x01 0x84                                                                                                                                              JNZ r31, #TGT_F_ZL8run_bodyILi5ELi10EEvPKhS1_PKiS3_PiS4_iS4__736
.delay_slot
	   696    0x10 0x3a 0x19 0x18                                                                                                                                                        MOVX r29, #6
.delay_slot
.swstall delay_slot
	   700    0x00 0x00                                                                        NOPX
.delay_slot
.swstall delay_slot
	   702    0x00 0x00                                                                        NOPX
.delay_slot
.swstall delay_slot
	   704    0x00 0x00                                                                        NOPX
.delay_slot
.swstall delay_slot
	   706    0x00 0x00                                                                        NOPX
	   708    0x13 0x79 0xc8 0x98                                                                                                                                                        NE r28, r13, r28
	   712    0xe0 0x01 0x70 0x40 0x01 0x84                                                                                                                                              JNZ r28, #TGT_F_ZL8run_bodyILi5ELi10EEvPKhS1_PKiS3_PiS4_iS4__736
.delay_slot
	   718    0x1f 0x9a 0x20 0xf8                                                                                                                                                                                      MOV r30, r20
.delay_slot
.swstall delay_slot
	   722    0x00 0x00                                                                        NOPX
.delay_slot
.swstall delay_slot
	   724    0x00 0x00                                                                        NOPX
.delay_slot
.swstall delay_slot
	   726    0x00 0x00                                                                        NOPX
.delay_slot
.swstall delay_slot
	   728    0x00 0x00                                                                        NOPX
	   730    0x00 0x2c 0xf0 0x78 0x02 0x2c                                                    NOPA;                                                                                     MOVX r30, #0
.label TGT_F_ZL8run_bodyILi5ELi10EEvPKhS1_PKiS3_PiS4_iS4__736
	   736    0xd6 0x97 0xb1 0x1f 0x92 0xe4                                                                                                                                              LSHL r26, r26, r11;           VINSERT.16 x1, x1, r29, r30
	   742    0x13 0xfd 0xa7 0x98                                                                                                                                                        EQ r30, r15, r26
	   746    0xf0 0x01 0x90 0x40 0x01 0x84                                                                                                                                              JNZ r30, #TGT_F_ZL8run_bodyILi5ELi10EEvPKhS1_PKiS3_PiS4_iS4__800
.delay_slot
	   752    0x1f 0x10 0x20 0xf8                                                                                                                                                                                      MOV r28, r0
.delay_slot
.swstall delay_slot
	   756    0x00 0x00                                                                        NOPX
.delay_slot
.swstall delay_slot
	   758    0x00 0x00                                                                        NOPX
.delay_slot
.swstall delay_slot
	   760    0x00 0x00                                                                        NOPX
.delay_slot
.swstall delay_slot
	   762    0x00 0x00                                                                        NOPX
	   764    0x13 0x75 0xa8 0x98                                                                                                                                                        NE r26, r13, r26
	   768    0xd0 0x01 0x90 0x40 0x01 0x84                                                                                                                                              JNZ r26, #TGT_F_ZL8run_bodyILi5ELi10EEvPKhS1_PKiS3_PiS4_iS4__800
.delay_slot
	   774    0x1f 0x1a 0x20 0xf8                                                                                                                                                                                      MOV r28, r20
.delay_slot
.swstall delay_slot
	   778    0x00 0x00                                                                        NOPX
.delay_slot
.swstall delay_slot
	   780    0x00 0x00                                                                        NOPX
.delay_slot
.swstall delay_slot
	   782    0x00 0x00                                                                        NOPX
.delay_slot
.swstall delay_slot
	   784    0x00 0x00                                                                        NOPX
	   786    0x00 0x2c 0xf0 0x00 0x20 0x38 0x01 0x00 0x34 0xaf 0x00 0x2b 0x60 0x7e            NOPA;                         NOPB;                         NOPS;                         MOVX r28, #0;                 NOPM
.label TGT_F_ZL8run_bodyILi5ELi10EEvPKhS1_PKiS3_PiS4_iS4__800
	   800    0x02 0x1f 0x4a 0x98                                                              LDA.u8 r26, [p2], #1
	   804    0x00 0x00                                                                        NOPX
	   806    0x00 0x00                                                                        NOPX
	   808    0x00 0x00                                                                        NOPX
	   810    0x00 0x00                                                                        NOPX
	   812    0x00 0x00                                                                        NOPX
	   814    0x00 0x00                                                                        NOPX
	   816    0x10 0x7d 0xa4 0x98                                                                                                                                                        AND r30, r1, r26
	   820    0x13 0xff 0xe7 0x98                                                                                                                                                        EQ r31, r15, r30
	   824    0xf8 0x01 0xb8 0x40 0x01 0x84                                                                                                                                              JNZ r31, #TGT_F_ZL8run_bodyILi5ELi10EEvPKhS1_PKiS3_PiS4_iS4__880
.delay_slot
	   830    0x10 0x3a 0x1d 0x18                                                                                                                                                        MOVX r29, #7
.delay_slot
	   834    0x18 0x8f 0x89 0x78                                                                                                                                                                                      VINSERT.16 x1, x1, r29, r28
.delay_slot
.swstall delay_slot
	   838    0x00 0x00                                                                        NOPX
.delay_slot
.swstall delay_slot
	   840    0x00 0x00                                                                        NOPX
.delay_slot
	   842    0x1f 0x10 0x20 0xf8                                                                                                                                                                                      MOV r28, r0
	   846    0x13 0x7d 0xe8 0x98                                                                                                                                                        NE r30, r13, r30
	   850    0xf0 0x01 0xb8 0x40 0x01 0x84                                                                                                                                              JNZ r30, #TGT_F_ZL8run_bodyILi5ELi10EEvPKhS1_PKiS3_PiS4_iS4__880
.delay_slot
	   856    0x1f 0x1a 0x20 0xf8                                                                                                                                                                                      MOV r28, r20
.delay_slot
.swstall delay_slot
	   860    0x00 0x00                                                                        NOPX
.delay_slot
.swstall delay_slot
	   862    0x00 0x00                                                                        NOPX
.delay_slot
.swstall delay_slot
	   864    0x00 0x00                                                                        NOPX
.delay_slot
.swstall delay_slot
	   866    0x00 0x00                                                                        NOPX
	   868    0x00 0x2c 0xf0 0x00 0x20 0x01 0xc0 0x08 0x00 0xad 0x81 0x36                      NOPA;                         NOPB;                         NOPS;                         MOVX r28, #0
.label TGT_F_ZL8run_bodyILi5ELi10EEvPKhS1_PKiS3_PiS4_iS4__880
	   880    0x16 0xbc 0x2d 0x98                                                                                                                                                        LSHL r30, r26, r2
	   884    0x10 0x7d 0xe4 0x98                                                                                                                                                        AND r30, r1, r30
	   888    0x13 0xff 0xe7 0x98                                                                                                                                                        EQ r31, r15, r30
	   892    0xf8 0x01 0xd8 0x40 0x01 0x84                                                                                                                                              JNZ r31, #TGT_F_ZL8run_bodyILi5ELi10EEvPKhS1_PKiS3_PiS4_iS4__944
.delay_slot
	   898    0x10 0x3a 0x21 0x18                                                                                                                                                        MOVX r29, #8
.delay_slot
	   902    0x18 0x8f 0x89 0x78                                                                                                                                                                                      VINSERT.16 x1, x1, r29, r28
.delay_slot
.swstall delay_slot
	   906    0x00 0x00                                                                        NOPX
.delay_slot
.swstall delay_slot
	   908    0x00 0x00                                                                        NOPX
.delay_slot
	   910    0x1f 0x10 0x20 0xf8                                                                                                                                                                                      MOV r28, r0
	   914    0x13 0x7d 0xe8 0x98                                                                                                                                                        NE r30, r13, r30
	   918    0xf0 0x01 0xd8 0x40 0x01 0x84                                                                                                                                              JNZ r30, #TGT_F_ZL8run_bodyILi5ELi10EEvPKhS1_PKiS3_PiS4_iS4__944
.delay_slot
	   924    0x1f 0x1a 0x20 0xf8                                                                                                                                                                                      MOV r28, r20
.delay_slot
.swstall delay_slot
	   928    0x00 0x00                                                                        NOPX
.delay_slot
.swstall delay_slot
	   930    0x00 0x00                                                                        NOPX
.delay_slot
.swstall delay_slot
	   932    0x00 0x00                                                                        NOPX
.delay_slot
.swstall delay_slot
	   934    0x00 0x00                                                                        NOPX
	   936    0x00 0x01 0xc0 0x09 0x00 0x00 0x1c 0x22                                                                                                                                    MOVX r28, #0;                                                         NOPV
.label TGT_F_ZL8run_bodyILi5ELi10EEvPKhS1_PKiS3_PiS4_iS4__944
	   944    0x01 0x3d 0x00 0x35 0xe1 0xef 0xe8 0x10 0x78 0xba                                MOVA r29, #9;                                                                             LSHL r30, r26, r3;            MOV r31, r0
	   954    0x0f 0xbc 0x91 0x1f 0x12 0xe4                                                                                                                                              AND r30, r1, r30;             VINSERT.16 x1, x1, r29, r28
	   960    0x13 0xf9 0xe7 0x98                                                                                                                                                        EQ r28, r15, r30
	   964    0xe0 0x01 0xf8 0x40 0x01 0x84                                                                                                                                              JNZ r28, #TGT_F_ZL8run_bodyILi5ELi10EEvPKhS1_PKiS3_PiS4_iS4__1008
.delay_slot
	   970    0x10 0x3a 0x29 0x18                                                                                                                                                        MOVX r29, #10
.delay_slot
.swstall delay_slot
	   974    0x00 0x00                                                                        NOPX
.delay_slot
.swstall delay_slot
	   976    0x00 0x00                                                                        NOPX
.delay_slot
.swstall delay_slot
	   978    0x00 0x00                                                                        NOPX
.delay_slot
.swstall delay_slot
	   980    0x00 0x00                                                                        NOPX
	   982    0x13 0x79 0xe8 0x98                                                                                                                                                        NE r28, r13, r30
	   986    0xe0 0x01 0xf8 0x40 0x01 0x84                                                                                                                                              JNZ r28, #TGT_F_ZL8run_bodyILi5ELi10EEvPKhS1_PKiS3_PiS4_iS4__1008
.delay_slot
	   992    0x1f 0xda 0x20 0xf8                                                                                                                                                                                      MOV r31, r20
.delay_slot
.swstall delay_slot
	   996    0x00 0x00                                                                        NOPX
.delay_slot
.swstall delay_slot
	   998    0x00 0x00                                                                        NOPX
.delay_slot
.swstall delay_slot
	  1000    0x00 0x00                                                                        NOPX
.delay_slot
.swstall delay_slot
	  1002    0x00 0x00                                                                        NOPX
	  1004    0x10 0x3e 0x01 0x18                                                                                                                                                        MOVX r31, #0
.label TGT_F_ZL8run_bodyILi5ELi10EEvPKhS1_PKiS3_PiS4_iS4__1008
	  1008    0x16 0xb4 0xbd 0x98                                                                                                                                                        LSHL r26, r26, r11
	  1012    0x13 0xfd 0xa7 0x98                                                                                                                                                        EQ r30, r15, r26
	  1016    0xf0 0x02 0x18 0x40 0x01 0x84                                                                                                                                              JNZ r30, #TGT_F_ZL8run_bodyILi5ELi10EEvPKhS1_PKiS3_PiS4_iS4__1072
.delay_slot
	  1022    0x18 0x8f 0xe9 0x78                                                                                                                                                                                      VINSERT.16 x1, x1, r29, r31
.delay_slot
.swstall delay_slot
	  1026    0x00 0x00                                                                        NOPX
.delay_slot
.swstall delay_slot
	  1028    0x00 0x00                                                                        NOPX
.delay_slot
.swstall delay_slot
	  1030    0x00 0x00                                                                        NOPX
.delay_slot
	  1032    0x1f 0x10 0x20 0xf8                                                                                                                                                                                      MOV r28, r0
	  1036    0x13 0x75 0xa8 0x98                                                                                                                                                        NE r26, r13, r26
	  1040    0xd0 0x02 0x18 0x40 0x01 0x84                                                                                                                                              JNZ r26, #TGT_F_ZL8run_bodyILi5ELi10EEvPKhS1_PKiS3_PiS4_iS4__1072
.delay_slot
	  1046    0x1f 0x1a 0x20 0xf8                                                                                                                                                                                      MOV r28, r20
.delay_slot
.swstall delay_slot
	  1050    0x00 0x00                                                                        NOPX
.delay_slot
.swstall delay_slot
	  1052    0x00 0x00                                                                        NOPX
.delay_slot
.swstall delay_slot
	  1054    0x00 0x00                                                                        NOPX
.delay_slot
.swstall delay_slot
	  1056    0x00 0x00                                                                        NOPX
	  1058    0x00 0x2c 0xf0 0x00 0x20 0x38 0x01 0x00 0x34 0xaf 0x00 0x2b 0x60 0x7e            NOPA;                         NOPB;                         NOPS;                         MOVX r28, #0;                 NOPM
.label TGT_F_ZL8run_bodyILi5ELi10EEvPKhS1_PKiS3_PiS4_iS4__1072
	  1072    0x02 0x1f 0x4a 0x98                                                              LDA.u8 r26, [p2], #1
	  1076    0x00 0x00                                                                        NOPX
	  1078    0x00 0x00                                                                        NOPX
	  1080    0x00 0x00                                                                        NOPX
	  1082    0x00 0x00                                                                        NOPX
	  1084    0x00 0x00                                                                        NOPX
	  1086    0x00 0x00                                                                        NOPX
	  1088    0x10 0x7d 0xa4 0x98                                                                                                                                                        AND r30, r1, r26
	  1092    0x13 0xff 0xe7 0x98                                                                                                                                                        EQ r31, r15, r30
	  1096    0xf8 0x02 0x40 0x40 0x01 0x84                                                                                                                                              JNZ r31, #TGT_F_ZL8run_bodyILi5ELi10EEvPKhS1_PKiS3_PiS4_iS4__1152
.delay_slot
	  1102    0x10 0x3a 0x2d 0x18                                                                                                                                                        MOVX r29, #11
.delay_slot
	  1106    0x18 0x8f 0x89 0x78                                                                                                                                                                                      VINSERT.16 x1, x1, r29, r28
.delay_slot
.swstall delay_slot
	  1110    0x00 0x00                                                                        NOPX
.delay_slot
.swstall delay_slot
	  1112    0x00 0x00                                                                        NOPX
.delay_slot
	  1114    0x1f 0x10 0x20 0xf8                                                                                                                                                                                      MOV r28, r0
	  1118    0x13 0x7d 0xe8 0x98                                                                                                                                                        NE r30, r13, r30
	  1122    0xf0 0x02 0x40 0x40 0x01 0x84                                                                                                                                              JNZ r30, #TGT_F_ZL8run_bodyILi5ELi10EEvPKhS1_PKiS3_PiS4_iS4__1152
.delay_slot
	  1128    0x1f 0x1a 0x20 0xf8                                                                                                                                                                                      MOV r28, r20
.delay_slot
.swstall delay_slot
	  1132    0x00 0x00                                                                        NOPX
.delay_slot
.swstall delay_slot
	  1134    0x00 0x00                                                                        NOPX
.delay_slot
.swstall delay_slot
	  1136    0x00 0x00                                                                        NOPX
.delay_slot
.swstall delay_slot
	  1138    0x00 0x00                                                                        NOPX
	  1140    0x00 0x2c 0xf0 0x00 0x20 0x01 0xc0 0x08 0x00 0xad 0x81 0x36                      NOPA;                         NOPB;                         NOPS;                         MOVX r28, #0
.label TGT_F_ZL8run_bodyILi5ELi10EEvPKhS1_PKiS3_PiS4_iS4__1152
	  1152    0xd7 0x85 0xbe 0xa0 0x31 0x64                                                                                                                                              LSHL r30, r26, r2;            MOV r29, #12
	  1158    0x0f 0xbc 0x91 0x1f 0x12 0xe4                                                                                                                                              AND r30, r1, r30;             VINSERT.16 x1, x1, r29, r28
	  1164    0x13 0xf9 0xe7 0x98                                                                                                                                                        EQ r28, r15, r30
	  1168    0xe0 0x02 0x60 0x40 0x01 0x84                                                                                                                                              JNZ r28, #TGT_F_ZL8run_bodyILi5ELi10EEvPKhS1_PKiS3_PiS4_iS4__1216
.delay_slot
	  1174    0x1f 0xd0 0x20 0xf8                                                                                                                                                                                      MOV r31, r0
.delay_slot
.swstall delay_slot
	  1178    0x00 0x00                                                                        NOPX
.delay_slot
.swstall delay_slot
	  1180    0x00 0x00                                                                        NOPX
.delay_slot
.swstall delay_slot
	  1182    0x00 0x00                                                                        NOPX
.delay_slot
.swstall delay_slot
	  1184    0x00 0x00                                                                        NOPX
	  1186    0x13 0x79 0xe8 0x98                                                                                                                                                        NE r28, r13, r30
	  1190    0xe0 0x02 0x60 0x40 0x01 0x84                                                                                                                                              JNZ r28, #TGT_F_ZL8run_bodyILi5ELi10EEvPKhS1_PKiS3_PiS4_iS4__1216
.delay_slot
	  1196    0x1f 0xda 0x20 0xf8                                                                                                                                                                                      MOV r31, r20
.delay_slot
.swstall delay_slot
	  1200    0x00 0x00                                                                        NOPX
.delay_slot
.swstall delay_slot
	  1202    0x00 0x00                                                                        NOPX
.delay_slot
.swstall delay_slot
	  1204    0x00 0x00                                                                        NOPX
.delay_slot
.swstall delay_slot
	  1206    0x00 0x00                                                                        NOPX
	  1208    0x00 0x01 0xf0 0x09 0x00 0x00 0x1c 0x22                                                                                                                                    MOVX r31, #0;                                                         NOPV
.label TGT_F_ZL8run_bodyILi5ELi10EEvPKhS1_PKiS3_PiS4_iS4__1216
	  1216    0x01 0xbd 0x00 0x35 0xc1 0xef 0xc8 0x10 0x78 0xba                                MOVA r29, #13;                                                                            LSHL r28, r26, r3;            MOV r30, r0
	  1226    0x0f 0x38 0x91 0x1f 0xd2 0xe4                                                                                                                                              AND r28, r1, r28;             VINSERT.16 x1, x1, r29, r31
	  1232    0x13 0xff 0xc7 0x98                                                                                                                                                        EQ r31, r15, r28
	  1236    0xf8 0x02 0x80 0x40 0x01 0x84                                                                                                                                              JNZ r31, #TGT_F_ZL8run_bodyILi5ELi10EEvPKhS1_PKiS3_PiS4_iS4__1280
.delay_slot
	  1242    0x10 0x3a 0x39 0x18                                                                                                                                                        MOVX r29, #14
.delay_slot
.swstall delay_slot
	  1246    0x00 0x00                                                                        NOPX
.delay_slot
.swstall delay_slot
	  1248    0x00 0x00                                                                        NOPX
.delay_slot
.swstall delay_slot
	  1250    0x00 0x00                                                                        NOPX
.delay_slot
.swstall delay_slot
	  1252    0x00 0x00                                                                        NOPX
	  1254    0x13 0x79 0xc8 0x98                                                                                                                                                        NE r28, r13, r28
	  1258    0xe0 0x02 0x80 0x40 0x01 0x84                                                                                                                                              JNZ r28, #TGT_F_ZL8run_bodyILi5ELi10EEvPKhS1_PKiS3_PiS4_iS4__1280
.delay_slot
	  1264    0x1f 0x9a 0x20 0xf8                                                                                                                                                                                      MOV r30, r20
.delay_slot
.swstall delay_slot
	  1268    0x00 0x00                                                                        NOPX
.delay_slot
.swstall delay_slot
	  1270    0x00 0x00                                                                        NOPX
.delay_slot
.swstall delay_slot
	  1272    0x00 0x00                                                                        NOPX
.delay_slot
.swstall delay_slot
	  1274    0x00 0x00                                                                        NOPX
	  1276    0x10 0x3c 0x01 0x18                                                                                                                                                        MOVX r30, #0
.label TGT_F_ZL8run_bodyILi5ELi10EEvPKhS1_PKiS3_PiS4_iS4__1280
	  1280    0xd6 0x97 0xb1 0x1f 0x92 0xe4                                                                                                                                              LSHL r26, r26, r11;           VINSERT.16 x1, x1, r29, r30
	  1286    0x13 0xfd 0xa7 0x98                                                                                                                                                        EQ r30, r15, r26
	  1290    0xf0 0x02 0xa0 0x40 0x01 0x84                                                                                                                                              JNZ r30, #TGT_F_ZL8run_bodyILi5ELi10EEvPKhS1_PKiS3_PiS4_iS4__1344
.delay_slot
	  1296    0x1f 0x10 0x20 0xf8                                                                                                                                                                                      MOV r28, r0
.delay_slot
.swstall delay_slot
	  1300    0x00 0x00                                                                        NOPX
.delay_slot
.swstall delay_slot
	  1302    0x00 0x00                                                                        NOPX
.delay_slot
.swstall delay_slot
	  1304    0x00 0x00                                                                        NOPX
.delay_slot
.swstall delay_slot
	  1306    0x00 0x00                                                                        NOPX
	  1308    0x13 0x75 0xa8 0x98                                                                                                                                                        NE r26, r13, r26
	  1312    0xd0 0x02 0xa0 0x40 0x01 0x84                                                                                                                                              JNZ r26, #TGT_F_ZL8run_bodyILi5ELi10EEvPKhS1_PKiS3_PiS4_iS4__1344
.delay_slot
	  1318    0x1f 0x1a 0x20 0xf8                                                                                                                                                                                      MOV r28, r20
.delay_slot
.swstall delay_slot
	  1322    0x00 0x00                                                                        NOPX
.delay_slot
.swstall delay_slot
	  1324    0x00 0x00                                                                        NOPX
.delay_slot
.swstall delay_slot
	  1326    0x00 0x00                                                                        NOPX
.delay_slot
.swstall delay_slot
	  1328    0x00 0x00                                                                        NOPX
	  1330    0x00 0x2c 0xf0 0x00 0x20 0x38 0x01 0x00 0x34 0xaf 0x00 0x2b 0x60 0x7e            NOPA;                         NOPB;                         NOPS;                         MOVX r28, #0;                 NOPM
.label TGT_F_ZL8run_bodyILi5ELi10EEvPKhS1_PKiS3_PiS4_iS4__1344
	  1344    0x43 0xe9 0x50 0x74 0x7a 0x2c                                                    LDA.u8 r26, [p2], #1;                                                                     MOVX r29, #15
	  1350    0x18 0x8f 0x89 0x78                                                                                                                                                                                      VINSERT.16 x1, x1, r29, r28
	  1354    0x00 0x00                                                                        NOPX
	  1356    0x00 0x00                                                                        NOPX
	  1358    0x00 0x00                                                                        NOPX
	  1360    0x00 0x00                                                                        NOPX
	  1362    0x00 0x00                                                                        NOPX
	  1364    0x10 0x79 0xa4 0x98                                                                                                                                                        AND r28, r1, r26
	  1368    0x13 0xff 0xc7 0x98                                                                                                                                                        EQ r31, r15, r28
	  1372    0xf8 0x02 0xc8 0x40 0x01 0x84                                                                                                                                              JNZ r31, #TGT_F_ZL8run_bodyILi5ELi10EEvPKhS1_PKiS3_PiS4_iS4__1424
.delay_slot
	  1378    0x1f 0x90 0x20 0xf8                                                                                                                                                                                      MOV r30, r0
.delay_slot
.swstall delay_slot
	  1382    0x00 0x00                                                                        NOPX
.delay_slot
.swstall delay_slot
	  1384    0x00 0x00                                                                        NOPX
.delay_slot
.swstall delay_slot
	  1386    0x00 0x00                                                                        NOPX
.delay_slot
.swstall delay_slot
	  1388    0x00 0x00                                                                        NOPX
	  1390    0x13 0x79 0xc8 0x98                                                                                                                                                        NE r28, r13, r28
	  1394    0xe0 0x02 0xc8 0x40 0x01 0x84                                                                                                                                              JNZ r28, #TGT_F_ZL8run_bodyILi5ELi10EEvPKhS1_PKiS3_PiS4_iS4__1424
.delay_slot
	  1400    0x1f 0x9a 0x20 0xf8                                                                                                                                                                                      MOV r30, r20
.delay_slot
.swstall delay_slot
	  1404    0x00 0x00                                                                        NOPX
.delay_slot
.swstall delay_slot
	  1406    0x00 0x00                                                                        NOPX
.delay_slot
.swstall delay_slot
	  1408    0x00 0x00                                                                        NOPX
.delay_slot
.swstall delay_slot
	  1410    0x00 0x00                                                                        NOPX
	  1412    0x00 0x2c 0xf0 0x00 0x20 0x01 0xe0 0x08 0x00 0xad 0x81 0x36                      NOPA;                         NOPB;                         NOPS;                         MOVX r30, #0
.label TGT_F_ZL8run_bodyILi5ELi10EEvPKhS1_PKiS3_PiS4_iS4__1424
	  1424    0x16 0xb8 0x2d 0x98                                                                                                                                                        LSHL r28, r26, r2
	  1428    0x10 0x79 0xc4 0x98                                                                                                                                                        AND r28, r1, r28
	  1432    0x13 0xff 0xc7 0x98                                                                                                                                                        EQ r31, r15, r28
	  1436    0xf8 0x02 0xe8 0x40 0x01 0x84                                                                                                                                              JNZ r31, #TGT_F_ZL8run_bodyILi5ELi10EEvPKhS1_PKiS3_PiS4_iS4__1488
.delay_slot
.swstall delay_slot
	  1442    0x00 0x00                                                                        NOPX
.delay_slot
.swstall delay_slot
	  1444    0x00 0x00                                                                        NOPX
.delay_slot
	  1446    0x10 0x3a 0x41 0x18                                                                                                                                                        MOVX r29, #16
.delay_slot
	  1450    0x18 0x8f 0xc9 0x78                                                                                                                                                                                      VINSERT.16 x1, x1, r29, r30
.delay_slot
	  1454    0x1f 0x90 0x20 0xf8                                                                                                                                                                                      MOV r30, r0
	  1458    0x13 0x79 0xc8 0x98                                                                                                                                                        NE r28, r13, r28
	  1462    0xe0 0x02 0xe8 0x40 0x01 0x84                                                                                                                                              JNZ r28, #TGT_F_ZL8run_bodyILi5ELi10EEvPKhS1_PKiS3_PiS4_iS4__1488
.delay_slot
	  1468    0x1f 0x9a 0x20 0xf8                                                                                                                                                                                      MOV r30, r20
.delay_slot
.swstall delay_slot
	  1472    0x00 0x00                                                                        NOPX
.delay_slot
.swstall delay_slot
	  1474    0x00 0x00                                                                        NOPX
.delay_slot
.swstall delay_slot
	  1476    0x00 0x00                                                                        NOPX
.delay_slot
.swstall delay_slot
	  1478    0x00 0x00                                                                        NOPX
	  1480    0x00 0x01 0xe0 0x09 0x00 0x00 0x1c 0x22                                                                                                                                    MOVX r30, #0;                                                         NOPV
.label TGT_F_ZL8run_bodyILi5ELi10EEvPKhS1_PKiS3_PiS4_iS4__1488
	  1488    0x16 0xb8 0x3d 0x98                                                                                                                                                        LSHL r28, r26, r3
	  1492    0x10 0x79 0xc4 0x98                                                                                                                                                        AND r28, r1, r28
	  1496    0x13 0xff 0xc7 0x98                                                                                                                                                        EQ r31, r15, r28
	  1500    0xf8 0x03 0x08 0x40 0x01 0x84                                                                                                                                              JNZ r31, #TGT_F_ZL8run_bodyILi5ELi10EEvPKhS1_PKiS3_PiS4_iS4__1552
.delay_slot
	  1506    0x10 0x3a 0x45 0x18                                                                                                                                                        MOVX r29, #17
.delay_slot
	  1510    0x18 0x8f 0xc9 0x78                                                                                                                                                                                      VINSERT.16 x1, x1, r29, r30
.delay_slot
.swstall delay_slot
	  1514    0x00 0x00                                                                        NOPX
.delay_slot
.swstall delay_slot
	  1516    0x00 0x00                                                                        NOPX
.delay_slot
	  1518    0x07 0x49 0x2f 0x20 0x41 0xe4                                                                                                                                              MOVX r29, #18;                MOV r30, r0
	  1524    0x13 0x79 0xc8 0x98                                                                                                                                                        NE r28, r13, r28
	  1528    0xe0 0x03 0x08 0x40 0x01 0x84                                                                                                                                              JNZ r28, #TGT_F_ZL8run_bodyILi5ELi10EEvPKhS1_PKiS3_PiS4_iS4__1552
.delay_slot
	  1534    0x1f 0x9a 0x20 0xf8                                                                                                                                                                                      MOV r30, r20
.delay_slot
.swstall delay_slot
	  1538    0x00 0x00                                                                        NOPX
.delay_slot
.swstall delay_slot
	  1540    0x00 0x00                                                                        NOPX
.delay_slot
.swstall delay_slot
	  1542    0x00 0x00                                                                        NOPX
.delay_slot
.swstall delay_slot
	  1544    0x00 0x00                                                                        NOPX
	  1546    0x00 0x2c 0xf0 0x78 0x02 0x2c                                                    NOPA;                                                                                     MOVX r30, #0
.label TGT_F_ZL8run_bodyILi5ELi10EEvPKhS1_PKiS3_PiS4_iS4__1552
	  1552    0xd6 0x97 0xb1 0x1f 0x92 0xe4                                                                                                                                              LSHL r26, r26, r11;           VINSERT.16 x1, x1, r29, r30
	  1558    0x13 0xfd 0xa7 0x98                                                                                                                                                        EQ r30, r15, r26
	  1562    0xf0 0x03 0x28 0x40 0x01 0x84                                                                                                                                              JNZ r30, #TGT_F_ZL8run_bodyILi5ELi10EEvPKhS1_PKiS3_PiS4_iS4__1616
.delay_slot
	  1568    0x1f 0x10 0x20 0xf8                                                                                                                                                                                      MOV r28, r0
.delay_slot
.swstall delay_slot
	  1572    0x00 0x00                                                                        NOPX
.delay_slot
.swstall delay_slot
	  1574    0x00 0x00                                                                        NOPX
.delay_slot
.swstall delay_slot
	  1576    0x00 0x00                                                                        NOPX
.delay_slot
.swstall delay_slot
	  1578    0x00 0x00                                                                        NOPX
	  1580    0x13 0x75 0xa8 0x98                                                                                                                                                        NE r26, r13, r26
	  1584    0xd0 0x03 0x28 0x40 0x01 0x84                                                                                                                                              JNZ r26, #TGT_F_ZL8run_bodyILi5ELi10EEvPKhS1_PKiS3_PiS4_iS4__1616
.delay_slot
	  1590    0x1f 0x1a 0x20 0xf8                                                                                                                                                                                      MOV r28, r20
.delay_slot
.swstall delay_slot
	  1594    0x00 0x00                                                                        NOPX
.delay_slot
.swstall delay_slot
	  1596    0x00 0x00                                                                        NOPX
.delay_slot
.swstall delay_slot
	  1598    0x00 0x00                                                                        NOPX
.delay_slot
.swstall delay_slot
	  1600    0x00 0x00                                                                        NOPX
	  1602    0x00 0x2c 0xf0 0x00 0x20 0x38 0x01 0x00 0x34 0xaf 0x00 0x2b 0x60 0x7e            NOPA;                         NOPB;                         NOPS;                         MOVX r28, #0;                 NOPM
.label TGT_F_ZL8run_bodyILi5ELi10EEvPKhS1_PKiS3_PiS4_iS4__1616
	  1616    0x43 0xe9 0x50 0x01 0xd2 0x68 0x32 0x60 0x78 0xba                                LDA.u8 r26, [p2], #1;                                                                     MOVX r29, #19;                MOV p0, p2
	  1626    0x18 0x8f 0x89 0x78                                                                                                                                                                                      VINSERT.16 x1, x1, r29, r28
	  1630    0x00 0x00                                                                        NOPX
	  1632    0x00 0x00                                                                        NOPX
	  1634    0x00 0x00                                                                        NOPX
	  1636    0x00 0x00                                                                        NOPX
	  1638    0x00 0x00                                                                        NOPX
	  1640    0x10 0x79 0xa4 0x98                                                                                                                                                        AND r28, r1, r26
	  1644    0x13 0xff 0xc7 0x98                                                                                                                                                        EQ r31, r15, r28
	  1648    0xf8 0x03 0x50 0x40 0x01 0x84                                                                                                                                              JNZ r31, #TGT_F_ZL8run_bodyILi5ELi10EEvPKhS1_PKiS3_PiS4_iS4__1696
.delay_slot
	  1654    0x1f 0x90 0x20 0xf8                                                                                                                                                                                      MOV r30, r0
.delay_slot
.swstall delay_slot
	  1658    0x00 0x00                                                                        NOPX
.delay_slot
.swstall delay_slot
	  1660    0x00 0x00                                                                        NOPX
.delay_slot
.swstall delay_slot
	  1662    0x00 0x00                                                                        NOPX
.delay_slot
.swstall delay_slot
	  1664    0x00 0x00                                                                        NOPX
	  1666    0x13 0x79 0xc8 0x98                                                                                                                                                        NE r28, r13, r28
	  1670    0xe0 0x03 0x50 0x40 0x01 0x84                                                                                                                                              JNZ r28, #TGT_F_ZL8run_bodyILi5ELi10EEvPKhS1_PKiS3_PiS4_iS4__1696
.delay_slot
	  1676    0x1f 0x9a 0x20 0xf8                                                                                                                                                                                      MOV r30, r20
.delay_slot
.swstall delay_slot
	  1680    0x00 0x00                                                                        NOPX
.delay_slot
.swstall delay_slot
	  1682    0x00 0x00                                                                        NOPX
.delay_slot
.swstall delay_slot
	  1684    0x00 0x00                                                                        NOPX
.delay_slot
.swstall delay_slot
	  1686    0x00 0x00                                                                        NOPX
	  1688    0x00 0x01 0xe0 0x09 0x00 0x00 0x1c 0x22                                                                                                                                    MOVX r30, #0;                                                         NOPV
.label TGT_F_ZL8run_bodyILi5ELi10EEvPKhS1_PKiS3_PiS4_iS4__1696
	  1696    0x16 0xb8 0x2d 0x98                                                                                                                                                        LSHL r28, r26, r2
	  1700    0x10 0x79 0xc4 0x98                                                                                                                                                        AND r28, r1, r28
	  1704    0x13 0xff 0xc7 0x98                                                                                                                                                        EQ r31, r15, r28
	  1708    0xf8 0x03 0x70 0x40 0x01 0x84                                                                                                                                              JNZ r31, #TGT_F_ZL8run_bodyILi5ELi10EEvPKhS1_PKiS3_PiS4_iS4__1760
.delay_slot
.swstall delay_slot
	  1714    0x00 0x00                                                                        NOPX
.delay_slot
.swstall delay_slot
	  1716    0x00 0x00                                                                        NOPX
.delay_slot
	  1718    0x1f 0x55 0xc0 0xf8                                                                                                                                                                                      MOV r29, s1
.delay_slot
	  1722    0x18 0x8f 0xc9 0x78                                                                                                                                                                                      VINSERT.16 x1, x1, r29, r30
.delay_slot
	  1726    0x1f 0x90 0x20 0xf8                                                                                                                                                                                      MOV r30, r0
	  1730    0x13 0x79 0xc8 0x98                                                                                                                                                        NE r28, r13, r28
	  1734    0xe0 0x03 0x70 0x40 0x01 0x84                                                                                                                                              JNZ r28, #TGT_F_ZL8run_bodyILi5ELi10EEvPKhS1_PKiS3_PiS4_iS4__1760
.delay_slot
	  1740    0x1f 0x9a 0x20 0xf8                                                                                                                                                                                      MOV r30, r20
.delay_slot
.swstall delay_slot
	  1744    0x00 0x00                                                                        NOPX
.delay_slot
.swstall delay_slot
	  1746    0x00 0x00                                                                        NOPX
.delay_slot
.swstall delay_slot
	  1748    0x00 0x00                                                                        NOPX
.delay_slot
.swstall delay_slot
	  1750    0x00 0x00                                                                        NOPX
	  1752    0x00 0x01 0xe0 0x09 0x00 0x00 0x1c 0x22                                                                                                                                    MOVX r30, #0;                                                         NOPV
.label TGT_F_ZL8run_bodyILi5ELi10EEvPKhS1_PKiS3_PiS4_iS4__1760
	  1760    0x16 0xb8 0x3d 0x98                                                                                                                                                        LSHL r28, r26, r3
	  1764    0x10 0x79 0xc4 0x98                                                                                                                                                        AND r28, r1, r28
	  1768    0x13 0xff 0xc7 0x98                                                                                                                                                        EQ r31, r15, r28
	  1772    0xf8 0x03 0x90 0x40 0x01 0x84                                                                                                                                              JNZ r31, #TGT_F_ZL8run_bodyILi5ELi10EEvPKhS1_PKiS3_PiS4_iS4__1824
.delay_slot
	  1778    0x10 0x3a 0x55 0x18                                                                                                                                                        MOVX r29, #21
.delay_slot
	  1782    0x18 0x8f 0xc9 0x78                                                                                                                                                                                      VINSERT.16 x1, x1, r29, r30
.delay_slot
.swstall delay_slot
	  1786    0x00 0x00                                                                        NOPX
.delay_slot
.swstall delay_slot
	  1788    0x00 0x00                                                                        NOPX
.delay_slot
	  1790    0x07 0x4b 0x2f 0x20 0x41 0xe4                                                                                                                                              MOVX r29, #22;                MOV r30, r0
	  1796    0x13 0x79 0xc8 0x98                                                                                                                                                        NE r28, r13, r28
	  1800    0xe0 0x03 0x90 0x40 0x01 0x84                                                                                                                                              JNZ r28, #TGT_F_ZL8run_bodyILi5ELi10EEvPKhS1_PKiS3_PiS4_iS4__1824
.delay_slot
	  1806    0x1f 0x9a 0x20 0xf8                                                                                                                                                                                      MOV r30, r20
.delay_slot
.swstall delay_slot
	  1810    0x00 0x00                                                                        NOPX
.delay_slot
.swstall delay_slot
	  1812    0x00 0x00                                                                        NOPX
.delay_slot
.swstall delay_slot
	  1814    0x00 0x00                                                                        NOPX
.delay_slot
.swstall delay_slot
	  1816    0x00 0x00                                                                        NOPX
	  1818    0x00 0x2c 0xf0 0x78 0x02 0x2c                                                    NOPA;                                                                                     MOVX r30, #0
.label TGT_F_ZL8run_bodyILi5ELi10EEvPKhS1_PKiS3_PiS4_iS4__1824
	  1824    0xd6 0x97 0xb1 0x1f 0x92 0xe4                                                                                                                                              LSHL r26, r26, r11;           VINSERT.16 x1, x1, r29, r30
	  1830    0x13 0xfd 0xa7 0x98                                                                                                                                                        EQ r30, r15, r26
	  1834    0xf0 0x03 0xb0 0x40 0x01 0x84                                                                                                                                              JNZ r30, #TGT_F_ZL8run_bodyILi5ELi10EEvPKhS1_PKiS3_PiS4_iS4__1888
.delay_slot
	  1840    0x1f 0x10 0x20 0xf8                                                                                                                                                                                      MOV r28, r0
.delay_slot
.swstall delay_slot
	  1844    0x00 0x00                                                                        NOPX
.delay_slot
.swstall delay_slot
	  1846    0x00 0x00                                                                        NOPX
.delay_slot
.swstall delay_slot
	  1848    0x00 0x00                                                                        NOPX
.delay_slot
.swstall delay_slot
	  1850    0x00 0x00                                                                        NOPX
	  1852    0x13 0x75 0xa8 0x98                                                                                                                                                        NE r26, r13, r26
	  1856    0xd0 0x03 0xb0 0x40 0x01 0x84                                                                                                                                              JNZ r26, #TGT_F_ZL8run_bodyILi5ELi10EEvPKhS1_PKiS3_PiS4_iS4__1888
.delay_slot
	  1862    0x1f 0x1a 0x20 0xf8                                                                                                                                                                                      MOV r28, r20
.delay_slot
.swstall delay_slot
	  1866    0x00 0x00                                                                        NOPX
.delay_slot
.swstall delay_slot
	  1868    0x00 0x00                                                                        NOPX
.delay_slot
.swstall delay_slot
	  1870    0x00 0x00                                                                        NOPX
.delay_slot
.swstall delay_slot
	  1872    0x00 0x00                                                                        NOPX
	  1874    0x00 0x2c 0xf0 0x00 0x20 0x38 0x01 0x00 0x34 0xaf 0x00 0x2b 0x60 0x7e            NOPA;                         NOPB;                         NOPS;                         MOVX r28, #0;                 NOPM
.label TGT_F_ZL8run_bodyILi5ELi10EEvPKhS1_PKiS3_PiS4_iS4__1888
	  1888    0x02 0xe9 0x50 0x74 0xba 0x2c                                                    LDA.u8 r26, [p0, #1];                                                                     MOVX r29, #23
	  1894    0x18 0x8f 0x89 0x78                                                                                                                                                                                      VINSERT.16 x1, x1, r29, r28
	  1898    0x00 0x00                                                                        NOPX
	  1900    0x00 0x00                                                                        NOPX
	  1902    0x00 0x00                                                                        NOPX
	  1904    0x00 0x00                                                                        NOPX
	  1906    0x00 0x00                                                                        NOPX
	  1908    0x10 0x79 0xa4 0x98                                                                                                                                                        AND r28, r1, r26
	  1912    0x13 0xff 0xc7 0x98                                                                                                                                                        EQ r31, r15, r28
	  1916    0xf8 0x03 0xd8 0x40 0x01 0x84                                                                                                                                              JNZ r31, #TGT_F_ZL8run_bodyILi5ELi10EEvPKhS1_PKiS3_PiS4_iS4__1968
.delay_slot
	  1922    0x1f 0x90 0x20 0xf8                                                                                                                                                                                      MOV r30, r0
.delay_slot
.swstall delay_slot
	  1926    0x00 0x00                                                                        NOPX
.delay_slot
.swstall delay_slot
	  1928    0x00 0x00                                                                        NOPX
.delay_slot
.swstall delay_slot
	  1930    0x00 0x00                                                                        NOPX
.delay_slot
.swstall delay_slot
	  1932    0x00 0x00                                                                        NOPX
	  1934    0x13 0x79 0xc8 0x98                                                                                                                                                        NE r28, r13, r28
	  1938    0xe0 0x03 0xd8 0x40 0x01 0x84                                                                                                                                              JNZ r28, #TGT_F_ZL8run_bodyILi5ELi10EEvPKhS1_PKiS3_PiS4_iS4__1968
.delay_slot
	  1944    0x1f 0x9a 0x20 0xf8                                                                                                                                                                                      MOV r30, r20
.delay_slot
.swstall delay_slot
	  1948    0x00 0x00                                                                        NOPX
.delay_slot
.swstall delay_slot
	  1950    0x00 0x00                                                                        NOPX
.delay_slot
.swstall delay_slot
	  1952    0x00 0x00                                                                        NOPX
.delay_slot
.swstall delay_slot
	  1954    0x00 0x00                                                                        NOPX
	  1956    0x00 0x2c 0xf0 0x00 0x20 0x01 0xe0 0x08 0x00 0xad 0x81 0x36                      NOPA;                         NOPB;                         NOPS;                         MOVX r30, #0
.label TGT_F_ZL8run_bodyILi5ELi10EEvPKhS1_PKiS3_PiS4_iS4__1968
	  1968    0x16 0xb8 0x2d 0x98                                                                                                                                                        LSHL r28, r26, r2
	  1972    0x10 0x79 0xc4 0x98                                                                                                                                                        AND r28, r1, r28
	  1976    0x13 0xff 0xc7 0x98                                                                                                                                                        EQ r31, r15, r28
	  1980    0xf8 0x03 0xf8 0x40 0x01 0x84                                                                                                                                              JNZ r31, #TGT_F_ZL8run_bodyILi5ELi10EEvPKhS1_PKiS3_PiS4_iS4__2032
.delay_slot
.swstall delay_slot
	  1986    0x00 0x00                                                                        NOPX
.delay_slot
.swstall delay_slot
	  1988    0x00 0x00                                                                        NOPX
.delay_slot
	  1990    0x10 0x3a 0x61 0x18                                                                                                                                                        MOVX r29, #24
.delay_slot
	  1994    0x18 0x8f 0xc9 0x78                                                                                                                                                                                      VINSERT.16 x1, x1, r29, r30
.delay_slot
	  1998    0x1f 0x90 0x20 0xf8                                                                                                                                                                                      MOV r30, r0
	  2002    0x13 0x79 0xc8 0x98                                                                                                                                                        NE r28, r13, r28
	  2006    0xe0 0x03 0xf8 0x40 0x01 0x84                                                                                                                                              JNZ r28, #TGT_F_ZL8run_bodyILi5ELi10EEvPKhS1_PKiS3_PiS4_iS4__2032
.delay_slot
	  2012    0x1f 0x9a 0x20 0xf8                                                                                                                                                                                      MOV r30, r20
.delay_slot
.swstall delay_slot
	  2016    0x00 0x00                                                                        NOPX
.delay_slot
.swstall delay_slot
	  2018    0x00 0x00                                                                        NOPX
.delay_slot
.swstall delay_slot
	  2020    0x00 0x00                                                                        NOPX
.delay_slot
.swstall delay_slot
	  2022    0x00 0x00                                                                        NOPX
	  2024    0x00 0x01 0xe0 0x09 0x00 0x00 0x1c 0x22                                                                                                                                    MOVX r30, #0;                                                         NOPV
.label TGT_F_ZL8run_bodyILi5ELi10EEvPKhS1_PKiS3_PiS4_iS4__2032
	  2032    0x16 0xb8 0x3d 0x98                                                                                                                                                        LSHL r28, r26, r3
	  2036    0x10 0x79 0xc4 0x98                                                                                                                                                        AND r28, r1, r28
	  2040    0x13 0xff 0xc7 0x98                                                                                                                                                        EQ r31, r15, r28
	  2044    0xf8 0x04 0x18 0x40 0x01 0x84                                                                                                                                              JNZ r31, #TGT_F_ZL8run_bodyILi5ELi10EEvPKhS1_PKiS3_PiS4_iS4__2096
.delay_slot
	  2050    0x10 0x3a 0x65 0x18                                                                                                                                                        MOVX r29, #25
.delay_slot
	  2054    0x18 0x8f 0xc9 0x78                                                                                                                                                                                      VINSERT.16 x1, x1, r29, r30
.delay_slot
.swstall delay_slot
	  2058    0x00 0x00                                                                        NOPX
.delay_slot
.swstall delay_slot
	  2060    0x00 0x00                                                                        NOPX
.delay_slot
	  2062    0x07 0x4d 0x2f 0x20 0x41 0xe4                                                                                                                                              MOVX r29, #26;                MOV r30, r0
	  2068    0x13 0x79 0xc8 0x98                                                                                                                                                        NE r28, r13, r28
	  2072    0xe0 0x04 0x18 0x40 0x01 0x84                                                                                                                                              JNZ r28, #TGT_F_ZL8run_bodyILi5ELi10EEvPKhS1_PKiS3_PiS4_iS4__2096
.delay_slot
	  2078    0x1f 0x9a 0x20 0xf8                                                                                                                                                                                      MOV r30, r20
.delay_slot
.swstall delay_slot
	  2082    0x00 0x00                                                                        NOPX
.delay_slot
.swstall delay_slot
	  2084    0x00 0x00                                                                        NOPX
.delay_slot
.swstall delay_slot
	  2086    0x00 0x00                                                                        NOPX
.delay_slot
.swstall delay_slot
	  2088    0x00 0x00                                                                        NOPX
	  2090    0x00 0x2c 0xf0 0x78 0x02 0x2c                                                    NOPA;                                                                                     MOVX r30, #0
.label TGT_F_ZL8run_bodyILi5ELi10EEvPKhS1_PKiS3_PiS4_iS4__2096
	  2096    0xd6 0x97 0xb1 0x1f 0x92 0xe4                                                                                                                                              LSHL r26, r26, r11;           VINSERT.16 x1, x1, r29, r30
	  2102    0x13 0xfd 0xa7 0x98                                                                                                                                                        EQ r30, r15, r26
	  2106    0xf0 0x04 0x38 0x40 0x01 0x84                                                                                                                                              JNZ r30, #TGT_F_ZL8run_bodyILi5ELi10EEvPKhS1_PKiS3_PiS4_iS4__2160
.delay_slot
	  2112    0x1f 0x10 0x20 0xf8                                                                                                                                                                                      MOV r28, r0
.delay_slot
.swstall delay_slot
	  2116    0x00 0x00                                                                        NOPX
.delay_slot
.swstall delay_slot
	  2118    0x00 0x00                                                                        NOPX
.delay_slot
.swstall delay_slot
	  2120    0x00 0x00                                                                        NOPX
.delay_slot
.swstall delay_slot
	  2122    0x00 0x00                                                                        NOPX
	  2124    0x13 0x75 0xa8 0x98                                                                                                                                                        NE r26, r13, r26
	  2128    0xd0 0x04 0x38 0x40 0x01 0x84                                                                                                                                              JNZ r26, #TGT_F_ZL8run_bodyILi5ELi10EEvPKhS1_PKiS3_PiS4_iS4__2160
.delay_slot
	  2134    0x1f 0x1a 0x20 0xf8                                                                                                                                                                                      MOV r28, r20
.delay_slot
.swstall delay_slot
	  2138    0x00 0x00                                                                        NOPX
.delay_slot
.swstall delay_slot
	  2140    0x00 0x00                                                                        NOPX
.delay_slot
.swstall delay_slot
	  2142    0x00 0x00                                                                        NOPX
.delay_slot
.swstall delay_slot
	  2144    0x00 0x00                                                                        NOPX
	  2146    0x00 0x2c 0xf0 0x00 0x20 0x38 0x01 0x00 0x34 0xaf 0x00 0x2b 0x60 0x7e            NOPA;                         NOPB;                         NOPS;                         MOVX r28, #0;                 NOPM
.label TGT_F_ZL8run_bodyILi5ELi10EEvPKhS1_PKiS3_PiS4_iS4__2160
	  2160    0x42 0xe9 0x50 0x74 0xda 0x2c                                                    LDA.u8 r26, [p2, #1];                                                                     MOVX r29, #27
	  2166    0x18 0x8f 0x89 0x78                                                                                                                                                                                      VINSERT.16 x1, x1, r29, r28
	  2170    0x00 0x00                                                                        NOPX
	  2172    0x00 0x00                                                                        NOPX
	  2174    0x00 0x00                                                                        NOPX
	  2176    0x00 0x00                                                                        NOPX
	  2178    0x00 0x00                                                                        NOPX
	  2180    0x10 0x79 0xa4 0x98                                                                                                                                                        AND r28, r1, r26
	  2184    0x13 0xff 0xc7 0x98                                                                                                                                                        EQ r31, r15, r28
	  2188    0xf8 0x04 0x60 0x40 0x01 0x84                                                                                                                                              JNZ r31, #TGT_F_ZL8run_bodyILi5ELi10EEvPKhS1_PKiS3_PiS4_iS4__2240
.delay_slot
	  2194    0x1f 0x90 0x20 0xf8                                                                                                                                                                                      MOV r30, r0
.delay_slot
.swstall delay_slot
	  2198    0x00 0x00                                                                        NOPX
.delay_slot
.swstall delay_slot
	  2200    0x00 0x00                                                                        NOPX
.delay_slot
.swstall delay_slot
	  2202    0x00 0x00                                                                        NOPX
.delay_slot
.swstall delay_slot
	  2204    0x00 0x00                                                                        NOPX
	  2206    0x13 0x79 0xc8 0x98                                                                                                                                                        NE r28, r13, r28
	  2210    0xe0 0x04 0x60 0x40 0x01 0x84                                                                                                                                              JNZ r28, #TGT_F_ZL8run_bodyILi5ELi10EEvPKhS1_PKiS3_PiS4_iS4__2240
.delay_slot
	  2216    0x1f 0x9a 0x20 0xf8                                                                                                                                                                                      MOV r30, r20
.delay_slot
.swstall delay_slot
	  2220    0x00 0x00                                                                        NOPX
.delay_slot
.swstall delay_slot
	  2222    0x00 0x00                                                                        NOPX
.delay_slot
.swstall delay_slot
	  2224    0x00 0x00                                                                        NOPX
.delay_slot
.swstall delay_slot
	  2226    0x00 0x00                                                                        NOPX
	  2228    0x00 0x2c 0xf0 0x00 0x20 0x01 0xe0 0x08 0x00 0xad 0x81 0x36                      NOPA;                         NOPB;                         NOPS;                         MOVX r30, #0
.label TGT_F_ZL8run_bodyILi5ELi10EEvPKhS1_PKiS3_PiS4_iS4__2240
	  2240    0x16 0xb8 0x2d 0x98                                                                                                                                                        LSHL r28, r26, r2
	  2244    0x10 0x79 0xc4 0x98                                                                                                                                                        AND r28, r1, r28
	  2248    0x13 0xff 0xc7 0x98                                                                                                                                                        EQ r31, r15, r28
	  2252    0xf8 0x04 0x80 0x40 0x01 0x84                                                                                                                                              JNZ r31, #TGT_F_ZL8run_bodyILi5ELi10EEvPKhS1_PKiS3_PiS4_iS4__2304
.delay_slot
.swstall delay_slot
	  2258    0x00 0x00                                                                        NOPX
.delay_slot
.swstall delay_slot
	  2260    0x00 0x00                                                                        NOPX
.delay_slot
	  2262    0x10 0x3a 0x71 0x18                                                                                                                                                        MOVX r29, #28
.delay_slot
	  2266    0x18 0x8f 0xc9 0x78                                                                                                                                                                                      VINSERT.16 x1, x1, r29, r30
.delay_slot
	  2270    0x1f 0x90 0x20 0xf8                                                                                                                                                                                      MOV r30, r0
	  2274    0x13 0x79 0xc8 0x98                                                                                                                                                        NE r28, r13, r28
	  2278    0xe0 0x04 0x80 0x40 0x01 0x84                                                                                                                                              JNZ r28, #TGT_F_ZL8run_bodyILi5ELi10EEvPKhS1_PKiS3_PiS4_iS4__2304
.delay_slot
	  2284    0x1f 0x9a 0x20 0xf8                                                                                                                                                                                      MOV r30, r20
.delay_slot
.swstall delay_slot
	  2288    0x00 0x00                                                                        NOPX
.delay_slot
.swstall delay_slot
	  2290    0x00 0x00                                                                        NOPX
.delay_slot
.swstall delay_slot
	  2292    0x00 0x00                                                                        NOPX
.delay_slot
.swstall delay_slot
	  2294    0x00 0x00                                                                        NOPX
	  2296    0x00 0x01 0xe0 0x09 0x00 0x00 0x1c 0x22                                                                                                                                    MOVX r30, #0;                                                         NOPV
.label TGT_F_ZL8run_bodyILi5ELi10EEvPKhS1_PKiS3_PiS4_iS4__2304
	  2304    0x16 0xb8 0x3d 0x98                                                                                                                                                        LSHL r28, r26, r3
	  2308    0x10 0x79 0xc4 0x98                                                                                                                                                        AND r28, r1, r28
	  2312    0x13 0xff 0xc7 0x98                                                                                                                                                        EQ r31, r15, r28
	  2316    0xf8 0x04 0xa0 0x40 0x01 0x84                                                                                                                                              JNZ r31, #TGT_F_ZL8run_bodyILi5ELi10EEvPKhS1_PKiS3_PiS4_iS4__2368
.delay_slot
	  2322    0x10 0x3a 0x75 0x18                                                                                                                                                        MOVX r29, #29
.delay_slot
	  2326    0x18 0x8f 0xc9 0x78                                                                                                                                                                                      VINSERT.16 x1, x1, r29, r30
.delay_slot
.swstall delay_slot
	  2330    0x00 0x00                                                                        NOPX
.delay_slot
.swstall delay_slot
	  2332    0x00 0x00                                                                        NOPX
.delay_slot
	  2334    0x07 0x4f 0x2f 0x20 0x41 0xe4                                                                                                                                              MOVX r29, #30;                MOV r30, r0
	  2340    0x13 0x79 0xc8 0x98                                                                                                                                                        NE r28, r13, r28
	  2344    0xe0 0x04 0xa0 0x40 0x01 0x84                                                                                                                                              JNZ r28, #TGT_F_ZL8run_bodyILi5ELi10EEvPKhS1_PKiS3_PiS4_iS4__2368
.delay_slot
	  2350    0x1f 0x9a 0x20 0xf8                                                                                                                                                                                      MOV r30, r20
.delay_slot
.swstall delay_slot
	  2354    0x00 0x00                                                                        NOPX
.delay_slot
.swstall delay_slot
	  2356    0x00 0x00                                                                        NOPX
.delay_slot
.swstall delay_slot
	  2358    0x00 0x00                                                                        NOPX
.delay_slot
.swstall delay_slot
	  2360    0x00 0x00                                                                        NOPX
	  2362    0x00 0x2c 0xf0 0x78 0x02 0x2c                                                    NOPA;                                                                                     MOVX r30, #0
.label TGT_F_ZL8run_bodyILi5ELi10EEvPKhS1_PKiS3_PiS4_iS4__2368
	  2368    0xd7 0x17 0xb1 0x1f 0x92 0xe4                                                                                                                                              LSHL r28, r26, r11;           VINSERT.16 x1, x1, r29, r30
	  2374    0x13 0xfd 0xc7 0x98                                                                                                                                                        EQ r30, r15, r28
	  2378    0xf0 0x04 0xc0 0x40 0x01 0x84                                                                                                                                              JNZ r30, #TGT_F_ZL8run_bodyILi5ELi10EEvPKhS1_PKiS3_PiS4_iS4__2432
.delay_slot
	  2384    0x1e 0x90 0x20 0xf8                                                                                                                                                                                      MOV r26, r0
.delay_slot
.swstall delay_slot
	  2388    0x00 0x00                                                                        NOPX
.delay_slot
.swstall delay_slot
	  2390    0x00 0x00                                                                        NOPX
.delay_slot
.swstall delay_slot
	  2392    0x00 0x00                                                                        NOPX
.delay_slot
.swstall delay_slot
	  2394    0x00 0x00                                                                        NOPX
	  2396    0x13 0x79 0xc8 0x98                                                                                                                                                        NE r28, r13, r28
	  2400    0xe0 0x04 0xc0 0x40 0x01 0x84                                                                                                                                              JNZ r28, #TGT_F_ZL8run_bodyILi5ELi10EEvPKhS1_PKiS3_PiS4_iS4__2432
.delay_slot
	  2406    0x1e 0x9a 0x20 0xf8                                                                                                                                                                                      MOV r26, r20
.delay_slot
.swstall delay_slot
	  2410    0x00 0x00                                                                        NOPX
.delay_slot
.swstall delay_slot
	  2412    0x00 0x00                                                                        NOPX
.delay_slot
.swstall delay_slot
	  2414    0x00 0x00                                                                        NOPX
.delay_slot
.swstall delay_slot
	  2416    0x00 0x00                                                                        NOPX
	  2418    0x00 0x2c 0xf0 0x00 0x20 0x34 0x01 0x00 0x34 0xaf 0x00 0x2b 0x60 0x7e            NOPA;                         NOPB;                         NOPS;                         MOVX r26, #0;                 NOPM
.label TGT_F_ZL8run_bodyILi5ELi10EEvPKhS1_PKiS3_PiS4_iS4__2432
	  2432    0x06 0x39 0x68 0x01 0xd3 0xeb 0x2e 0x42 0x08 0x3a                                                              VLDB x2, [p3], #64;                                         MOVX r29, #31;                ADD.NC r25, r25, #8
	  2442    0x53 0x21 0x60 0x01 0xd0 0x28 0x47 0xa4 0xb9 0x3a                                                                                            MOVS p2, r25;                 MOVX r29, #1;                 VINSERT.16 x1, x1, r29, r26
	  2452    0x00 0x00                                                                        NOPX
	  2454    0x00 0x00                                                                        NOPX
	  2456    0x00 0x00                                                                        NOPX
	  2458    0x00 0x00                                                                        NOPX
	  2460    0x00 0x00                                                                        NOPX
	  2462    0x4a 0xe2 0x41 0x48                                                                                                                                                                                                                              VMUL.f dm2, x1, x2, r9
	  2466    0x00 0x00                                                                        NOPX
	  2468    0x00 0x00                                                                        NOPX
	  2470    0x00 0x00                                                                        NOPX
	  2472    0x00 0x00                                                                        NOPX
	  2474    0x00 0x00                                                                        NOPX
	  2476    0x08 0x91 0x16 0x18                                                                                                                          VCONV.bf16.fp32 x1, cml2
	  2480    0x00 0x00                                                                        NOPX
	  2482    0x1a 0x03 0x8a 0xf8                                                                                                                                                                                      VCONV.fp32.bf16 cml2, x1
	  2486    0x00 0x00                                                                        NOPX
	  2488    0x19 0x28 0x12 0xf8                                                                                                                                                                                      VMOV x2, bmll2
	  2492    0x18 0xa9 0x12 0xf8                                                                                                                                                                                      VMOV x1, bmlh2
.aggressive_scheduled_block_id 2
.aggressive_scheduled_block_id first
	  2496    0x1d 0x10 0x99 0xd8                                                                                                                                                                                      VSHUFFLE bmhl2, x2, x1, r6
.aggressive_scheduled_block_id 2
.noswbrkpt
	  2500    0x52 0x4c 0x3d 0x48                                                                                                                                                                                                                              VADD.f dm2, dm2, dm3, r10
.aggressive_scheduled_block_id 2
.aggressive_scheduled_block_id last
.nohwbrkpt
.noswbrkpt
	  2504    0x1b 0x0a 0x12 0xf8                                                                                                                                                                                      VMOV bmll3, bmhl2
	  2508    0x00 0x00                                                                        NOPX
	  2510    0x00 0x00                                                                        NOPX
	  2512    0x00 0x00                                                                        NOPX
	  2514    0x00 0x00                                                                        NOPX
	  2516    0x18 0xa8 0x12 0xf8                                                                                                                                                                                      VMOV x1, bmll2
.aggressive_scheduled_block_id 3
.aggressive_scheduled_block_id first
	  2520    0x1d 0x08 0xc5 0xd8                                                                                                                                                                                      VSHUFFLE bmhl2, x1, x1, r17
.aggressive_scheduled_block_id 3
.noswbrkpt
	  2524    0x52 0x4c 0x3d 0x48                                                                                                                                                                                                                              VADD.f dm2, dm2, dm3, r10
.aggressive_scheduled_block_id 3
.aggressive_scheduled_block_id last
.nohwbrkpt
.noswbrkpt
	  2528    0x1b 0x0a 0x12 0xf8                                                                                                                                                                                      VMOV bmll3, bmhl2
	  2532    0x00 0x00                                                                        NOPX
	  2534    0x00 0x00                                                                        NOPX
	  2536    0x00 0x00                                                                        NOPX
	  2538    0x00 0x00                                                                        NOPX
	  2540    0x18 0xa8 0x12 0xf8                                                                                                                                                                                      VMOV x1, bmll2
.aggressive_scheduled_block_id 4
.aggressive_scheduled_block_id first
	  2544    0x1d 0x08 0xa1 0xd8                                                                                                                                                                                      VSHUFFLE bmhl2, x1, x1, r8
.aggressive_scheduled_block_id 4
.noswbrkpt
	  2548    0x52 0x4c 0x3d 0x48                                                                                                                                                                                                                              VADD.f dm2, dm2, dm3, r10
.aggressive_scheduled_block_id 4
.aggressive_scheduled_block_id last
.nohwbrkpt
.noswbrkpt
	  2552    0x1b 0x0a 0x12 0xf8                                                                                                                                                                                      VMOV bmll3, bmhl2
	  2556    0x00 0x00                                                                        NOPX
	  2558    0x00 0x00                                                                        NOPX
	  2560    0x00 0x00                                                                        NOPX
	  2562    0x00 0x00                                                                        NOPX
	  2564    0x18 0xa8 0x12 0xf8                                                                                                                                                                                      VMOV x1, bmll2
.aggressive_scheduled_block_id 5
.aggressive_scheduled_block_id first
	  2568    0x1d 0x08 0xb1 0xd8                                                                                                                                                                                      VSHUFFLE bmhl2, x1, x1, r12
.aggressive_scheduled_block_id 5
.noswbrkpt
	  2572    0x52 0x4c 0x3d 0x48                                                                                                                                                                                                                              VADD.f dm2, dm2, dm3, r10
.aggressive_scheduled_block_id 5
.aggressive_scheduled_block_id last
.nohwbrkpt
.noswbrkpt
	  2576    0x1b 0x0a 0x12 0xf8                                                                                                                                                                                      VMOV bmll3, bmhl2
	  2580    0x00 0x00                                                                        NOPX
	  2582    0x00 0x00                                                                        NOPX
	  2584    0x00 0x00                                                                        NOPX
	  2586    0x00 0x00                                                                        NOPX
	  2588    0x18 0xa8 0x12 0xf8                                                                                                                                                                                      VMOV x1, bmll2
.aggressive_scheduled_block_id 6
.aggressive_scheduled_block_id first
	  2592    0x1d 0x08 0xcd 0xd8                                                                                                                                                                                      VSHUFFLE bmhl2, x1, x1, r19
.aggressive_scheduled_block_id 6
.noswbrkpt
	  2596    0x52 0x4c 0x3d 0x48                                                                                                                                                                                                                              VADD.f dm2, dm2, dm3, r10
.aggressive_scheduled_block_id 6
.aggressive_scheduled_block_id last
.nohwbrkpt
.noswbrkpt
	  2600    0x1b 0x0a 0x12 0xf8                                                                                                                                                                                      VMOV bmll3, bmhl2
	  2604    0x00 0x00                                                                        NOPX
	  2606    0x00 0x00                                                                        NOPX
	  2608    0x00 0x00                                                                        NOPX
	  2610    0x00 0x00                                                                        NOPX
	  2612    0x08 0xc1 0x16 0x18                                                                                                                          VCONV.bf16.fp32 wl1, bmll2
	  2616    0x00 0x00                                                                        NOPX
	  2618    0x18 0x89 0x03 0x58                                                                                                                                                                                      VEXTBCST.16 x1, x1, #0
	  2622    0x00 0x00                                                                        NOPX
.label ZLE_F_ZL8run_bodyILi5ELi10EEvPKhS1_PKiS3_PiS4_iS4__2624
.end_of_loop
.aggressive_scheduled_block_id 7
.aggressive_scheduled_block_id first
	  2624    0x00 0x2c 0xf0 0x00 0x20 0x01 0x5b 0x00 0x00 0x00 0x01 0xa5 0x7a 0x49 0x10 0x0b  NOPA;                         NOPB;                         NOPS;                         NOPX;                         NOPM;                                   VMAC.f dm1, dm1, x1, x0, r9
.loop_nesting 2
.aggressive_scheduled_block_id 7
.noswbrkpt
	  2640    0xfb 0xe6 0x20 0x11 0xa0 0x0a 0xcd 0x80 0x48 0xba                                LDA r25, [sp, #-36];                                                                      MOVX r26, #512;               ADD.NC r22, r22, #1
.aggressive_scheduled_block_id 7
.nohwbrkpt
.noswbrkpt
	  2650    0xfb 0x6a 0x2a 0xd6 0x40 0x2c                                                    LDA r26, [sp, #-40];                                                                      JNZD r21, r21, p4
.delay_slot
.aggressive_scheduled_block_id 7
.nohwbrkpt
.noswbrkpt
	  2656    0x10 0xb2 0x01 0x18                                                                                                                                                        MOVX r25, #128
.delay_slot
.aggressive_scheduled_block_id 7
.nohwbrkpt
.noswbrkpt
	  2660    0x1e 0x1c 0xe1 0x58                                                                                                                                                                                      ADD.NC r24, r25, r24
.delay_slot
.aggressive_scheduled_block_id 7
.aggressive_scheduled_block_id last
.nohwbrkpt
.noswbrkpt
	  2664    0x1d 0xdb 0xe9 0x58                                                                                                                                                                                      ADD.NC r23, r23, r26
.delay_slot
.swstall delay_slot
	  2668    0x00 0x00                                                                        NOPX
.delay_slot
.swstall delay_slot
	  2670    0x00 0x00                                                                        NOPX
.loop_nesting 1
	  2672    0x07 0xc2 0xb1 0x18                                                              LDA r21, [sp, #-64]
	  2676    0x07 0xca 0xd1 0x18                                                              LDA r22, [sp, #-56]
	  2680    0x07 0xcf 0x11 0x18                                                              LDA r24, [sp, #-52]
	  2684    0x07 0xc6 0xf1 0x18                                                              LDA r23, [sp, #-60]
	  2688    0x00 0x00                                                                        NOPX
	  2690    0x00 0x00                                                                        NOPX
	  2692    0x00 0x00                                                                        NOPX
	  2694    0x6e 0xea 0x9a 0xb5 0x01 0x24                                                                                                                                              AND r27, r13, r21;            ADD.NC r21, r21, #1
	  2700    0x00 0x00                                                                        NOPX
	  2702    0x15 0xad 0x82 0x18                                                                                                                                                        SEL.EQZ r22, r22, r24, r27
	  2706    0xbd 0xac 0x06 0xd6 0x41 0xe4                                                                                                                                              JNZD r22, r23, p5;            MOV p3, r22
.delay_slot
	  2712    0x0b 0x1c 0x09 0x98                                                                                                                          ST eh0, [p3], #4
.delay_slot
	  2716    0x0b 0x04 0xa3 0x18                                                                                                                          VST.CONV.bf16.fp32 cml1, [p3]
.delay_slot
.swstall delay_slot
	  2720    0x00 0x00                                                                        NOPX
.delay_slot
.swstall delay_slot
	  2722    0x00 0x00                                                                        NOPX
.delay_slot
.swstall delay_slot
	  2724    0x00 0x00                                                                        NOPX
.loop_nesting 0
	  2726    0xfc 0xbe 0x22 0x0d 0x63 0x0c                                                    LDA r15, [sp, #-28];                                        ST r21, [p1]
	  2732    0x07 0xe9 0xd1 0x18                                                              LDA r14, [sp, #-24]
	  2736    0x07 0xf1 0xb1 0x18                                                              LDA r13, [sp, #-16]
	  2740    0x07 0xf9 0x91 0x18                                                              LDA r12, [sp, #-8]
	  2744    0x07 0xfd 0x71 0x18                                                              LDA r11, [sp, #-4]
	  2748    0x07 0xf5 0x51 0x18                                                              LDA r10, [sp, #-12]
	  2752    0x07 0xed 0x31 0x18                                                              LDA r9, [sp, #-20]
	  2756    0x07 0xe1 0x11 0x18                                                              LDA r8, [sp, #-32]
	  2760    0x10 0x28 0x00 0x18                                                                                                                                                        RET lr
.delay_slot
	  2764    0xff 0xf8 0x00 0x00 0x01 0xc4                                                                                                                                              PADDXM [sp], #-64
.delay_slot
.swstall delay_slot
	  2770    0x00 0x00                                                                        NOPX
.delay_slot
.swstall delay_slot
	  2772    0x00 0x00                                                                        NOPX
.delay_slot
.swstall delay_slot
	  2774    0x00 0x00                                                                        NOPX
.label _ZL8run_bodyILi5ELi10EEvPKhS1_PKiS3_PiS4_iS4___end last
.delay_slot
.swstall delay_slot
	  2776    0x00 0x00                                                                        NOPX

.text_segment_name
.text local 10 _ZL8run_bodyILi2ELi10EEvPKhS1_PKiS3_PiS4_iS4_
.function_start
.aggressive_scheduled_block_id 1
.aggressive_scheduled_block_id first
	     0    0x01 0x24 0x00 0x00 0x40 0x00 0x00 0x0e 0x00 0xe0 0x1d 0x06                      MOVA r4, #9;                                                                              PADDXM [sp], #64;                                                     VCLR dm0
.aggressive_scheduled_block_id 1
.noswbrkpt
	    12    0xf7 0x93 0x20 0x01 0x00 0x4b 0x28 0x60 0x78 0xba                                LDA p1, [sp, #-68];                                                                       MOVX r16, #2;                 MOV r25, p0
.aggressive_scheduled_block_id 1
.nohwbrkpt
.noswbrkpt
	    22    0x00 0x67 0x07 0xd8 0x9d 0x80 0x00 0x00 0x78 0x80 0x10 0x76                      MOVA r7, #3;                                                ST p1, [sp, #-40];            MOVXM ls, #(ZLS_F_ZL8run_bodyILi2ELi10EEvPKhS1_PKiS3_PiS4_iS4__256 + 0)
.aggressive_scheduled_block_id 1
.aggressive_scheduled_block_id last
.nohwbrkpt
.noswbrkpt
	    34    0xff 0x40 0x07 0xf5 0xf5 0xbe 0x67 0xcb 0x49 0x60 0x78 0x76                      MOVA r0, #-6;                                               ST r15, [sp, #-12];           MOVX r6, #-2;                 MOV r26, p1
	    46    0x00 0x3d 0x07 0xdc 0x1d 0x80 0x00 0x00 0x30 0x00 0x10 0x76                      MOVA r29, #1;                                               ST p0, [sp, #-36];            MOVXM p0, #_ZN12me_primitive11control_rndE
	    58    0x00 0x8c 0x57 0xf9 0xd5 0x80 0x00 0x01 0xbd 0x20 0x10 0x76                      LDA.s8 r3, [p0];                                            ST r14, [sp, #-8];            MOVXM le, #(ZLE_F_ZL8run_bodyILi2ELi10EEvPKhS1_PKiS3_PiS4_iS4__2624 + 0)
	    70    0x01 0x72 0x07 0xfd 0xb5 0x80 0x12 0xe8 0x70 0x05 0x58 0x76                      MOVA r18, #11;                                              ST r13, [sp, #-4];            MOVX r1, #23;                 MOV s0, #5
	    82    0x00 0x36 0x07 0xf1 0x95 0x80 0x20 0xe9 0x70 0x14 0x58 0x76                      MOVA r22, #1;                                               ST r12, [sp, #-16];           MOVX r2, #7;                  MOV s1, #20
	    94    0xff 0x8f 0x07 0xce 0x9d 0x80 0x00 0x2e 0x6f 0xc0 0x10 0x76                      MOVA r15, #-4;                                              ST p5, [sp, #-52];            MOVXM r19, #49024
	   106    0x07 0x8d 0x07 0xca 0x1d 0x80 0x00 0x0d 0xcf 0xc0 0x10 0x76                      MOVA r13, #60;                                              ST p4, [sp, #-56];            MOVXM r14, #16256
	   118    0x20 0xd6 0xd7 0xed 0x75 0x80 0x00 0x02 0x30 0x68 0x10 0x76                      LDA r21, [p1];                                              ST r11, [sp, #-20];           MOVXM p4, #(TGT_F_ZL8run_bodyILi2ELi10EEvPKhS1_PKiS3_PiS4_iS4__208 + 0)
	   130    0xfd 0x2a 0xb0 0x01 0x40 0xa9 0x8b 0x3c 0x59 0x3a                                                                                            ST r10, [sp, #-24];           MOVX r20, #5;                 MOV r12, #828
	   140    0xfc 0xa6 0xb0 0x07 0xd4 0x00 0x68 0x01 0x59 0x3a                                                                                            ST r9, [sp, #-28];            MOVX crRnd, r3;               MOV r3, #1
	   150    0xfc 0x22 0xb0 0x00 0x00 0x02 0xb0 0x58 0x11 0x3a                                                                                            ST r8, [sp, #-32];            MOVXM p5, #(TGT_F_ZL8run_bodyILi2ELi10EEvPKhS1_PKiS3_PiS4_iS4__176 + 0)
	   160    0x0f 0xd1 0x9d 0x98                                                                                                                          ST p3, [sp, #-48]
	   164    0x00 0x2c 0xf0 0x00 0x20 0x00 0x00 0x03 0xea 0x8e 0xc1 0x36                      NOPA;                         NOPB;                         ST p2, [sp, #-44];            NOPX
.label TGT_F_ZL8run_bodyILi2ELi10EEvPKhS1_PKiS3_PiS4_iS4__176
.loop_nesting 1
	   176    0x00 0x2c 0xf0 0x00 0x27 0xc6 0xd5 0x81 0x60 0x08 0x80 0x45 0x78 0x00 0x00 0xe1  NOPA;                         NOPB;                         ST r22, [sp, #-60];           MOVX r22, #0;                 VMOV cml1, cml0;                        NOPV
	   192    0x00 0x17 0x00 0x00 0x27 0xc2 0xb5 0x81 0x80 0x0a 0xa8 0x09 0x58 0x00 0x00 0xe1  MOVA r23, #0;                 NOPB;                         ST r21, [sp, #-64];           MOVX r24, #0;                 MOV r21, #9;                            NOPV
.label TGT_F_ZL8run_bodyILi2ELi10EEvPKhS1_PKiS3_PiS4_iS4__208
.loop_nesting 2
	   208    0xfa 0xf2 0x20 0x07 0xbb 0x26 0xb8 0x08 0x58 0xba                                LDA r28, [sp, #-44];                                                                      AND r27, r3, r22;             MOV lc, #8
	   218    0xfa 0x6a 0x2c 0xe7 0x44 0x2c                                                    LDA r26, [sp, #-48];                                                                      SEL.EQZ r25, r25, r26, r27
	   224    0x1a 0x6c 0xe1 0x58                                                                                                                                                                                      ADD.NC p2, r25, r24
	   228    0x42 0x86 0x8c 0xa9 0x81 0xf4                                                                                  VLDB x0, [p2, #64];                                                                       MOV r25, p2
	   234    0x00 0x00                                                                        NOPX
	   236    0x00 0x00                                                                        NOPX
	   238    0x00 0x00                                                                        NOPX
	   240    0x00 0x00                                                                        NOPX
	   242    0x17 0x35 0xa2 0x18                                                                                                                                                        SEL.EQZ r26, r28, r26, r27
	   246    0x00 0x2c 0xf0 0x00 0x10 0x01 0xb5 0xf4 0xae 0xba                                NOPA;                         NOPB;                                                                                     ADD.NC p3, r23, r26
.label ZLS_F_ZL8run_bodyILi2ELi10EEvPKhS1_PKiS3_PiS4_iS4__256
.loop_nesting 3
.begin_of_loop
	   256    0x02 0x1f 0x4a 0x98                                                              LDA.u8 r26, [p2], #1
	   260    0x00 0x00                                                                        NOPX
	   262    0x00 0x00                                                                        NOPX
	   264    0x00 0x00                                                                        NOPX
	   266    0x00 0x00                                                                        NOPX
	   268    0x00 0x00                                                                        NOPX
	   270    0x00 0x00                                                                        NOPX
	   272    0x11 0xf9 0xa4 0x98                                                                                                                                                        AND r28, r7, r26
	   276    0x17 0x3f 0x07 0x98                                                                                                                                                        EQ r31, r28, r16
	   280    0xf8 0x00 0xa8 0x40 0x01 0x84                                                                                                                                              JNZ r31, #TGT_F_ZL8run_bodyILi2ELi10EEvPKhS1_PKiS3_PiS4_iS4__336
.delay_slot
	   286    0x1f 0x97 0x20 0xf8                                                                                                                                                                                      MOV r30, r14
.delay_slot
.swstall delay_slot
	   290    0x00 0x00                                                                        NOPX
.delay_slot
.swstall delay_slot
	   292    0x00 0x00                                                                        NOPX
.delay_slot
.swstall delay_slot
	   294    0x00 0x00                                                                        NOPX
.delay_slot
.swstall delay_slot
	   296    0x00 0x00                                                                        NOPX
	   298    0x10 0xf9 0xc8 0x98                                                                                                                                                        NE r28, r3, r28
	   302    0xe0 0x00 0xa8 0x40 0x01 0x84                                                                                                                                              JNZ r28, #TGT_F_ZL8run_bodyILi2ELi10EEvPKhS1_PKiS3_PiS4_iS4__336
.delay_slot
	   308    0x1f 0x99 0xa0 0xf8                                                                                                                                                                                      MOV r30, r19
.delay_slot
.swstall delay_slot
	   312    0x00 0x00                                                                        NOPX
.delay_slot
.swstall delay_slot
	   314    0x00 0x00                                                                        NOPX
.delay_slot
.swstall delay_slot
	   316    0x00 0x00                                                                        NOPX
.delay_slot
.swstall delay_slot
	   318    0x00 0x00                                                                        NOPX
	   320    0x00 0x2c 0xf0 0x00 0x20 0x01 0x5b 0x01 0xe0 0x08 0x01 0xa5 0x78 0x00 0x00 0xe1  NOPA;                         NOPB;                         NOPS;                         MOVX r30, #0;                 NOPM;                                   NOPV
.label TGT_F_ZL8run_bodyILi2ELi10EEvPKhS1_PKiS3_PiS4_iS4__336
	   336    0x16 0xb8 0x6d 0x98                                                                                                                                                        LSHL r28, r26, r6
	   340    0x11 0xf9 0xc4 0x98                                                                                                                                                        AND r28, r7, r28
	   344    0x17 0x3f 0x07 0x98                                                                                                                                                        EQ r31, r28, r16
	   348    0xf8 0x00 0xc8 0x40 0x01 0x84                                                                                                                                              JNZ r31, #TGT_F_ZL8run_bodyILi2ELi10EEvPKhS1_PKiS3_PiS4_iS4__400
.delay_slot
	   354    0x18 0x83 0xc9 0x78                                                                                                                                                                                      VINSERT.16 x1, x0, #0, r30
.delay_slot
.swstall delay_slot
	   358    0x00 0x00                                                                        NOPX
.delay_slot
.swstall delay_slot
	   360    0x00 0x00                                                                        NOPX
.delay_slot
.swstall delay_slot
	   362    0x00 0x00                                                                        NOPX
.delay_slot
	   364    0x1f 0x97 0x20 0xf8                                                                                                                                                                                      MOV r30, r14
	   368    0x10 0xf9 0xc8 0x98                                                                                                                                                        NE r28, r3, r28
	   372    0xe0 0x00 0xc8 0x40 0x01 0x84                                                                                                                                              JNZ r28, #TGT_F_ZL8run_bodyILi2ELi10EEvPKhS1_PKiS3_PiS4_iS4__400
.delay_slot
	   378    0x1f 0x99 0xa0 0xf8                                                                                                                                                                                      MOV r30, r19
.delay_slot
.swstall delay_slot
	   382    0x00 0x00                                                                        NOPX
.delay_slot
.swstall delay_slot
	   384    0x00 0x00                                                                        NOPX
.delay_slot
.swstall delay_slot
	   386    0x00 0x00                                                                        NOPX
.delay_slot
.swstall delay_slot
	   388    0x00 0x00                                                                        NOPX
	   390    0x00 0x2c 0xf0 0x01 0x5b 0x00 0x00 0x3c 0x01 0x7a                                NOPA;                                                       NOPS;                         MOVX r30, #0
.label TGT_F_ZL8run_bodyILi2ELi10EEvPKhS1_PKiS3_PiS4_iS4__400
	   400    0x16 0xb8 0xfd 0x98                                                                                                                                                        LSHL r28, r26, r15
	   404    0x11 0xf9 0xc4 0x98                                                                                                                                                        AND r28, r7, r28
	   408    0x17 0x3f 0x07 0x98                                                                                                                                                        EQ r31, r28, r16
	   412    0xf8 0x00 0xe8 0x40 0x01 0x84                                                                                                                                              JNZ r31, #TGT_F_ZL8run_bodyILi2ELi10EEvPKhS1_PKiS3_PiS4_iS4__464
.delay_slot
	   418    0x18 0x8f 0xc9 0x78                                                                                                                                                                                      VINSERT.16 x1, x1, r29, r30
.delay_slot
.swstall delay_slot
	   422    0x00 0x00                                                                        NOPX
.delay_slot
.swstall delay_slot
	   424    0x00 0x00                                                                        NOPX
.delay_slot
.swstall delay_slot
	   426    0x00 0x00                                                                        NOPX
.delay_slot
	   428    0x07 0x41 0x2f 0x2e 0x41 0xe4                                                                                                                                              MOVX r29, #2;                 MOV r30, r14
	   434    0x10 0xf9 0xc8 0x98                                                                                                                                                        NE r28, r3, r28
	   438    0xe0 0x00 0xe8 0x40 0x01 0x84                                                                                                                                              JNZ r28, #TGT_F_ZL8run_bodyILi2ELi10EEvPKhS1_PKiS3_PiS4_iS4__464
.delay_slot
	   444    0x1f 0x99 0xa0 0xf8                                                                                                                                                                                      MOV r30, r19
.delay_slot
.swstall delay_slot
	   448    0x00 0x00                                                                        NOPX
.delay_slot
.swstall delay_slot
	   450    0x00 0x00                                                                        NOPX
.delay_slot
.swstall delay_slot
	   452    0x00 0x00                                                                        NOPX
.delay_slot
.swstall delay_slot
	   454    0x00 0x00                                                                        NOPX
	   456    0x00 0x01 0xe0 0x09 0x00 0x00 0x1c 0x22                                                                                                                                    MOVX r30, #0;                                                         NOPV
.label TGT_F_ZL8run_bodyILi2ELi10EEvPKhS1_PKiS3_PiS4_iS4__464
	   464    0xd6 0x81 0xb1 0x1f 0x92 0xe4                                                                                                                                              LSHL r26, r26, r0;            VINSERT.16 x1, x1, r29, r30
	   470    0x16 0xbd 0x07 0x98                                                                                                                                                        EQ r30, r26, r16
	   474    0xf0 0x01 0x08 0x40 0x01 0x84                                                                                                                                              JNZ r30, #TGT_F_ZL8run_bodyILi2ELi10EEvPKhS1_PKiS3_PiS4_iS4__528
.delay_slot
	   480    0x1f 0x17 0x20 0xf8                                                                                                                                                                                      MOV r28, r14
.delay_slot
.swstall delay_slot
	   484    0x00 0x00                                                                        NOPX
.delay_slot
.swstall delay_slot
	   486    0x00 0x00                                                                        NOPX
.delay_slot
.swstall delay_slot
	   488    0x00 0x00                                                                        NOPX
.delay_slot
.swstall delay_slot
	   490    0x00 0x00                                                                        NOPX
	   492    0x10 0xf5 0xa8 0x98                                                                                                                                                        NE r26, r3, r26
	   496    0xd0 0x01 0x08 0x40 0x01 0x84                                                                                                                                              JNZ r26, #TGT_F_ZL8run_bodyILi2ELi10EEvPKhS1_PKiS3_PiS4_iS4__528
.delay_slot
	   502    0x1f 0x19 0xa0 0xf8                                                                                                                                                                                      MOV r28, r19
.delay_slot
.swstall delay_slot
	   506    0x00 0x00                                                                        NOPX
.delay_slot
.swstall delay_slot
	   508    0x00 0x00                                                                        NOPX
.delay_slot
.swstall delay_slot
	   510    0x00 0x00                                                                        NOPX
.delay_slot
.swstall delay_slot
	   512    0x00 0x00                                                                        NOPX
	   514    0x00 0x2c 0xf0 0x00 0x20 0x38 0x01 0x00 0x34 0xaf 0x00 0x2b 0x60 0x7e            NOPA;                         NOPB;                         NOPS;                         MOVX r28, #0;                 NOPM
.label TGT_F_ZL8run_bodyILi2ELi10EEvPKhS1_PKiS3_PiS4_iS4__528
	   528    0x02 0x1f 0x4a 0x98                                                              LDA.u8 r26, [p2], #1
	   532    0x00 0x00                                                                        NOPX
	   534    0x00 0x00                                                                        NOPX
	   536    0x00 0x00                                                                        NOPX
	   538    0x00 0x00                                                                        NOPX
	   540    0x00 0x00                                                                        NOPX
	   542    0x00 0x00                                                                        NOPX
	   544    0x11 0xfd 0xa4 0x98                                                                                                                                                        AND r30, r7, r26
	   548    0x17 0xbf 0x07 0x98                                                                                                                                                        EQ r31, r30, r16
	   552    0xf8 0x01 0x30 0x40 0x01 0x84                                                                                                                                              JNZ r31, #TGT_F_ZL8run_bodyILi2ELi10EEvPKhS1_PKiS3_PiS4_iS4__608
.delay_slot
	   558    0x10 0x3a 0x0d 0x18                                                                                                                                                        MOVX r29, #3
.delay_slot
	   562    0x18 0x8f 0x89 0x78                                                                                                                                                                                      VINSERT.16 x1, x1, r29, r28
.delay_slot
.swstall delay_slot
	   566    0x00 0x00                                                                        NOPX
.delay_slot
.swstall delay_slot
	   568    0x00 0x00                                                                        NOPX
.delay_slot
	   570    0x1f 0x17 0x20 0xf8                                                                                                                                                                                      MOV r28, r14
	   574    0x10 0xfd 0xe8 0x98                                                                                                                                                        NE r30, r3, r30
	   578    0xf0 0x01 0x30 0x40 0x01 0x84                                                                                                                                              JNZ r30, #TGT_F_ZL8run_bodyILi2ELi10EEvPKhS1_PKiS3_PiS4_iS4__608
.delay_slot
	   584    0x1f 0x19 0xa0 0xf8                                                                                                                                                                                      MOV r28, r19
.delay_slot
.swstall delay_slot
	   588    0x00 0x00                                                                        NOPX
.delay_slot
.swstall delay_slot
	   590    0x00 0x00                                                                        NOPX
.delay_slot
.swstall delay_slot
	   592    0x00 0x00                                                                        NOPX
.delay_slot
.swstall delay_slot
	   594    0x00 0x00                                                                        NOPX
	   596    0x00 0x2c 0xf0 0x00 0x20 0x01 0xc0 0x08 0x00 0xad 0x81 0x36                      NOPA;                         NOPB;                         NOPS;                         MOVX r28, #0
.label TGT_F_ZL8run_bodyILi2ELi10EEvPKhS1_PKiS3_PiS4_iS4__608
	   608    0x16 0xbc 0x6d 0x98                                                                                                                                                        LSHL r30, r26, r6
	   612    0x11 0xfd 0xe4 0x98                                                                                                                                                        AND r30, r7, r30
	   616    0x17 0xbf 0x07 0x98                                                                                                                                                        EQ r31, r30, r16
	   620    0xf8 0x01 0x50 0x40 0x01 0x84                                                                                                                                              JNZ r31, #TGT_F_ZL8run_bodyILi2ELi10EEvPKhS1_PKiS3_PiS4_iS4__672
.delay_slot
	   626    0x10 0x3a 0x11 0x18                                                                                                                                                        MOVX r29, #4
.delay_slot
	   630    0x18 0x8f 0x89 0x78                                                                                                                                                                                      VINSERT.16 x1, x1, r29, r28
.delay_slot
.swstall delay_slot
	   634    0x00 0x00                                                                        NOPX
.delay_slot
.swstall delay_slot
	   636    0x00 0x00                                                                        NOPX
.delay_slot
	   638    0x1f 0x17 0x20 0xf8                                                                                                                                                                                      MOV r28, r14
	   642    0x10 0xfd 0xe8 0x98                                                                                                                                                        NE r30, r3, r30
	   646    0xf0 0x01 0x50 0x40 0x01 0x84                                                                                                                                              JNZ r30, #TGT_F_ZL8run_bodyILi2ELi10EEvPKhS1_PKiS3_PiS4_iS4__672
.delay_slot
	   652    0x1f 0x19 0xa0 0xf8                                                                                                                                                                                      MOV r28, r19
.delay_slot
.swstall delay_slot
	   656    0x00 0x00                                                                        NOPX
.delay_slot
.swstall delay_slot
	   658    0x00 0x00                                                                        NOPX
.delay_slot
.swstall delay_slot
	   660    0x00 0x00                                                                        NOPX
.delay_slot
.swstall delay_slot
	   662    0x00 0x00                                                                        NOPX
	   664    0x00 0x01 0xc0 0x09 0x00 0x00 0x1c 0x22                                                                                                                                    MOVX r28, #0;                                                         NOPV
.label TGT_F_ZL8run_bodyILi2ELi10EEvPKhS1_PKiS3_PiS4_iS4__672
	   672    0xd7 0x9f 0xbe 0xa3 0x81 0xe4                                                                                                                                              LSHL r30, r26, r15;           MOV r29, s0
	   678    0x3f 0x3c 0x91 0x1f 0x12 0xe4                                                                                                                                              AND r28, r7, r30;             VINSERT.16 x1, x1, r29, r28
	   684    0xe7 0xe0 0xff 0x2e 0x41 0xe4                                                                                                                                              EQ r31, r28, r16;             MOV r30, r14
	   690    0xf8 0x01 0x70 0x40 0x01 0x84                                                                                                                                              JNZ r31, #TGT_F_ZL8run_bodyILi2ELi10EEvPKhS1_PKiS3_PiS4_iS4__736
.delay_slot
	   696    0x10 0x3a 0x19 0x18                                                                                                                                                        MOVX r29, #6
.delay_slot
.swstall delay_slot
	   700    0x00 0x00                                                                        NOPX
.delay_slot
.swstall delay_slot
	   702    0x00 0x00                                                                        NOPX
.delay_slot
.swstall delay_slot
	   704    0x00 0x00                                                                        NOPX
.delay_slot
.swstall delay_slot
	   706    0x00 0x00                                                                        NOPX
	   708    0x10 0xf9 0xc8 0x98                                                                                                                                                        NE r28, r3, r28
	   712    0xe0 0x01 0x70 0x40 0x01 0x84                                                                                                                                              JNZ r28, #TGT_F_ZL8run_bodyILi2ELi10EEvPKhS1_PKiS3_PiS4_iS4__736
.delay_slot
	   718    0x1f 0x99 0xa0 0xf8                                                                                                                                                                                      MOV r30, r19
.delay_slot
.swstall delay_slot
	   722    0x00 0x00                                                                        NOPX
.delay_slot
.swstall delay_slot
	   724    0x00 0x00                                                                        NOPX
.delay_slot
.swstall delay_slot
	   726    0x00 0x00                                                                        NOPX
.delay_slot
.swstall delay_slot
	   728    0x00 0x00                                                                        NOPX
	   730    0x00 0x2c 0xf0 0x78 0x02 0x2c                                                    NOPA;                                                                                     MOVX r30, #0
.label TGT_F_ZL8run_bodyILi2ELi10EEvPKhS1_PKiS3_PiS4_iS4__736
	   736    0xd6 0x81 0xb1 0x1f 0x92 0xe4                                                                                                                                              LSHL r26, r26, r0;            VINSERT.16 x1, x1, r29, r30
	   742    0x16 0xbd 0x07 0x98                                                                                                                                                        EQ r30, r26, r16
	   746    0xf0 0x01 0x90 0x40 0x01 0x84                                                                                                                                              JNZ r30, #TGT_F_ZL8run_bodyILi2ELi10EEvPKhS1_PKiS3_PiS4_iS4__800
.delay_slot
	   752    0x1f 0x17 0x20 0xf8                                                                                                                                                                                      MOV r28, r14
.delay_slot
.swstall delay_slot
	   756    0x00 0x00                                                                        NOPX
.delay_slot
.swstall delay_slot
	   758    0x00 0x00                                                                        NOPX
.delay_slot
.swstall delay_slot
	   760    0x00 0x00                                                                        NOPX
.delay_slot
.swstall delay_slot
	   762    0x00 0x00                                                                        NOPX
	   764    0x10 0xf5 0xa8 0x98                                                                                                                                                        NE r26, r3, r26
	   768    0xd0 0x01 0x90 0x40 0x01 0x84                                                                                                                                              JNZ r26, #TGT_F_ZL8run_bodyILi2ELi10EEvPKhS1_PKiS3_PiS4_iS4__800
.delay_slot
	   774    0x1f 0x19 0xa0 0xf8                                                                                                                                                                                      MOV r28, r19
.delay_slot
.swstall delay_slot
	   778    0x00 0x00                                                                        NOPX
.delay_slot
.swstall delay_slot
	   780    0x00 0x00                                                                        NOPX
.delay_slot
.swstall delay_slot
	   782    0x00 0x00                                                                        NOPX
.delay_slot
.swstall delay_slot
	   784    0x00 0x00                                                                        NOPX
	   786    0x00 0x2c 0xf0 0x00 0x20 0x38 0x01 0x00 0x34 0xaf 0x00 0x2b 0x60 0x7e            NOPA;                         NOPB;                         NOPS;                         MOVX r28, #0;                 NOPM
.label TGT_F_ZL8run_bodyILi2ELi10EEvPKhS1_PKiS3_PiS4_iS4__800
	   800    0x02 0x1f 0x4a 0x98                                                              LDA.u8 r26, [p2], #1
	   804    0x00 0x00                                                                        NOPX
	   806    0x00 0x00                                                                        NOPX
	   808    0x00 0x00                                                                        NOPX
	   810    0x00 0x00                                                                        NOPX
	   812    0x00 0x00                                                                        NOPX
	   814    0x00 0x00                                                                        NOPX
	   816    0x11 0xfd 0xa4 0x98                                                                                                                                                        AND r30, r7, r26
	   820    0x17 0xbf 0x07 0x98                                                                                                                                                        EQ r31, r30, r16
	   824    0xf8 0x01 0xb8 0x40 0x01 0x84                                                                                                                                              JNZ r31, #TGT_F_ZL8run_bodyILi2ELi10EEvPKhS1_PKiS3_PiS4_iS4__880
.delay_slot
	   830    0x10 0x3a 0x1d 0x18                                                                                                                                                        MOVX r29, #7
.delay_slot
	   834    0x18 0x8f 0x89 0x78                                                                                                                                                                                      VINSERT.16 x1, x1, r29, r28
.delay_slot
.swstall delay_slot
	   838    0x00 0x00                                                                        NOPX
.delay_slot
.swstall delay_slot
	   840    0x00 0x00                                                                        NOPX
.delay_slot
	   842    0x1f 0x17 0x20 0xf8                                                                                                                                                                                      MOV r28, r14
	   846    0x10 0xfd 0xe8 0x98                                                                                                                                                        NE r30, r3, r30
	   850    0xf0 0x01 0xb8 0x40 0x01 0x84                                                                                                                                              JNZ r30, #TGT_F_ZL8run_bodyILi2ELi10EEvPKhS1_PKiS3_PiS4_iS4__880
.delay_slot
	   856    0x1f 0x19 0xa0 0xf8                                                                                                                                                                                      MOV r28, r19
.delay_slot
.swstall delay_slot
	   860    0x00 0x00                                                                        NOPX
.delay_slot
.swstall delay_slot
	   862    0x00 0x00                                                                        NOPX
.delay_slot
.swstall delay_slot
	   864    0x00 0x00                                                                        NOPX
.delay_slot
.swstall delay_slot
	   866    0x00 0x00                                                                        NOPX
	   868    0x00 0x2c 0xf0 0x00 0x20 0x01 0xc0 0x08 0x00 0xad 0x81 0x36                      NOPA;                         NOPB;                         NOPS;                         MOVX r28, #0
.label TGT_F_ZL8run_bodyILi2ELi10EEvPKhS1_PKiS3_PiS4_iS4__880
	   880    0x16 0xbc 0x6d 0x98                                                                                                                                                        LSHL r30, r26, r6
	   884    0x11 0xfd 0xe4 0x98                                                                                                                                                        AND r30, r7, r30
	   888    0x17 0xbf 0x07 0x98                                                                                                                                                        EQ r31, r30, r16
	   892    0xf8 0x01 0xd8 0x40 0x01 0x84                                                                                                                                              JNZ r31, #TGT_F_ZL8run_bodyILi2ELi10EEvPKhS1_PKiS3_PiS4_iS4__944
.delay_slot
	   898    0x10 0x3a 0x21 0x18                                                                                                                                                        MOVX r29, #8
.delay_slot
	   902    0x18 0x8f 0x89 0x78                                                                                                                                                                                      VINSERT.16 x1, x1, r29, r28
.delay_slot
.swstall delay_slot
	   906    0x00 0x00                                                                        NOPX
.delay_slot
.swstall delay_slot
	   908    0x00 0x00                                                                        NOPX
.delay_slot
	   910    0x1f 0x17 0x20 0xf8                                                                                                                                                                                      MOV r28, r14
	   914    0x10 0xfd 0xe8 0x98                                                                                                                                                        NE r30, r3, r30
	   918    0xf0 0x01 0xd8 0x40 0x01 0x84                                                                                                                                              JNZ r30, #TGT_F_ZL8run_bodyILi2ELi10EEvPKhS1_PKiS3_PiS4_iS4__944
.delay_slot
	   924    0x1f 0x19 0xa0 0xf8                                                                                                                                                                                      MOV r28, r19
.delay_slot
.swstall delay_slot
	   928    0x00 0x00                                                                        NOPX
.delay_slot
.swstall delay_slot
	   930    0x00 0x00                                                                        NOPX
.delay_slot
.swstall delay_slot
	   932    0x00 0x00                                                                        NOPX
.delay_slot
.swstall delay_slot
	   934    0x00 0x00                                                                        NOPX
	   936    0x00 0x01 0xc0 0x09 0x00 0x00 0x1c 0x22                                                                                                                                    MOVX r28, #0;                                                         NOPV
.label TGT_F_ZL8run_bodyILi2ELi10EEvPKhS1_PKiS3_PiS4_iS4__944
	   944    0x01 0x3d 0x00 0x35 0xe7 0xef 0xeb 0x90 0x78 0xba                                MOVA r29, #9;                                                                             LSHL r30, r26, r15;           MOV r31, r14
	   954    0x3f 0xbc 0x91 0x1f 0x12 0xe4                                                                                                                                              AND r30, r7, r30;             VINSERT.16 x1, x1, r29, r28
	   960    0x17 0xb9 0x07 0x98                                                                                                                                                        EQ r28, r30, r16
	   964    0xe0 0x01 0xf8 0x40 0x01 0x84                                                                                                                                              JNZ r28, #TGT_F_ZL8run_bodyILi2ELi10EEvPKhS1_PKiS3_PiS4_iS4__1008
.delay_slot
	   970    0x10 0x3a 0x29 0x18                                                                                                                                                        MOVX r29, #10
.delay_slot
.swstall delay_slot
	   974    0x00 0x00                                                                        NOPX
.delay_slot
.swstall delay_slot
	   976    0x00 0x00                                                                        NOPX
.delay_slot
.swstall delay_slot
	   978    0x00 0x00                                                                        NOPX
.delay_slot
.swstall delay_slot
	   980    0x00 0x00                                                                        NOPX
	   982    0x10 0xf9 0xe8 0x98                                                                                                                                                        NE r28, r3, r30
	   986    0xe0 0x01 0xf8 0x40 0x01 0x84                                                                                                                                              JNZ r28, #TGT_F_ZL8run_bodyILi2ELi10EEvPKhS1_PKiS3_PiS4_iS4__1008
.delay_slot
	   992    0x1f 0xd9 0xa0 0xf8                                                                                                                                                                                      MOV r31, r19
.delay_slot
.swstall delay_slot
	   996    0x00 0x00                                                                        NOPX
.delay_slot
.swstall delay_slot
	   998    0x00 0x00                                                                        NOPX
.delay_slot
.swstall delay_slot
	  1000    0x00 0x00                                                                        NOPX
.delay_slot
.swstall delay_slot
	  1002    0x00 0x00                                                                        NOPX
	  1004    0x10 0x3e 0x01 0x18                                                                                                                                                        MOVX r31, #0
.label TGT_F_ZL8run_bodyILi2ELi10EEvPKhS1_PKiS3_PiS4_iS4__1008
	  1008    0x16 0xb4 0x0d 0x98                                                                                                                                                        LSHL r26, r26, r0
	  1012    0x16 0xbd 0x07 0x98                                                                                                                                                        EQ r30, r26, r16
	  1016    0xf0 0x02 0x18 0x40 0x01 0x84                                                                                                                                              JNZ r30, #TGT_F_ZL8run_bodyILi2ELi10EEvPKhS1_PKiS3_PiS4_iS4__1072
.delay_slot
	  1022    0x18 0x8f 0xe9 0x78                                                                                                                                                                                      VINSERT.16 x1, x1, r29, r31
.delay_slot
.swstall delay_slot
	  1026    0x00 0x00                                                                        NOPX
.delay_slot
.swstall delay_slot
	  1028    0x00 0x00                                                                        NOPX
.delay_slot
.swstall delay_slot
	  1030    0x00 0x00                                                                        NOPX
.delay_slot
	  1032    0x1f 0x17 0x20 0xf8                                                                                                                                                                                      MOV r28, r14
	  1036    0x10 0xf5 0xa8 0x98                                                                                                                                                        NE r26, r3, r26
	  1040    0xd0 0x02 0x18 0x40 0x01 0x84                                                                                                                                              JNZ r26, #TGT_F_ZL8run_bodyILi2ELi10EEvPKhS1_PKiS3_PiS4_iS4__1072
.delay_slot
	  1046    0x1f 0x19 0xa0 0xf8                                                                                                                                                                                      MOV r28, r19
.delay_slot
.swstall delay_slot
	  1050    0x00 0x00                                                                        NOPX
.delay_slot
.swstall delay_slot
	  1052    0x00 0x00                                                                        NOPX
.delay_slot
.swstall delay_slot
	  1054    0x00 0x00                                                                        NOPX
.delay_slot
.swstall delay_slot
	  1056    0x00 0x00                                                                        NOPX
	  1058    0x00 0x2c 0xf0 0x00 0x20 0x38 0x01 0x00 0x34 0xaf 0x00 0x2b 0x60 0x7e            NOPA;                         NOPB;                         NOPS;                         MOVX r28, #0;                 NOPM
.label TGT_F_ZL8run_bodyILi2ELi10EEvPKhS1_PKiS3_PiS4_iS4__1072
	  1072    0x02 0x1f 0x4a 0x98                                                              LDA.u8 r26, [p2], #1
	  1076    0x00 0x00                                                                        NOPX
	  1078    0x00 0x00                                                                        NOPX
	  1080    0x00 0x00                                                                        NOPX
	  1082    0x00 0x00                                                                        NOPX
	  1084    0x00 0x00                                                                        NOPX
	  1086    0x00 0x00                                                                        NOPX
	  1088    0x11 0xfd 0xa4 0x98                                                                                                                                                        AND r30, r7, r26
	  1092    0x17 0xbf 0x07 0x98                                                                                                                                                        EQ r31, r30, r16
	  1096    0xf8 0x02 0x40 0x40 0x01 0x84                                                                                                                                              JNZ r31, #TGT_F_ZL8run_bodyILi2ELi10EEvPKhS1_PKiS3_PiS4_iS4__1152
.delay_slot
	  1102    0x10 0x3a 0x2d 0x18                                                                                                                                                        MOVX r29, #11
.delay_slot
	  1106    0x18 0x8f 0x89 0x78                                                                                                                                                                                      VINSERT.16 x1, x1, r29, r28
.delay_slot
.swstall delay_slot
	  1110    0x00 0x00                                                                        NOPX
.delay_slot
.swstall delay_slot
	  1112    0x00 0x00                                                                        NOPX
.delay_slot
	  1114    0x1f 0x17 0x20 0xf8                                                                                                                                                                                      MOV r28, r14
	  1118    0x10 0xfd 0xe8 0x98                                                                                                                                                        NE r30, r3, r30
	  1122    0xf0 0x02 0x40 0x40 0x01 0x84                                                                                                                                              JNZ r30, #TGT_F_ZL8run_bodyILi2ELi10EEvPKhS1_PKiS3_PiS4_iS4__1152
.delay_slot
	  1128    0x1f 0x19 0xa0 0xf8                                                                                                                                                                                      MOV r28, r19
.delay_slot
.swstall delay_slot
	  1132    0x00 0x00                                                                        NOPX
.delay_slot
.swstall delay_slot
	  1134    0x00 0x00                                                                        NOPX
.delay_slot
.swstall delay_slot
	  1136    0x00 0x00                                                                        NOPX
.delay_slot
.swstall delay_slot
	  1138    0x00 0x00                                                                        NOPX
	  1140    0x00 0x2c 0xf0 0x00 0x20 0x01 0xc0 0x08 0x00 0xad 0x81 0x36                      NOPA;                         NOPB;                         NOPS;                         MOVX r28, #0
.label TGT_F_ZL8run_bodyILi2ELi10EEvPKhS1_PKiS3_PiS4_iS4__1152
	  1152    0xd7 0x8d 0xbe 0xa0 0x31 0x64                                                                                                                                              LSHL r30, r26, r6;            MOV r29, #12
	  1158    0x3f 0xbc 0x91 0x1f 0x12 0xe4                                                                                                                                              AND r30, r7, r30;             VINSERT.16 x1, x1, r29, r28
	  1164    0x17 0xb9 0x07 0x98                                                                                                                                                        EQ r28, r30, r16
	  1168    0xe0 0x02 0x60 0x40 0x01 0x84                                                                                                                                              JNZ r28, #TGT_F_ZL8run_bodyILi2ELi10EEvPKhS1_PKiS3_PiS4_iS4__1216
.delay_slot
	  1174    0x1f 0xd7 0x20 0xf8                                                                                                                                                                                      MOV r31, r14
.delay_slot
.swstall delay_slot
	  1178    0x00 0x00                                                                        NOPX
.delay_slot
.swstall delay_slot
	  1180    0x00 0x00                                                                        NOPX
.delay_slot
.swstall delay_slot
	  1182    0x00 0x00                                                                        NOPX
.delay_slot
.swstall delay_slot
	  1184    0x00 0x00                                                                        NOPX
	  1186    0x10 0xf9 0xe8 0x98                                                                                                                                                        NE r28, r3, r30
	  1190    0xe0 0x02 0x60 0x40 0x01 0x84                                                                                                                                              JNZ r28, #TGT_F_ZL8run_bodyILi2ELi10EEvPKhS1_PKiS3_PiS4_iS4__1216
.delay_slot
	  1196    0x1f 0xd9 0xa0 0xf8                                                                                                                                                                                      MOV r31, r19
.delay_slot
.swstall delay_slot
	  1200    0x00 0x00                                                                        NOPX
.delay_slot
.swstall delay_slot
	  1202    0x00 0x00                                                                        NOPX
.delay_slot
.swstall delay_slot
	  1204    0x00 0x00                                                                        NOPX
.delay_slot
.swstall delay_slot
	  1206    0x00 0x00                                                                        NOPX
	  1208    0x00 0x01 0xf0 0x09 0x00 0x00 0x1c 0x22                                                                                                                                    MOVX r31, #0;                                                         NOPV
.label TGT_F_ZL8run_bodyILi2ELi10EEvPKhS1_PKiS3_PiS4_iS4__1216
	  1216    0x01 0xbd 0x00 0x35 0xc7 0xef 0xcb 0x90 0x78 0xba                                MOVA r29, #13;                                                                            LSHL r28, r26, r15;           MOV r30, r14
	  1226    0x3f 0x38 0x91 0x1f 0xd2 0xe4                                                                                                                                              AND r28, r7, r28;             VINSERT.16 x1, x1, r29, r31
	  1232    0x17 0x3f 0x07 0x98                                                                                                                                                        EQ r31, r28, r16
	  1236    0xf8 0x02 0x80 0x40 0x01 0x84                                                                                                                                              JNZ r31, #TGT_F_ZL8run_bodyILi2ELi10EEvPKhS1_PKiS3_PiS4_iS4__1280
.delay_slot
	  1242    0x10 0x3a 0x39 0x18                                                                                                                                                        MOVX r29, #14
.delay_slot
.swstall delay_slot
	  1246    0x00 0x00                                                                        NOPX
.delay_slot
.swstall delay_slot
	  1248    0x00 0x00                                                                        NOPX
.delay_slot
.swstall delay_slot
	  1250    0x00 0x00                                                                        NOPX
.delay_slot
.swstall delay_slot
	  1252    0x00 0x00                                                                        NOPX
	  1254    0x10 0xf9 0xc8 0x98                                                                                                                                                        NE r28, r3, r28
	  1258    0xe0 0x02 0x80 0x40 0x01 0x84                                                                                                                                              JNZ r28, #TGT_F_ZL8run_bodyILi2ELi10EEvPKhS1_PKiS3_PiS4_iS4__1280
.delay_slot
	  1264    0x1f 0x99 0xa0 0xf8                                                                                                                                                                                      MOV r30, r19
.delay_slot
.swstall delay_slot
	  1268    0x00 0x00                                                                        NOPX
.delay_slot
.swstall delay_slot
	  1270    0x00 0x00                                                                        NOPX
.delay_slot
.swstall delay_slot
	  1272    0x00 0x00                                                                        NOPX
.delay_slot
.swstall delay_slot
	  1274    0x00 0x00                                                                        NOPX
	  1276    0x10 0x3c 0x01 0x18                                                                                                                                                        MOVX r30, #0
.label TGT_F_ZL8run_bodyILi2ELi10EEvPKhS1_PKiS3_PiS4_iS4__1280
	  1280    0xd6 0x81 0xb1 0x1f 0x92 0xe4                                                                                                                                              LSHL r26, r26, r0;            VINSERT.16 x1, x1, r29, r30
	  1286    0x16 0xbd 0x07 0x98                                                                                                                                                        EQ r30, r26, r16
	  1290    0xf0 0x02 0xa0 0x40 0x01 0x84                                                                                                                                              JNZ r30, #TGT_F_ZL8run_bodyILi2ELi10EEvPKhS1_PKiS3_PiS4_iS4__1344
.delay_slot
	  1296    0x1f 0x17 0x20 0xf8                                                                                                                                                                                      MOV r28, r14
.delay_slot
.swstall delay_slot
	  1300    0x00 0x00                                                                        NOPX
.delay_slot
.swstall delay_slot
	  1302    0x00 0x00                                                                        NOPX
.delay_slot
.swstall delay_slot
	  1304    0x00 0x00                                                                        NOPX
.delay_slot
.swstall delay_slot
	  1306    0x00 0x00                                                                        NOPX
	  1308    0x10 0xf5 0xa8 0x98                                                                                                                                                        NE r26, r3, r26
	  1312    0xd0 0x02 0xa0 0x40 0x01 0x84                                                                                                                                              JNZ r26, #TGT_F_ZL8run_bodyILi2ELi10EEvPKhS1_PKiS3_PiS4_iS4__1344
.delay_slot
	  1318    0x1f 0x19 0xa0 0xf8                                                                                                                                                                                      MOV r28, r19
.delay_slot
.swstall delay_slot
	  1322    0x00 0x00                                                                        NOPX
.delay_slot
.swstall delay_slot
	  1324    0x00 0x00                                                                        NOPX
.delay_slot
.swstall delay_slot
	  1326    0x00 0x00                                                                        NOPX
.delay_slot
.swstall delay_slot
	  1328    0x00 0x00                                                                        NOPX
	  1330    0x00 0x2c 0xf0 0x00 0x20 0x38 0x01 0x00 0x34 0xaf 0x00 0x2b 0x60 0x7e            NOPA;                         NOPB;                         NOPS;                         MOVX r28, #0;                 NOPM
.label TGT_F_ZL8run_bodyILi2ELi10EEvPKhS1_PKiS3_PiS4_iS4__1344
	  1344    0x43 0xe9 0x50 0x74 0x7a 0x2c                                                    LDA.u8 r26, [p2], #1;                                                                     MOVX r29, #15
	  1350    0x18 0x8f 0x89 0x78                                                                                                                                                                                      VINSERT.16 x1, x1, r29, r28
	  1354    0x00 0x00                                                                        NOPX
	  1356    0x00 0x00                                                                        NOPX
	  1358    0x00 0x00                                                                        NOPX
	  1360    0x00 0x00                                                                        NOPX
	  1362    0x00 0x00                                                                        NOPX
	  1364    0x11 0xf9 0xa4 0x98                                                                                                                                                        AND r28, r7, r26
	  1368    0x17 0x3f 0x07 0x98                                                                                                                                                        EQ r31, r28, r16
	  1372    0xf8 0x02 0xc8 0x40 0x01 0x84                                                                                                                                              JNZ r31, #TGT_F_ZL8run_bodyILi2ELi10EEvPKhS1_PKiS3_PiS4_iS4__1424
.delay_slot
	  1378    0x1f 0x97 0x20 0xf8                                                                                                                                                                                      MOV r30, r14
.delay_slot
.swstall delay_slot
	  1382    0x00 0x00                                                                        NOPX
.delay_slot
.swstall delay_slot
	  1384    0x00 0x00                                                                        NOPX
.delay_slot
.swstall delay_slot
	  1386    0x00 0x00                                                                        NOPX
.delay_slot
.swstall delay_slot
	  1388    0x00 0x00                                                                        NOPX
	  1390    0x10 0xf9 0xc8 0x98                                                                                                                                                        NE r28, r3, r28
	  1394    0xe0 0x02 0xc8 0x40 0x01 0x84                                                                                                                                              JNZ r28, #TGT_F_ZL8run_bodyILi2ELi10EEvPKhS1_PKiS3_PiS4_iS4__1424
.delay_slot
	  1400    0x1f 0x99 0xa0 0xf8                                                                                                                                                                                      MOV r30, r19
.delay_slot
.swstall delay_slot
	  1404    0x00 0x00                                                                        NOPX
.delay_slot
.swstall delay_slot
	  1406    0x00 0x00                                                                        NOPX
.delay_slot
.swstall delay_slot
	  1408    0x00 0x00                                                                        NOPX
.delay_slot
.swstall delay_slot
	  1410    0x00 0x00                                                                        NOPX
	  1412    0x00 0x2c 0xf0 0x00 0x20 0x01 0xe0 0x08 0x00 0xad 0x81 0x36                      NOPA;                         NOPB;                         NOPS;                         MOVX r30, #0
.label TGT_F_ZL8run_bodyILi2ELi10EEvPKhS1_PKiS3_PiS4_iS4__1424
	  1424    0x16 0xb8 0x6d 0x98                                                                                                                                                        LSHL r28, r26, r6
	  1428    0x11 0xf9 0xc4 0x98                                                                                                                                                        AND r28, r7, r28
	  1432    0x17 0x3f 0x07 0x98                                                                                                                                                        EQ r31, r28, r16
	  1436    0xf8 0x02 0xe8 0x40 0x01 0x84                                                                                                                                              JNZ r31, #TGT_F_ZL8run_bodyILi2ELi10EEvPKhS1_PKiS3_PiS4_iS4__1488
.delay_slot
.swstall delay_slot
	  1442    0x00 0x00                                                                        NOPX
.delay_slot
.swstall delay_slot
	  1444    0x00 0x00                                                                        NOPX
.delay_slot
	  1446    0x10 0x3a 0x41 0x18                                                                                                                                                        MOVX r29, #16
.delay_slot
	  1450    0x18 0x8f 0xc9 0x78                                                                                                                                                                                      VINSERT.16 x1, x1, r29, r30
.delay_slot
	  1454    0x1f 0x97 0x20 0xf8                                                                                                                                                                                      MOV r30, r14
	  1458    0x10 0xf9 0xc8 0x98                                                                                                                                                        NE r28, r3, r28
	  1462    0xe0 0x02 0xe8 0x40 0x01 0x84                                                                                                                                              JNZ r28, #TGT_F_ZL8run_bodyILi2ELi10EEvPKhS1_PKiS3_PiS4_iS4__1488
.delay_slot
	  1468    0x1f 0x99 0xa0 0xf8                                                                                                                                                                                      MOV r30, r19
.delay_slot
.swstall delay_slot
	  1472    0x00 0x00                                                                        NOPX
.delay_slot
.swstall delay_slot
	  1474    0x00 0x00                                                                        NOPX
.delay_slot
.swstall delay_slot
	  1476    0x00 0x00                                                                        NOPX
.delay_slot
.swstall delay_slot
	  1478    0x00 0x00                                                                        NOPX
	  1480    0x00 0x01 0xe0 0x09 0x00 0x00 0x1c 0x22                                                                                                                                    MOVX r30, #0;                                                         NOPV
.label TGT_F_ZL8run_bodyILi2ELi10EEvPKhS1_PKiS3_PiS4_iS4__1488
	  1488    0x16 0xb8 0xfd 0x98                                                                                                                                                        LSHL r28, r26, r15
	  1492    0x11 0xf9 0xc4 0x98                                                                                                                                                        AND r28, r7, r28
	  1496    0x17 0x3f 0x07 0x98                                                                                                                                                        EQ r31, r28, r16
	  1500    0xf8 0x03 0x08 0x40 0x01 0x84                                                                                                                                              JNZ r31, #TGT_F_ZL8run_bodyILi2ELi10EEvPKhS1_PKiS3_PiS4_iS4__1552
.delay_slot
	  1506    0x10 0x3a 0x45 0x18                                                                                                                                                        MOVX r29, #17
.delay_slot
	  1510    0x18 0x8f 0xc9 0x78                                                                                                                                                                                      VINSERT.16 x1, x1, r29, r30
.delay_slot
.swstall delay_slot
	  1514    0x00 0x00                                                                        NOPX
.delay_slot
.swstall delay_slot
	  1516    0x00 0x00                                                                        NOPX
.delay_slot
	  1518    0x07 0x49 0x2f 0x2e 0x41 0xe4                                                                                                                                              MOVX r29, #18;                MOV r30, r14
	  1524    0x10 0xf9 0xc8 0x98                                                                                                                                                        NE r28, r3, r28
	  1528    0xe0 0x03 0x08 0x40 0x01 0x84                                                                                                                                              JNZ r28, #TGT_F_ZL8run_bodyILi2ELi10EEvPKhS1_PKiS3_PiS4_iS4__1552
.delay_slot
	  1534    0x1f 0x99 0xa0 0xf8                                                                                                                                                                                      MOV r30, r19
.delay_slot
.swstall delay_slot
	  1538    0x00 0x00                                                                        NOPX
.delay_slot
.swstall delay_slot
	  1540    0x00 0x00                                                                        NOPX
.delay_slot
.swstall delay_slot
	  1542    0x00 0x00                                                                        NOPX
.delay_slot
.swstall delay_slot
	  1544    0x00 0x00                                                                        NOPX
	  1546    0x00 0x2c 0xf0 0x78 0x02 0x2c                                                    NOPA;                                                                                     MOVX r30, #0
.label TGT_F_ZL8run_bodyILi2ELi10EEvPKhS1_PKiS3_PiS4_iS4__1552
	  1552    0xd6 0x81 0xb1 0x1f 0x92 0xe4                                                                                                                                              LSHL r26, r26, r0;            VINSERT.16 x1, x1, r29, r30
	  1558    0x16 0xbd 0x07 0x98                                                                                                                                                        EQ r30, r26, r16
	  1562    0xf0 0x03 0x28 0x40 0x01 0x84                                                                                                                                              JNZ r30, #TGT_F_ZL8run_bodyILi2ELi10EEvPKhS1_PKiS3_PiS4_iS4__1616
.delay_slot
	  1568    0x1f 0x17 0x20 0xf8                                                                                                                                                                                      MOV r28, r14
.delay_slot
.swstall delay_slot
	  1572    0x00 0x00                                                                        NOPX
.delay_slot
.swstall delay_slot
	  1574    0x00 0x00                                                                        NOPX
.delay_slot
.swstall delay_slot
	  1576    0x00 0x00                                                                        NOPX
.delay_slot
.swstall delay_slot
	  1578    0x00 0x00                                                                        NOPX
	  1580    0x10 0xf5 0xa8 0x98                                                                                                                                                        NE r26, r3, r26
	  1584    0xd0 0x03 0x28 0x40 0x01 0x84                                                                                                                                              JNZ r26, #TGT_F_ZL8run_bodyILi2ELi10EEvPKhS1_PKiS3_PiS4_iS4__1616
.delay_slot
	  1590    0x1f 0x19 0xa0 0xf8                                                                                                                                                                                      MOV r28, r19
.delay_slot
.swstall delay_slot
	  1594    0x00 0x00                                                                        NOPX
.delay_slot
.swstall delay_slot
	  1596    0x00 0x00                                                                        NOPX
.delay_slot
.swstall delay_slot
	  1598    0x00 0x00                                                                        NOPX
.delay_slot
.swstall delay_slot
	  1600    0x00 0x00                                                                        NOPX
	  1602    0x00 0x2c 0xf0 0x00 0x20 0x38 0x01 0x00 0x34 0xaf 0x00 0x2b 0x60 0x7e            NOPA;                         NOPB;                         NOPS;                         MOVX r28, #0;                 NOPM
.label TGT_F_ZL8run_bodyILi2ELi10EEvPKhS1_PKiS3_PiS4_iS4__1616
	  1616    0x43 0xe9 0x50 0x01 0xd2 0x68 0x32 0x60 0x78 0xba                                LDA.u8 r26, [p2], #1;                                                                     MOVX r29, #19;                MOV p0, p2
	  1626    0x18 0x8f 0x89 0x78                                                                                                                                                                                      VINSERT.16 x1, x1, r29, r28
	  1630    0x00 0x00                                                                        NOPX
	  1632    0x00 0x00                                                                        NOPX
	  1634    0x00 0x00                                                                        NOPX
	  1636    0x00 0x00                                                                        NOPX
	  1638    0x00 0x00                                                                        NOPX
	  1640    0x11 0xf9 0xa4 0x98                                                                                                                                                        AND r28, r7, r26
	  1644    0x17 0x3f 0x07 0x98                                                                                                                                                        EQ r31, r28, r16
	  1648    0xf8 0x03 0x50 0x40 0x01 0x84                                                                                                                                              JNZ r31, #TGT_F_ZL8run_bodyILi2ELi10EEvPKhS1_PKiS3_PiS4_iS4__1696
.delay_slot
	  1654    0x1f 0x97 0x20 0xf8                                                                                                                                                                                      MOV r30, r14
.delay_slot
.swstall delay_slot
	  1658    0x00 0x00                                                                        NOPX
.delay_slot
.swstall delay_slot
	  1660    0x00 0x00                                                                        NOPX
.delay_slot
.swstall delay_slot
	  1662    0x00 0x00                                                                        NOPX
.delay_slot
.swstall delay_slot
	  1664    0x00 0x00                                                                        NOPX
	  1666    0x10 0xf9 0xc8 0x98                                                                                                                                                        NE r28, r3, r28
	  1670    0xe0 0x03 0x50 0x40 0x01 0x84                                                                                                                                              JNZ r28, #TGT_F_ZL8run_bodyILi2ELi10EEvPKhS1_PKiS3_PiS4_iS4__1696
.delay_slot
	  1676    0x1f 0x99 0xa0 0xf8                                                                                                                                                                                      MOV r30, r19
.delay_slot
.swstall delay_slot
	  1680    0x00 0x00                                                                        NOPX
.delay_slot
.swstall delay_slot
	  1682    0x00 0x00                                                                        NOPX
.delay_slot
.swstall delay_slot
	  1684    0x00 0x00                                                                        NOPX
.delay_slot
.swstall delay_slot
	  1686    0x00 0x00                                                                        NOPX
	  1688    0x00 0x01 0xe0 0x09 0x00 0x00 0x1c 0x22                                                                                                                                    MOVX r30, #0;                                                         NOPV
.label TGT_F_ZL8run_bodyILi2ELi10EEvPKhS1_PKiS3_PiS4_iS4__1696
	  1696    0x16 0xb8 0x6d 0x98                                                                                                                                                        LSHL r28, r26, r6
	  1700    0x11 0xf9 0xc4 0x98                                                                                                                                                        AND r28, r7, r28
	  1704    0x17 0x3f 0x07 0x98                                                                                                                                                        EQ r31, r28, r16
	  1708    0xf8 0x03 0x70 0x40 0x01 0x84                                                                                                                                              JNZ r31, #TGT_F_ZL8run_bodyILi2ELi10EEvPKhS1_PKiS3_PiS4_iS4__1760
.delay_slot
.swstall delay_slot
	  1714    0x00 0x00                                                                        NOPX
.delay_slot
.swstall delay_slot
	  1716    0x00 0x00                                                                        NOPX
.delay_slot
	  1718    0x1f 0x55 0xc0 0xf8                                                                                                                                                                                      MOV r29, s1
.delay_slot
	  1722    0x18 0x8f 0xc9 0x78                                                                                                                                                                                      VINSERT.16 x1, x1, r29, r30
.delay_slot
	  1726    0x1f 0x97 0x20 0xf8                                                                                                                                                                                      MOV r30, r14
	  1730    0x10 0xf9 0xc8 0x98                                                                                                                                                        NE r28, r3, r28
	  1734    0xe0 0x03 0x70 0x40 0x01 0x84                                                                                                                                              JNZ r28, #TGT_F_ZL8run_bodyILi2ELi10EEvPKhS1_PKiS3_PiS4_iS4__1760
.delay_slot
	  1740    0x1f 0x99 0xa0 0xf8                                                                                                                                                                                      MOV r30, r19
.delay_slot
.swstall delay_slot
	  1744    0x00 0x00                                                                        NOPX
.delay_slot
.swstall delay_slot
	  1746    0x00 0x00                                                                        NOPX
.delay_slot
.swstall delay_slot
	  1748    0x00 0x00                                                                        NOPX
.delay_slot
.swstall delay_slot
	  1750    0x00 0x00                                                                        NOPX
	  1752    0x00 0x01 0xe0 0x09 0x00 0x00 0x1c 0x22                                                                                                                                    MOVX r30, #0;                                                         NOPV
.label TGT_F_ZL8run_bodyILi2ELi10EEvPKhS1_PKiS3_PiS4_iS4__1760
	  1760    0x16 0xb8 0xfd 0x98                                                                                                                                                        LSHL r28, r26, r15
	  1764    0x11 0xf9 0xc4 0x98                                                                                                                                                        AND r28, r7, r28
	  1768    0x17 0x3f 0x07 0x98                                                                                                                                                        EQ r31, r28, r16
	  1772    0xf8 0x03 0x90 0x40 0x01 0x84                                                                                                                                              JNZ r31, #TGT_F_ZL8run_bodyILi2ELi10EEvPKhS1_PKiS3_PiS4_iS4__1824
.delay_slot
	  1778    0x10 0x3a 0x55 0x18                                                                                                                                                        MOVX r29, #21
.delay_slot
	  1782    0x18 0x8f 0xc9 0x78                                                                                                                                                                                      VINSERT.16 x1, x1, r29, r30
.delay_slot
.swstall delay_slot
	  1786    0x00 0x00                                                                        NOPX
.delay_slot
.swstall delay_slot
	  1788    0x00 0x00                                                                        NOPX
.delay_slot
	  1790    0x07 0x4b 0x2f 0x2e 0x41 0xe4                                                                                                                                              MOVX r29, #22;                MOV r30, r14
	  1796    0x10 0xf9 0xc8 0x98                                                                                                                                                        NE r28, r3, r28
	  1800    0xe0 0x03 0x90 0x40 0x01 0x84                                                                                                                                              JNZ r28, #TGT_F_ZL8run_bodyILi2ELi10EEvPKhS1_PKiS3_PiS4_iS4__1824
.delay_slot
	  1806    0x1f 0x99 0xa0 0xf8                                                                                                                                                                                      MOV r30, r19
.delay_slot
.swstall delay_slot
	  1810    0x00 0x00                                                                        NOPX
.delay_slot
.swstall delay_slot
	  1812    0x00 0x00                                                                        NOPX
.delay_slot
.swstall delay_slot
	  1814    0x00 0x00                                                                        NOPX
.delay_slot
.swstall delay_slot
	  1816    0x00 0x00                                                                        NOPX
	  1818    0x00 0x2c 0xf0 0x78 0x02 0x2c                                                    NOPA;                                                                                     MOVX r30, #0
.label TGT_F_ZL8run_bodyILi2ELi10EEvPKhS1_PKiS3_PiS4_iS4__1824
	  1824    0xd6 0x81 0xb1 0x1f 0x92 0xe4                                                                                                                                              LSHL r26, r26, r0;            VINSERT.16 x1, x1, r29, r30
	  1830    0x16 0xbd 0x07 0x98                                                                                                                                                        EQ r30, r26, r16
	  1834    0xf0 0x03 0xb0 0x40 0x01 0x84                                                                                                                                              JNZ r30, #TGT_F_ZL8run_bodyILi2ELi10EEvPKhS1_PKiS3_PiS4_iS4__1888
.delay_slot
	  1840    0x1f 0x17 0x20 0xf8                                                                                                                                                                                      MOV r28, r14
.delay_slot
.swstall delay_slot
	  1844    0x00 0x00                                                                        NOPX
.delay_slot
.swstall delay_slot
	  1846    0x00 0x00                                                                        NOPX
.delay_slot
.swstall delay_slot
	  1848    0x00 0x00                                                                        NOPX
.delay_slot
.swstall delay_slot
	  1850    0x00 0x00                                                                        NOPX
	  1852    0x10 0xf5 0xa8 0x98                                                                                                                                                        NE r26, r3, r26
	  1856    0xd0 0x03 0xb0 0x40 0x01 0x84                                                                                                                                              JNZ r26, #TGT_F_ZL8run_bodyILi2ELi10EEvPKhS1_PKiS3_PiS4_iS4__1888
.delay_slot
	  1862    0x1f 0x19 0xa0 0xf8                                                                                                                                                                                      MOV r28, r19
.delay_slot
.swstall delay_slot
	  1866    0x00 0x00                                                                        NOPX
.delay_slot
.swstall delay_slot
	  1868    0x00 0x00                                                                        NOPX
.delay_slot
.swstall delay_slot
	  1870    0x00 0x00                                                                        NOPX
.delay_slot
.swstall delay_slot
	  1872    0x00 0x00                                                                        NOPX
	  1874    0x00 0x2c 0xf0 0x00 0x20 0x38 0x01 0x00 0x34 0xaf 0x00 0x2b 0x60 0x7e            NOPA;                         NOPB;                         NOPS;                         MOVX r28, #0;                 NOPM
.label TGT_F_ZL8run_bodyILi2ELi10EEvPKhS1_PKiS3_PiS4_iS4__1888
	  1888    0x02 0xe9 0x50 0x74 0xba 0x2c                                                    LDA.u8 r26, [p0, #1];                                                                     MOVX r29, #23
	  1894    0x18 0x8f 0x89 0x78                                                                                                                                                                                      VINSERT.16 x1, x1, r29, r28
	  1898    0x00 0x00                                                                        NOPX
	  1900    0x00 0x00                                                                        NOPX
	  1902    0x00 0x00                                                                        NOPX
	  1904    0x00 0x00                                                                        NOPX
	  1906    0x00 0x00                                                                        NOPX
	  1908    0x11 0xf9 0xa4 0x98                                                                                                                                                        AND r28, r7, r26
	  1912    0x17 0x3f 0x07 0x98                                                                                                                                                        EQ r31, r28, r16
	  1916    0xf8 0x03 0xd8 0x40 0x01 0x84                                                                                                                                              JNZ r31, #TGT_F_ZL8run_bodyILi2ELi10EEvPKhS1_PKiS3_PiS4_iS4__1968
.delay_slot
	  1922    0x1f 0x97 0x20 0xf8                                                                                                                                                                                      MOV r30, r14
.delay_slot
.swstall delay_slot
	  1926    0x00 0x00                                                                        NOPX
.delay_slot
.swstall delay_slot
	  1928    0x00 0x00                                                                        NOPX
.delay_slot
.swstall delay_slot
	  1930    0x00 0x00                                                                        NOPX
.delay_slot
.swstall delay_slot
	  1932    0x00 0x00                                                                        NOPX
	  1934    0x10 0xf9 0xc8 0x98                                                                                                                                                        NE r28, r3, r28
	  1938    0xe0 0x03 0xd8 0x40 0x01 0x84                                                                                                                                              JNZ r28, #TGT_F_ZL8run_bodyILi2ELi10EEvPKhS1_PKiS3_PiS4_iS4__1968
.delay_slot
	  1944    0x1f 0x99 0xa0 0xf8                                                                                                                                                                                      MOV r30, r19
.delay_slot
.swstall delay_slot
	  1948    0x00 0x00                                                                        NOPX
.delay_slot
.swstall delay_slot
	  1950    0x00 0x00                                                                        NOPX
.delay_slot
.swstall delay_slot
	  1952    0x00 0x00                                                                        NOPX
.delay_slot
.swstall delay_slot
	  1954    0x00 0x00                                                                        NOPX
	  1956    0x00 0x2c 0xf0 0x00 0x20 0x01 0xe0 0x08 0x00 0xad 0x81 0x36                      NOPA;                         NOPB;                         NOPS;                         MOVX r30, #0
.label TGT_F_ZL8run_bodyILi2ELi10EEvPKhS1_PKiS3_PiS4_iS4__1968
	  1968    0x16 0xb8 0x6d 0x98                                                                                                                                                        LSHL r28, r26, r6
	  1972    0x11 0xf9 0xc4 0x98                                                                                                                                                        AND r28, r7, r28
	  1976    0x17 0x3f 0x07 0x98                                                                                                                                                        EQ r31, r28, r16
	  1980    0xf8 0x03 0xf8 0x40 0x01 0x84                                                                                                                                              JNZ r31, #TGT_F_ZL8run_bodyILi2ELi10EEvPKhS1_PKiS3_PiS4_iS4__2032
.delay_slot
.swstall delay_slot
	  1986    0x00 0x00                                                                        NOPX
.delay_slot
.swstall delay_slot
	  1988    0x00 0x00                                                                        NOPX
.delay_slot
	  1990    0x10 0x3a 0x61 0x18                                                                                                                                                        MOVX r29, #24
.delay_slot
	  1994    0x18 0x8f 0xc9 0x78                                                                                                                                                                                      VINSERT.16 x1, x1, r29, r30
.delay_slot
	  1998    0x1f 0x97 0x20 0xf8                                                                                                                                                                                      MOV r30, r14
	  2002    0x10 0xf9 0xc8 0x98                                                                                                                                                        NE r28, r3, r28
	  2006    0xe0 0x03 0xf8 0x40 0x01 0x84                                                                                                                                              JNZ r28, #TGT_F_ZL8run_bodyILi2ELi10EEvPKhS1_PKiS3_PiS4_iS4__2032
.delay_slot
	  2012    0x1f 0x99 0xa0 0xf8                                                                                                                                                                                      MOV r30, r19
.delay_slot
.swstall delay_slot
	  2016    0x00 0x00                                                                        NOPX
.delay_slot
.swstall delay_slot
	  2018    0x00 0x00                                                                        NOPX
.delay_slot
.swstall delay_slot
	  2020    0x00 0x00                                                                        NOPX
.delay_slot
.swstall delay_slot
	  2022    0x00 0x00                                                                        NOPX
	  2024    0x00 0x01 0xe0 0x09 0x00 0x00 0x1c 0x22                                                                                                                                    MOVX r30, #0;                                                         NOPV
.label TGT_F_ZL8run_bodyILi2ELi10EEvPKhS1_PKiS3_PiS4_iS4__2032
	  2032    0x16 0xb8 0xfd 0x98                                                                                                                                                        LSHL r28, r26, r15
	  2036    0x11 0xf9 0xc4 0x98                                                                                                                                                        AND r28, r7, r28
	  2040    0x17 0x3f 0x07 0x98                                                                                                                                                        EQ r31, r28, r16
	  2044    0xf8 0x04 0x18 0x40 0x01 0x84                                                                                                                                              JNZ r31, #TGT_F_ZL8run_bodyILi2ELi10EEvPKhS1_PKiS3_PiS4_iS4__2096
.delay_slot
	  2050    0x10 0x3a 0x65 0x18                                                                                                                                                        MOVX r29, #25
.delay_slot
	  2054    0x18 0x8f 0xc9 0x78                                                                                                                                                                                      VINSERT.16 x1, x1, r29, r30
.delay_slot
.swstall delay_slot
	  2058    0x00 0x00                                                                        NOPX
.delay_slot
.swstall delay_slot
	  2060    0x00 0x00                                                                        NOPX
.delay_slot
	  2062    0x07 0x4d 0x2f 0x2e 0x41 0xe4                                                                                                                                              MOVX r29, #26;                MOV r30, r14
	  2068    0x10 0xf9 0xc8 0x98                                                                                                                                                        NE r28, r3, r28
	  2072    0xe0 0x04 0x18 0x40 0x01 0x84                                                                                                                                              JNZ r28, #TGT_F_ZL8run_bodyILi2ELi10EEvPKhS1_PKiS3_PiS4_iS4__2096
.delay_slot
	  2078    0x1f 0x99 0xa0 0xf8                                                                                                                                                                                      MOV r30, r19
.delay_slot
.swstall delay_slot
	  2082    0x00 0x00                                                                        NOPX
.delay_slot
.swstall delay_slot
	  2084    0x00 0x00                                                                        NOPX
.delay_slot
.swstall delay_slot
	  2086    0x00 0x00                                                                        NOPX
.delay_slot
.swstall delay_slot
	  2088    0x00 0x00                                                                        NOPX
	  2090    0x00 0x2c 0xf0 0x78 0x02 0x2c                                                    NOPA;                                                                                     MOVX r30, #0
.label TGT_F_ZL8run_bodyILi2ELi10EEvPKhS1_PKiS3_PiS4_iS4__2096
	  2096    0xd6 0x81 0xb1 0x1f 0x92 0xe4                                                                                                                                              LSHL r26, r26, r0;            VINSERT.16 x1, x1, r29, r30
	  2102    0x16 0xbd 0x07 0x98                                                                                                                                                        EQ r30, r26, r16
	  2106    0xf0 0x04 0x38 0x40 0x01 0x84                                                                                                                                              JNZ r30, #TGT_F_ZL8run_bodyILi2ELi10EEvPKhS1_PKiS3_PiS4_iS4__2160
.delay_slot
	  2112    0x1f 0x17 0x20 0xf8                                                                                                                                                                                      MOV r28, r14
.delay_slot
.swstall delay_slot
	  2116    0x00 0x00                                                                        NOPX
.delay_slot
.swstall delay_slot
	  2118    0x00 0x00                                                                        NOPX
.delay_slot
.swstall delay_slot
	  2120    0x00 0x00                                                                        NOPX
.delay_slot
.swstall delay_slot
	  2122    0x00 0x00                                                                        NOPX
	  2124    0x10 0xf5 0xa8 0x98                                                                                                                                                        NE r26, r3, r26
	  2128    0xd0 0x04 0x38 0x40 0x01 0x84                                                                                                                                              JNZ r26, #TGT_F_ZL8run_bodyILi2ELi10EEvPKhS1_PKiS3_PiS4_iS4__2160
.delay_slot
	  2134    0x1f 0x19 0xa0 0xf8                                                                                                                                                                                      MOV r28, r19
.delay_slot
.swstall delay_slot
	  2138    0x00 0x00                                                                        NOPX
.delay_slot
.swstall delay_slot
	  2140    0x00 0x00                                                                        NOPX
.delay_slot
.swstall delay_slot
	  2142    0x00 0x00                                                                        NOPX
.delay_slot
.swstall delay_slot
	  2144    0x00 0x00                                                                        NOPX
	  2146    0x00 0x2c 0xf0 0x00 0x20 0x38 0x01 0x00 0x34 0xaf 0x00 0x2b 0x60 0x7e            NOPA;                         NOPB;                         NOPS;                         MOVX r28, #0;                 NOPM
.label TGT_F_ZL8run_bodyILi2ELi10EEvPKhS1_PKiS3_PiS4_iS4__2160
	  2160    0x42 0xe9 0x50 0x74 0xda 0x2c                                                    LDA.u8 r26, [p2, #1];                                                                     MOVX r29, #27
	  2166    0x18 0x8f 0x89 0x78                                                                                                                                                                                      VINSERT.16 x1, x1, r29, r28
	  2170    0x00 0x00                                                                        NOPX
	  2172    0x00 0x00                                                                        NOPX
	  2174    0x00 0x00                                                                        NOPX
	  2176    0x00 0x00                                                                        NOPX
	  2178    0x00 0x00                                                                        NOPX
	  2180    0x11 0xf9 0xa4 0x98                                                                                                                                                        AND r28, r7, r26
	  2184    0x17 0x3f 0x07 0x98                                                                                                                                                        EQ r31, r28, r16
	  2188    0xf8 0x04 0x60 0x40 0x01 0x84                                                                                                                                              JNZ r31, #TGT_F_ZL8run_bodyILi2ELi10EEvPKhS1_PKiS3_PiS4_iS4__2240
.delay_slot
	  2194    0x1f 0x97 0x20 0xf8                                                                                                                                                                                      MOV r30, r14
.delay_slot
.swstall delay_slot
	  2198    0x00 0x00                                                                        NOPX
.delay_slot
.swstall delay_slot
	  2200    0x00 0x00                                                                        NOPX
.delay_slot
.swstall delay_slot
	  2202    0x00 0x00                                                                        NOPX
.delay_slot
.swstall delay_slot
	  2204    0x00 0x00                                                                        NOPX
	  2206    0x10 0xf9 0xc8 0x98                                                                                                                                                        NE r28, r3, r28
	  2210    0xe0 0x04 0x60 0x40 0x01 0x84                                                                                                                                              JNZ r28, #TGT_F_ZL8run_bodyILi2ELi10EEvPKhS1_PKiS3_PiS4_iS4__2240
.delay_slot
	  2216    0x1f 0x99 0xa0 0xf8                                                                                                                                                                                      MOV r30, r19
.delay_slot
.swstall delay_slot
	  2220    0x00 0x00                                                                        NOPX
.delay_slot
.swstall delay_slot
	  2222    0x00 0x00                                                                        NOPX
.delay_slot
.swstall delay_slot
	  2224    0x00 0x00                                                                        NOPX
.delay_slot
.swstall delay_slot
	  2226    0x00 0x00                                                                        NOPX
	  2228    0x00 0x2c 0xf0 0x00 0x20 0x01 0xe0 0x08 0x00 0xad 0x81 0x36                      NOPA;                         NOPB;                         NOPS;                         MOVX r30, #0
.label TGT_F_ZL8run_bodyILi2ELi10EEvPKhS1_PKiS3_PiS4_iS4__2240
	  2240    0x16 0xb8 0x6d 0x98                                                                                                                                                        LSHL r28, r26, r6
	  2244    0x11 0xf9 0xc4 0x98                                                                                                                                                        AND r28, r7, r28
	  2248    0x17 0x3f 0x07 0x98                                                                                                                                                        EQ r31, r28, r16
	  2252    0xf8 0x04 0x80 0x40 0x01 0x84                                                                                                                                              JNZ r31, #TGT_F_ZL8run_bodyILi2ELi10EEvPKhS1_PKiS3_PiS4_iS4__2304
.delay_slot
.swstall delay_slot
	  2258    0x00 0x00                                                                        NOPX
.delay_slot
.swstall delay_slot
	  2260    0x00 0x00                                                                        NOPX
.delay_slot
	  2262    0x10 0x3a 0x71 0x18                                                                                                                                                        MOVX r29, #28
.delay_slot
	  2266    0x18 0x8f 0xc9 0x78                                                                                                                                                                                      VINSERT.16 x1, x1, r29, r30
.delay_slot
	  2270    0x1f 0x97 0x20 0xf8                                                                                                                                                                                      MOV r30, r14
	  2274    0x10 0xf9 0xc8 0x98                                                                                                                                                        NE r28, r3, r28
	  2278    0xe0 0x04 0x80 0x40 0x01 0x84                                                                                                                                              JNZ r28, #TGT_F_ZL8run_bodyILi2ELi10EEvPKhS1_PKiS3_PiS4_iS4__2304
.delay_slot
	  2284    0x1f 0x99 0xa0 0xf8                                                                                                                                                                                      MOV r30, r19
.delay_slot
.swstall delay_slot
	  2288    0x00 0x00                                                                        NOPX
.delay_slot
.swstall delay_slot
	  2290    0x00 0x00                                                                        NOPX
.delay_slot
.swstall delay_slot
	  2292    0x00 0x00                                                                        NOPX
.delay_slot
.swstall delay_slot
	  2294    0x00 0x00                                                                        NOPX
	  2296    0x00 0x01 0xe0 0x09 0x00 0x00 0x1c 0x22                                                                                                                                    MOVX r30, #0;                                                         NOPV
.label TGT_F_ZL8run_bodyILi2ELi10EEvPKhS1_PKiS3_PiS4_iS4__2304
	  2304    0x16 0xb8 0xfd 0x98                                                                                                                                                        LSHL r28, r26, r15
	  2308    0x11 0xf9 0xc4 0x98                                                                                                                                                        AND r28, r7, r28
	  2312    0x17 0x3f 0x07 0x98                                                                                                                                                        EQ r31, r28, r16
	  2316    0xf8 0x04 0xa0 0x40 0x01 0x84                                                                                                                                              JNZ r31, #TGT_F_ZL8run_bodyILi2ELi10EEvPKhS1_PKiS3_PiS4_iS4__2368
.delay_slot
	  2322    0x10 0x3a 0x75 0x18                                                                                                                                                        MOVX r29, #29
.delay_slot
	  2326    0x18 0x8f 0xc9 0x78                                                                                                                                                                                      VINSERT.16 x1, x1, r29, r30
.delay_slot
.swstall delay_slot
	  2330    0x00 0x00                                                                        NOPX
.delay_slot
.swstall delay_slot
	  2332    0x00 0x00                                                                        NOPX
.delay_slot
	  2334    0x07 0x4f 0x2f 0x2e 0x41 0xe4                                                                                                                                              MOVX r29, #30;                MOV r30, r14
	  2340    0x10 0xf9 0xc8 0x98                                                                                                                                                        NE r28, r3, r28
	  2344    0xe0 0x04 0xa0 0x40 0x01 0x84                                                                                                                                              JNZ r28, #TGT_F_ZL8run_bodyILi2ELi10EEvPKhS1_PKiS3_PiS4_iS4__2368
.delay_slot
	  2350    0x1f 0x99 0xa0 0xf8                                                                                                                                                                                      MOV r30, r19
.delay_slot
.swstall delay_slot
	  2354    0x00 0x00                                                                        NOPX
.delay_slot
.swstall delay_slot
	  2356    0x00 0x00                                                                        NOPX
.delay_slot
.swstall delay_slot
	  2358    0x00 0x00                                                                        NOPX
.delay_slot
.swstall delay_slot
	  2360    0x00 0x00                                                                        NOPX
	  2362    0x00 0x2c 0xf0 0x78 0x02 0x2c                                                    NOPA;                                                                                     MOVX r30, #0
.label TGT_F_ZL8run_bodyILi2ELi10EEvPKhS1_PKiS3_PiS4_iS4__2368
	  2368    0xd7 0x01 0xb1 0x1f 0x92 0xe4                                                                                                                                              LSHL r28, r26, r0;            VINSERT.16 x1, x1, r29, r30
	  2374    0x17 0x3d 0x07 0x98                                                                                                                                                        EQ r30, r28, r16
	  2378    0xf0 0x04 0xc0 0x40 0x01 0x84                                                                                                                                              JNZ r30, #TGT_F_ZL8run_bodyILi2ELi10EEvPKhS1_PKiS3_PiS4_iS4__2432
.delay_slot
	  2384    0x1e 0x97 0x20 0xf8                                                                                                                                                                                      MOV r26, r14
.delay_slot
.swstall delay_slot
	  2388    0x00 0x00                                                                        NOPX
.delay_slot
.swstall delay_slot
	  2390    0x00 0x00                                                                        NOPX
.delay_slot
.swstall delay_slot
	  2392    0x00 0x00                                                                        NOPX
.delay_slot
.swstall delay_slot
	  2394    0x00 0x00                                                                        NOPX
	  2396    0x10 0xf9 0xc8 0x98                                                                                                                                                        NE r28, r3, r28
	  2400    0xe0 0x04 0xc0 0x40 0x01 0x84                                                                                                                                              JNZ r28, #TGT_F_ZL8run_bodyILi2ELi10EEvPKhS1_PKiS3_PiS4_iS4__2432
.delay_slot
	  2406    0x1e 0x99 0xa0 0xf8                                                                                                                                                                                      MOV r26, r19
.delay_slot
.swstall delay_slot
	  2410    0x00 0x00                                                                        NOPX
.delay_slot
.swstall delay_slot
	  2412    0x00 0x00                                                                        NOPX
.delay_slot
.swstall delay_slot
	  2414    0x00 0x00                                                                        NOPX
.delay_slot
.swstall delay_slot
	  2416    0x00 0x00                                                                        NOPX
	  2418    0x00 0x2c 0xf0 0x00 0x20 0x34 0x01 0x00 0x34 0xaf 0x00 0x2b 0x60 0x7e            NOPA;                         NOPB;                         NOPS;                         MOVX r26, #0;                 NOPM
.label TGT_F_ZL8run_bodyILi2ELi10EEvPKhS1_PKiS3_PiS4_iS4__2432
	  2432    0x06 0x39 0x68 0x01 0xd3 0xeb 0x2e 0x42 0x08 0x3a                                                              VLDB x2, [p3], #64;                                         MOVX r29, #31;                ADD.NC r25, r25, #8
	  2442    0x53 0x21 0x60 0x01 0xd0 0x28 0x47 0xa4 0xb9 0x3a                                                                                            MOVS p2, r25;                 MOVX r29, #1;                 VINSERT.16 x1, x1, r29, r26
	  2452    0x00 0x00                                                                        NOPX
	  2454    0x00 0x00                                                                        NOPX
	  2456    0x00 0x00                                                                        NOPX
	  2458    0x00 0x00                                                                        NOPX
	  2460    0x00 0x00                                                                        NOPX
	  2462    0x62 0xe2 0x41 0x48                                                                                                                                                                                                                              VMUL.f dm2, x1, x2, r12
	  2466    0x00 0x00                                                                        NOPX
	  2468    0x00 0x00                                                                        NOPX
	  2470    0x00 0x00                                                                        NOPX
	  2472    0x00 0x00                                                                        NOPX
	  2474    0x00 0x00                                                                        NOPX
	  2476    0x08 0x91 0x16 0x18                                                                                                                          VCONV.bf16.fp32 x1, cml2
	  2480    0x00 0x00                                                                        NOPX
	  2482    0x1a 0x03 0x8a 0xf8                                                                                                                                                                                      VCONV.fp32.bf16 cml2, x1
	  2486    0x00 0x00                                                                        NOPX
	  2488    0x19 0x28 0x12 0xf8                                                                                                                                                                                      VMOV x2, bmll2
	  2492    0x18 0xa9 0x12 0xf8                                                                                                                                                                                      VMOV x1, bmlh2
.aggressive_scheduled_block_id 2
.aggressive_scheduled_block_id first
	  2496    0x1d 0x10 0x85 0xd8                                                                                                                                                                                      VSHUFFLE bmhl2, x2, x1, r1
.aggressive_scheduled_block_id 2
.noswbrkpt
	  2500    0x6a 0x4c 0x3d 0x48                                                                                                                                                                                                                              VADD.f dm2, dm2, dm3, r13
.aggressive_scheduled_block_id 2
.aggressive_scheduled_block_id last
.nohwbrkpt
.noswbrkpt
	  2504    0x1b 0x0a 0x12 0xf8                                                                                                                                                                                      VMOV bmll3, bmhl2
	  2508    0x00 0x00                                                                        NOPX
	  2510    0x00 0x00                                                                        NOPX
	  2512    0x00 0x00                                                                        NOPX
	  2514    0x00 0x00                                                                        NOPX
	  2516    0x18 0xa8 0x12 0xf8                                                                                                                                                                                      VMOV x1, bmll2
.aggressive_scheduled_block_id 3
.aggressive_scheduled_block_id first
	  2520    0x1d 0x08 0xc9 0xd8                                                                                                                                                                                      VSHUFFLE bmhl2, x1, x1, r18
.aggressive_scheduled_block_id 3
.noswbrkpt
	  2524    0x6a 0x4c 0x3d 0x48                                                                                                                                                                                                                              VADD.f dm2, dm2, dm3, r13
.aggressive_scheduled_block_id 3
.aggressive_scheduled_block_id last
.nohwbrkpt
.noswbrkpt
	  2528    0x1b 0x0a 0x12 0xf8                                                                                                                                                                                      VMOV bmll3, bmhl2
	  2532    0x00 0x00                                                                        NOPX
	  2534    0x00 0x00                                                                        NOPX
	  2536    0x00 0x00                                                                        NOPX
	  2538    0x00 0x00                                                                        NOPX
	  2540    0x18 0xa8 0x12 0xf8                                                                                                                                                                                      VMOV x1, bmll2
.aggressive_scheduled_block_id 4
.aggressive_scheduled_block_id first
	  2544    0x1d 0x08 0x91 0xd8                                                                                                                                                                                      VSHUFFLE bmhl2, x1, x1, r4
.aggressive_scheduled_block_id 4
.noswbrkpt
	  2548    0x6a 0x4c 0x3d 0x48                                                                                                                                                                                                                              VADD.f dm2, dm2, dm3, r13
.aggressive_scheduled_block_id 4
.aggressive_scheduled_block_id last
.nohwbrkpt
.noswbrkpt
	  2552    0x1b 0x0a 0x12 0xf8                                                                                                                                                                                      VMOV bmll3, bmhl2
	  2556    0x00 0x00                                                                        NOPX
	  2558    0x00 0x00                                                                        NOPX
	  2560    0x00 0x00                                                                        NOPX
	  2562    0x00 0x00                                                                        NOPX
	  2564    0x18 0xa8 0x12 0xf8                                                                                                                                                                                      VMOV x1, bmll2
.aggressive_scheduled_block_id 5
.aggressive_scheduled_block_id first
	  2568    0x1d 0x08 0x89 0xd8                                                                                                                                                                                      VSHUFFLE bmhl2, x1, x1, r2
.aggressive_scheduled_block_id 5
.noswbrkpt
	  2572    0x6a 0x4c 0x3d 0x48                                                                                                                                                                                                                              VADD.f dm2, dm2, dm3, r13
.aggressive_scheduled_block_id 5
.aggressive_scheduled_block_id last
.nohwbrkpt
.noswbrkpt
	  2576    0x1b 0x0a 0x12 0xf8                                                                                                                                                                                      VMOV bmll3, bmhl2
	  2580    0x00 0x00                                                                        NOPX
	  2582    0x00 0x00                                                                        NOPX
	  2584    0x00 0x00                                                                        NOPX
	  2586    0x00 0x00                                                                        NOPX
	  2588    0x18 0xa8 0x12 0xf8                                                                                                                                                                                      VMOV x1, bmll2
.aggressive_scheduled_block_id 6
.aggressive_scheduled_block_id first
	  2592    0x1d 0x08 0xd1 0xd8                                                                                                                                                                                      VSHUFFLE bmhl2, x1, x1, r20
.aggressive_scheduled_block_id 6
.noswbrkpt
	  2596    0x6a 0x4c 0x3d 0x48                                                                                                                                                                                                                              VADD.f dm2, dm2, dm3, r13
.aggressive_scheduled_block_id 6
.aggressive_scheduled_block_id last
.nohwbrkpt
.noswbrkpt
	  2600    0x1b 0x0a 0x12 0xf8                                                                                                                                                                                      VMOV bmll3, bmhl2
	  2604    0x00 0x00                                                                        NOPX
	  2606    0x00 0x00                                                                        NOPX
	  2608    0x00 0x00                                                                        NOPX
	  2610    0x00 0x00                                                                        NOPX
	  2612    0x08 0xc1 0x16 0x18                                                                                                                          VCONV.bf16.fp32 wl1, bmll2
	  2616    0x00 0x00                                                                        NOPX
	  2618    0x18 0x89 0x03 0x58                                                                                                                                                                                      VEXTBCST.16 x1, x1, #0
	  2622    0x00 0x00                                                                        NOPX
.label ZLE_F_ZL8run_bodyILi2ELi10EEvPKhS1_PKiS3_PiS4_iS4__2624
.end_of_loop
.aggressive_scheduled_block_id 7
.aggressive_scheduled_block_id first
	  2624    0x00 0x2c 0xf0 0x00 0x20 0x01 0x5b 0x00 0x00 0x00 0x01 0xa5 0x7b 0x09 0x10 0x0b  NOPA;                         NOPB;                         NOPS;                         NOPX;                         NOPM;                                   VMAC.f dm1, dm1, x1, x0, r12
.loop_nesting 2
.aggressive_scheduled_block_id 7
.noswbrkpt
	  2640    0xfb 0xe6 0x20 0x11 0xa0 0x0a 0xcd 0x80 0x48 0xba                                LDA r25, [sp, #-36];                                                                      MOVX r26, #512;               ADD.NC r22, r22, #1
.aggressive_scheduled_block_id 7
.nohwbrkpt
.noswbrkpt
	  2650    0xfb 0x6a 0x2a 0xd6 0x40 0x2c                                                    LDA r26, [sp, #-40];                                                                      JNZD r21, r21, p4
.delay_slot
.aggressive_scheduled_block_id 7
.nohwbrkpt
.noswbrkpt
	  2656    0x10 0xb2 0x01 0x18                                                                                                                                                        MOVX r25, #128
.delay_slot
.aggressive_scheduled_block_id 7
.nohwbrkpt
.noswbrkpt
	  2660    0x1e 0x1c 0xe1 0x58                                                                                                                                                                                      ADD.NC r24, r25, r24
.delay_slot
.aggressive_scheduled_block_id 7
.aggressive_scheduled_block_id last
.nohwbrkpt
.noswbrkpt
	  2664    0x1d 0xdb 0xe9 0x58                                                                                                                                                                                      ADD.NC r23, r23, r26
.delay_slot
.swstall delay_slot
	  2668    0x00 0x00                                                                        NOPX
.delay_slot
.swstall delay_slot
	  2670    0x00 0x00                                                                        NOPX
.loop_nesting 1
	  2672    0x07 0xc2 0xb1 0x18                                                              LDA r21, [sp, #-64]
	  2676    0x07 0xca 0xd1 0x18                                                              LDA r22, [sp, #-56]
	  2680    0x07 0xcf 0x11 0x18                                                              LDA r24, [sp, #-52]
	  2684    0x07 0xc6 0xf1 0x18                                                              LDA r23, [sp, #-60]
	  2688    0x00 0x00                                                                        NOPX
	  2690    0x00 0x00                                                                        NOPX
	  2692    0x00 0x00                                                                        NOPX
	  2694    0x1e 0xea 0x9a 0xb5 0x01 0x24                                                                                                                                              AND r27, r3, r21;             ADD.NC r21, r21, #1
	  2700    0x00 0x00                                                                        NOPX
	  2702    0x15 0xad 0x82 0x18                                                                                                                                                        SEL.EQZ r22, r22, r24, r27
	  2706    0xbd 0xac 0x06 0xd6 0x41 0xe4                                                                                                                                              JNZD r22, r23, p5;            MOV p3, r22
.delay_slot
	  2712    0x0b 0x1c 0x71 0x98                                                                                                                          ST r3, [p3], #4
.delay_slot
	  2716    0x0b 0x04 0xa3 0x18                                                                                                                          VST.CONV.bf16.fp32 cml1, [p3]
.delay_slot
.swstall delay_slot
	  2720    0x00 0x00                                                                        NOPX
.delay_slot
.swstall delay_slot
	  2722    0x00 0x00                                                                        NOPX
.delay_slot
.swstall delay_slot
	  2724    0x00 0x00                                                                        NOPX
.loop_nesting 0
	  2726    0xfe 0xbe 0x22 0x0d 0x63 0x0c                                                    LDA r15, [sp, #-12];                                        ST r21, [p1]
	  2732    0x07 0xf9 0xd1 0x18                                                              LDA r14, [sp, #-8]
	  2736    0x07 0xfd 0xb1 0x18                                                              LDA r13, [sp, #-4]
	  2740    0x07 0xf1 0x91 0x18                                                              LDA r12, [sp, #-16]
	  2744    0x07 0xed 0x71 0x18                                                              LDA r11, [sp, #-20]
	  2748    0x07 0xe9 0x51 0x18                                                              LDA r10, [sp, #-24]
	  2752    0x07 0xe5 0x31 0x18                                                              LDA r9, [sp, #-28]
	  2756    0x07 0xe1 0x11 0x18                                                              LDA r8, [sp, #-32]
	  2760    0x10 0x28 0x00 0x18                                                                                                                                                        RET lr
.delay_slot
	  2764    0xff 0xf8 0x00 0x00 0x01 0xc4                                                                                                                                              PADDXM [sp], #-64
.delay_slot
.swstall delay_slot
	  2770    0x00 0x00                                                                        NOPX
.delay_slot
.swstall delay_slot
	  2772    0x00 0x00                                                                        NOPX
.delay_slot
.swstall delay_slot
	  2774    0x00 0x00                                                                        NOPX
.label _ZL8run_bodyILi2ELi10EEvPKhS1_PKiS3_PiS4_iS4___end last
.delay_slot
.swstall delay_slot
	  2776    0x00 0x00                                                                        NOPX

.text_segment_name
.text local 10 _ZL8run_bodyILi28ELi10EEvPKhS1_PKiS3_PiS4_iS4_
.function_start
.aggressive_scheduled_block_id 1
.aggressive_scheduled_block_id first
	     0    0x01 0x17 0x00 0x00 0x40 0x00 0x00 0x0e 0x00 0xe0 0x1d 0x06                      MOVA r23, #8;                                                                             PADDXM [sp], #64;                                                     VCLR dm0
.aggressive_scheduled_block_id 1
.noswbrkpt
	    12    0xf7 0x93 0x20 0x01 0x63 0x6b 0x49 0x60 0x78 0xba                                LDA p1, [sp, #-68];                                                                       MOVX r22, #27;                MOV r26, p1
.aggressive_scheduled_block_id 1
.aggressive_scheduled_block_id last
.nohwbrkpt
.noswbrkpt
	    22    0xff 0xc0 0x07 0xd8 0x9d 0x80 0x00 0x00 0x78 0x80 0x10 0x76                      MOVA r0, #-2;                                               ST p1, [sp, #-40];            MOVXM ls, #(ZLS_F_ZL8run_bodyILi28ELi10EEvPKhS1_PKiS3_PiS4_iS4__256 + 0)
	    34    0x02 0xe6 0x07 0xe5 0xf5 0x81 0xd0 0x2b 0x28 0x60 0x78 0x76                      MOVA r6, #23;                                               ST r15, [sp, #-28];           MOVX r29, #1;                 MOV r25, p0
	    46    0x01 0x64 0x07 0xdc 0x1d 0x80 0x00 0x00 0x30 0x00 0x10 0x76                      MOVA r4, #11;                                               ST p0, [sp, #-36];            MOVXM p0, #_ZN12me_primitive11control_rndE
	    58    0x00 0xc4 0x57 0xe9 0xd5 0x80 0x00 0x01 0xbd 0x20 0x10 0x76                      LDA.s8 r17, [p0];                                           ST r14, [sp, #-24];           MOVXM le, #(ZLE_F_ZL8run_bodyILi28ELi10EEvPKhS1_PKiS3_PiS4_iS4__2624 + 0)
	    70    0x00 0xb3 0x07 0xf1 0xb5 0x80 0x00 0x0c 0xaf 0xc0 0x10 0x76                      MOVA r19, #5;                                               ST r13, [sp, #-16];           MOVXM r5, #16256
	    82    0x00 0x6f 0x07 0xf9 0x95 0x80 0xd0 0x28 0x70 0x05 0x58 0x76                      MOVA r15, #3;                                               ST r12, [sp, #-8];            MOVX r13, #1;                 MOV s0, #5
	    94    0xff 0x4b 0x07 0xfd 0x75 0xbe 0xc7 0x89 0x70 0x14 0x58 0x76                      MOVA r11, #-6;                                              ST r11, [sp, #-4];            MOVX r12, #-4;                MOV s1, #20
	   106    0x07 0x8a 0x07 0xf5 0x55 0x80 0x00 0x2e 0x4f 0xc0 0x10 0x76                      MOVA r10, #60;                                              ST r10, [sp, #-12];           MOVXM r18, #49024
	   118    0x20 0xd6 0xd7 0xed 0x35 0x98 0x97 0x89 0x8b 0xce 0x78 0x76                      LDA r21, [p1];                                              ST r9, [sp, #-20];            MOVX r9, #828;                MOV el6, r23
	   130    0xfc 0x22 0xb0 0x00 0x81 0x29 0xc8 0x02 0x59 0x3a                                                                                            ST r8, [sp, #-32];            MOVX r8, #9;                  MOV r14, #2
	   140    0xf9 0xd3 0xb0 0x23 0xd4 0x02 0x28 0x07 0x59 0x3a                                                                                            ST p5, [sp, #-52];            MOVX crRnd, r17;              MOV r17, #7
	   150    0xf9 0x43 0xb0 0x00 0x00 0x02 0x30 0x68 0x11 0x3a                                                                                            ST p4, [sp, #-56];            MOVXM p4, #(TGT_F_ZL8run_bodyILi28ELi10EEvPKhS1_PKiS3_PiS4_iS4__208 + 0)
	   160    0xfa 0x33 0xb0 0x00 0x00 0x02 0xb0 0x58 0x11 0x3a                                                                                            ST p3, [sp, #-48];            MOVXM p5, #(TGT_F_ZL8run_bodyILi28ELi10EEvPKhS1_PKiS3_PiS4_iS4__176 + 0)
	   170    0x00 0x2c 0xff 0xaa 0x3b 0x0c                                                    NOPA;                                                       ST p2, [sp, #-44]
.label TGT_F_ZL8run_bodyILi28ELi10EEvPKhS1_PKiS3_PiS4_iS4__176
.loop_nesting 1
	   176    0x00 0x2c 0xf0 0x00 0x27 0xc6 0xd5 0x81 0x60 0x08 0x80 0x45 0x78 0x00 0x00 0xe1  NOPA;                         NOPB;                         ST r22, [sp, #-60];           MOVX r22, #0;                 VMOV cml1, cml0;                        NOPV
	   192    0x00 0x17 0x00 0x00 0x27 0xc2 0xb5 0x81 0x80 0x0a 0xa8 0x09 0x58 0x00 0x00 0xe1  MOVA r23, #0;                 NOPB;                         ST r21, [sp, #-64];           MOVX r24, #0;                 MOV r21, #9;                            NOPV
.label TGT_F_ZL8run_bodyILi28ELi10EEvPKhS1_PKiS3_PiS4_iS4__208
.loop_nesting 2
	   208    0xfa 0xf2 0x20 0x1b 0xbb 0x26 0xb8 0x08 0x58 0xba                                LDA r28, [sp, #-44];                                                                      AND r27, r13, r22;            MOV lc, #8
	   218    0xfa 0x6a 0x2c 0xe7 0x44 0x2c                                                    LDA r26, [sp, #-48];                                                                      SEL.EQZ r25, r25, r26, r27
	   224    0x1a 0x6c 0xe1 0x58                                                                                                                                                                                      ADD.NC p2, r25, r24
	   228    0x42 0x86 0x8c 0xa9 0x81 0xf4                                                                                  VLDB x0, [p2, #64];                                                                       MOV r25, p2
	   234    0x00 0x00                                                                        NOPX
	   236    0x00 0x00                                                                        NOPX
	   238    0x00 0x00                                                                        NOPX
	   240    0x00 0x00                                                                        NOPX
	   242    0x17 0x35 0xa2 0x18                                                                                                                                                        SEL.EQZ r26, r28, r26, r27
	   246    0x00 0x2c 0xf0 0x00 0x10 0x01 0xb5 0xf4 0xae 0xba                                NOPA;                         NOPB;                                                                                     ADD.NC p3, r23, r26
.label ZLS_F_ZL8run_bodyILi28ELi10EEvPKhS1_PKiS3_PiS4_iS4__256
.loop_nesting 3
.begin_of_loop
	   256    0x02 0x1f 0x4a 0x98                                                              LDA.u8 r26, [p2], #1
	   260    0x00 0x00                                                                        NOPX
	   262    0x00 0x00                                                                        NOPX
	   264    0x00 0x00                                                                        NOPX
	   266    0x00 0x00                                                                        NOPX
	   268    0x00 0x00                                                                        NOPX
	   270    0x00 0x00                                                                        NOPX
	   272    0x13 0xf9 0xa4 0x98                                                                                                                                                        AND r28, r15, r26
	   276    0x13 0xbf 0xc7 0x98                                                                                                                                                        EQ r31, r14, r28
	   280    0xf8 0x00 0xa8 0x40 0x01 0x84                                                                                                                                              JNZ r31, #TGT_F_ZL8run_bodyILi28ELi10EEvPKhS1_PKiS3_PiS4_iS4__336
.delay_slot
	   286    0x1f 0x92 0xa0 0xf8                                                                                                                                                                                      MOV r30, r5
.delay_slot
.swstall delay_slot
	   290    0x00 0x00                                                                        NOPX
.delay_slot
.swstall delay_slot
	   292    0x00 0x00                                                                        NOPX
.delay_slot
.swstall delay_slot
	   294    0x00 0x00                                                                        NOPX
.delay_slot
.swstall delay_slot
	   296    0x00 0x00                                                                        NOPX
	   298    0x13 0x79 0xc8 0x98                                                                                                                                                        NE r28, r13, r28
	   302    0xe0 0x00 0xa8 0x40 0x01 0x84                                                                                                                                              JNZ r28, #TGT_F_ZL8run_bodyILi28ELi10EEvPKhS1_PKiS3_PiS4_iS4__336
.delay_slot
	   308    0x1f 0x99 0x20 0xf8                                                                                                                                                                                      MOV r30, r18
.delay_slot
.swstall delay_slot
	   312    0x00 0x00                                                                        NOPX
.delay_slot
.swstall delay_slot
	   314    0x00 0x00                                                                        NOPX
.delay_slot
.swstall delay_slot
	   316    0x00 0x00                                                                        NOPX
.delay_slot
.swstall delay_slot
	   318    0x00 0x00                                                                        NOPX
	   320    0x00 0x2c 0xf0 0x00 0x20 0x01 0x5b 0x01 0xe0 0x08 0x01 0xa5 0x78 0x00 0x00 0xe1  NOPA;                         NOPB;                         NOPS;                         MOVX r30, #0;                 NOPM;                                   NOPV
.label TGT_F_ZL8run_bodyILi28ELi10EEvPKhS1_PKiS3_PiS4_iS4__336
	   336    0x16 0xb8 0x0d 0x98                                                                                                                                                        LSHL r28, r26, r0
	   340    0x13 0xf9 0xc4 0x98                                                                                                                                                        AND r28, r15, r28
	   344    0x13 0xbf 0xc7 0x98                                                                                                                                                        EQ r31, r14, r28
	   348    0xf8 0x00 0xc8 0x40 0x01 0x84                                                                                                                                              JNZ r31, #TGT_F_ZL8run_bodyILi28ELi10EEvPKhS1_PKiS3_PiS4_iS4__400
.delay_slot
	   354    0x18 0x83 0xc9 0x78                                                                                                                                                                                      VINSERT.16 x1, x0, #0, r30
.delay_slot
.swstall delay_slot
	   358    0x00 0x00                                                                        NOPX
.delay_slot
.swstall delay_slot
	   360    0x00 0x00                                                                        NOPX
.delay_slot
.swstall delay_slot
	   362    0x00 0x00                                                                        NOPX
.delay_slot
	   364    0x1f 0x92 0xa0 0xf8                                                                                                                                                                                      MOV r30, r5
	   368    0x13 0x79 0xc8 0x98                                                                                                                                                        NE r28, r13, r28
	   372    0xe0 0x00 0xc8 0x40 0x01 0x84                                                                                                                                              JNZ r28, #TGT_F_ZL8run_bodyILi28ELi10EEvPKhS1_PKiS3_PiS4_iS4__400
.delay_slot
	   378    0x1f 0x99 0x20 0xf8                                                                                                                                                                                      MOV r30, r18
.delay_slot
.swstall delay_slot
	   382    0x00 0x00                                                                        NOPX
.delay_slot
.swstall delay_slot
	   384    0x00 0x00                                                                        NOPX
.delay_slot
.swstall delay_slot
	   386    0x00 0x00                                                                        NOPX
.delay_slot
.swstall delay_slot
	   388    0x00 0x00                                                                        NOPX
	   390    0x00 0x2c 0xf0 0x01 0x5b 0x00 0x00 0x3c 0x01 0x7a                                NOPA;                                                       NOPS;                         MOVX r30, #0
.label TGT_F_ZL8run_bodyILi28ELi10EEvPKhS1_PKiS3_PiS4_iS4__400
	   400    0x16 0xb8 0xcd 0x98                                                                                                                                                        LSHL r28, r26, r12
	   404    0x13 0xf9 0xc4 0x98                                                                                                                                                        AND r28, r15, r28
	   408    0x13 0xbf 0xc7 0x98                                                                                                                                                        EQ r31, r14, r28
	   412    0xf8 0x00 0xe8 0x40 0x01 0x84                                                                                                                                              JNZ r31, #TGT_F_ZL8run_bodyILi28ELi10EEvPKhS1_PKiS3_PiS4_iS4__464
.delay_slot
	   418    0x18 0x8f 0xc9 0x78                                                                                                                                                                                      VINSERT.16 x1, x1, r29, r30
.delay_slot
.swstall delay_slot
	   422    0x00 0x00                                                                        NOPX
.delay_slot
.swstall delay_slot
	   424    0x00 0x00                                                                        NOPX
.delay_slot
.swstall delay_slot
	   426    0x00 0x00                                                                        NOPX
.delay_slot
	   428    0x07 0x41 0x2f 0x25 0x41 0xe4                                                                                                                                              MOVX r29, #2;                 MOV r30, r5
	   434    0x13 0x79 0xc8 0x98                                                                                                                                                        NE r28, r13, r28
	   438    0xe0 0x00 0xe8 0x40 0x01 0x84                                                                                                                                              JNZ r28, #TGT_F_ZL8run_bodyILi28ELi10EEvPKhS1_PKiS3_PiS4_iS4__464
.delay_slot
	   444    0x1f 0x99 0x20 0xf8                                                                                                                                                                                      MOV r30, r18
.delay_slot
.swstall delay_slot
	   448    0x00 0x00                                                                        NOPX
.delay_slot
.swstall delay_slot
	   450    0x00 0x00                                                                        NOPX
.delay_slot
.swstall delay_slot
	   452    0x00 0x00                                                                        NOPX
.delay_slot
.swstall delay_slot
	   454    0x00 0x00                                                                        NOPX
	   456    0x00 0x01 0xe0 0x09 0x00 0x00 0x1c 0x22                                                                                                                                    MOVX r30, #0;                                                         NOPV
.label TGT_F_ZL8run_bodyILi28ELi10EEvPKhS1_PKiS3_PiS4_iS4__464
	   464    0xd6 0x97 0xb1 0x1f 0x92 0xe4                                                                                                                                              LSHL r26, r26, r11;           VINSERT.16 x1, x1, r29, r30
	   470    0x13 0xbd 0xa7 0x98                                                                                                                                                        EQ r30, r14, r26
	   474    0xf0 0x01 0x08 0x40 0x01 0x84                                                                                                                                              JNZ r30, #TGT_F_ZL8run_bodyILi28ELi10EEvPKhS1_PKiS3_PiS4_iS4__528
.delay_slot
	   480    0x1f 0x12 0xa0 0xf8                                                                                                                                                                                      MOV r28, r5
.delay_slot
.swstall delay_slot
	   484    0x00 0x00                                                                        NOPX
.delay_slot
.swstall delay_slot
	   486    0x00 0x00                                                                        NOPX
.delay_slot
.swstall delay_slot
	   488    0x00 0x00                                                                        NOPX
.delay_slot
.swstall delay_slot
	   490    0x00 0x00                                                                        NOPX
	   492    0x13 0x75 0xa8 0x98                                                                                                                                                        NE r26, r13, r26
	   496    0xd0 0x01 0x08 0x40 0x01 0x84                                                                                                                                              JNZ r26, #TGT_F_ZL8run_bodyILi28ELi10EEvPKhS1_PKiS3_PiS4_iS4__528
.delay_slot
	   502    0x1f 0x19 0x20 0xf8                                                                                                                                                                                      MOV r28, r18
.delay_slot
.swstall delay_slot
	   506    0x00 0x00                                                                        NOPX
.delay_slot
.swstall delay_slot
	   508    0x00 0x00                                                                        NOPX
.delay_slot
.swstall delay_slot
	   510    0x00 0x00                                                                        NOPX
.delay_slot
.swstall delay_slot
	   512    0x00 0x00                                                                        NOPX
	   514    0x00 0x2c 0xf0 0x00 0x20 0x38 0x01 0x00 0x34 0xaf 0x00 0x2b 0x60 0x7e            NOPA;                         NOPB;                         NOPS;                         MOVX r28, #0;                 NOPM
.label TGT_F_ZL8run_bodyILi28ELi10EEvPKhS1_PKiS3_PiS4_iS4__528
	   528    0x02 0x1f 0x4a 0x98                                                              LDA.u8 r26, [p2], #1
	   532    0x00 0x00                                                                        NOPX
	   534    0x00 0x00                                                                        NOPX
	   536    0x00 0x00                                                                        NOPX
	   538    0x00 0x00                                                                        NOPX
	   540    0x00 0x00                                                                        NOPX
	   542    0x00 0x00                                                                        NOPX
	   544    0x13 0xfd 0xa4 0x98                                                                                                                                                        AND r30, r15, r26
	   548    0x17 0xbe 0xe7 0x98                                                                                                                                                        EQ r31, r30, r14
	   552    0xf8 0x01 0x30 0x40 0x01 0x84                                                                                                                                              JNZ r31, #TGT_F_ZL8run_bodyILi28ELi10EEvPKhS1_PKiS3_PiS4_iS4__608
.delay_slot
	   558    0x10 0x3a 0x0d 0x18                                                                                                                                                        MOVX r29, #3
.delay_slot
	   562    0x18 0x8f 0x89 0x78                                                                                                                                                                                      VINSERT.16 x1, x1, r29, r28
.delay_slot
.swstall delay_slot
	   566    0x00 0x00                                                                        NOPX
.delay_slot
.swstall delay_slot
	   568    0x00 0x00                                                                        NOPX
.delay_slot
	   570    0x1f 0x12 0xa0 0xf8                                                                                                                                                                                      MOV r28, r5
	   574    0x13 0x7d 0xe8 0x98                                                                                                                                                        NE r30, r13, r30
	   578    0xf0 0x01 0x30 0x40 0x01 0x84                                                                                                                                              JNZ r30, #TGT_F_ZL8run_bodyILi28ELi10EEvPKhS1_PKiS3_PiS4_iS4__608
.delay_slot
	   584    0x1f 0x19 0x20 0xf8                                                                                                                                                                                      MOV r28, r18
.delay_slot
.swstall delay_slot
	   588    0x00 0x00                                                                        NOPX
.delay_slot
.swstall delay_slot
	   590    0x00 0x00                                                                        NOPX
.delay_slot
.swstall delay_slot
	   592    0x00 0x00                                                                        NOPX
.delay_slot
.swstall delay_slot
	   594    0x00 0x00                                                                        NOPX
	   596    0x00 0x2c 0xf0 0x00 0x20 0x01 0xc0 0x08 0x00 0xad 0x81 0x36                      NOPA;                         NOPB;                         NOPS;                         MOVX r28, #0
.label TGT_F_ZL8run_bodyILi28ELi10EEvPKhS1_PKiS3_PiS4_iS4__608
	   608    0x16 0xbc 0x0d 0x98                                                                                                                                                        LSHL r30, r26, r0
	   612    0x13 0xfd 0xe4 0x98                                                                                                                                                        AND r30, r15, r30
	   616    0x17 0xbe 0xe7 0x98                                                                                                                                                        EQ r31, r30, r14
	   620    0xf8 0x01 0x50 0x40 0x01 0x84                                                                                                                                              JNZ r31, #TGT_F_ZL8run_bodyILi28ELi10EEvPKhS1_PKiS3_PiS4_iS4__672
.delay_slot
	   626    0x10 0x3a 0x11 0x18                                                                                                                                                        MOVX r29, #4
.delay_slot
	   630    0x18 0x8f 0x89 0x78                                                                                                                                                                                      VINSERT.16 x1, x1, r29, r28
.delay_slot
.swstall delay_slot
	   634    0x00 0x00                                                                        NOPX
.delay_slot
.swstall delay_slot
	   636    0x00 0x00                                                                        NOPX
.delay_slot
	   638    0x1f 0x12 0xa0 0xf8                                                                                                                                                                                      MOV r28, r5
	   642    0x13 0x7d 0xe8 0x98                                                                                                                                                        NE r30, r13, r30
	   646    0xf0 0x01 0x50 0x40 0x01 0x84                                                                                                                                              JNZ r30, #TGT_F_ZL8run_bodyILi28ELi10EEvPKhS1_PKiS3_PiS4_iS4__672
.delay_slot
	   652    0x1f 0x19 0x20 0xf8                                                                                                                                                                                      MOV r28, r18
.delay_slot
.swstall delay_slot
	   656    0x00 0x00                                                                        NOPX
.delay_slot
.swstall delay_slot
	   658    0x00 0x00                                                                        NOPX
.delay_slot
.swstall delay_slot
	   660    0x00 0x00                                                                        NOPX
.delay_slot
.swstall delay_slot
	   662    0x00 0x00                                                                        NOPX
	   664    0x00 0x01 0xc0 0x09 0x00 0x00 0x1c 0x22                                                                                                                                    MOVX r28, #0;                                                         NOPV
.label TGT_F_ZL8run_bodyILi28ELi10EEvPKhS1_PKiS3_PiS4_iS4__672
	   672    0xd7 0x99 0xbe 0xa3 0x81 0xe4                                                                                                                                              LSHL r30, r26, r12;           MOV r29, s0
	   678    0x7f 0x3c 0x91 0x1f 0x12 0xe4                                                                                                                                              AND r28, r15, r30;            VINSERT.16 x1, x1, r29, r28
	   684    0x77 0xf8 0xff 0x25 0x41 0xe4                                                                                                                                              EQ r31, r14, r28;             MOV r30, r5
	   690    0xf8 0x01 0x70 0x40 0x01 0x84                                                                                                                                              JNZ r31, #TGT_F_ZL8run_bodyILi28ELi10EEvPKhS1_PKiS3_PiS4_iS4__736
.delay_slot
	   696    0x10 0x3a 0x19 0x18                                                                                                                                                        MOVX r29, #6
.delay_slot
.swstall delay_slot
	   700    0x00 0x00                                                                        NOPX
.delay_slot
.swstall delay_slot
	   702    0x00 0x00                                                                        NOPX
.delay_slot
.swstall delay_slot
	   704    0x00 0x00                                                                        NOPX
.delay_slot
.swstall delay_slot
	   706    0x00 0x00                                                                        NOPX
	   708    0x13 0x79 0xc8 0x98                                                                                                                                                        NE r28, r13, r28
	   712    0xe0 0x01 0x70 0x40 0x01 0x84                                                                                                                                              JNZ r28, #TGT_F_ZL8run_bodyILi28ELi10EEvPKhS1_PKiS3_PiS4_iS4__736
.delay_slot
	   718    0x1f 0x99 0x20 0xf8                                                                                                                                                                                      MOV r30, r18
.delay_slot
.swstall delay_slot
	   722    0x00 0x00                                                                        NOPX
.delay_slot
.swstall delay_slot
	   724    0x00 0x00                                                                        NOPX
.delay_slot
.swstall delay_slot
	   726    0x00 0x00                                                                        NOPX
.delay_slot
.swstall delay_slot
	   728    0x00 0x00                                                                        NOPX
	   730    0x00 0x2c 0xf0 0x78 0x02 0x2c                                                    NOPA;                                                                                     MOVX r30, #0
.label TGT_F_ZL8run_bodyILi28ELi10EEvPKhS1_PKiS3_PiS4_iS4__736
	   736    0xd6 0x97 0xb1 0x1f 0x92 0xe4                                                                                                                                              LSHL r26, r26, r11;           VINSERT.16 x1, x1, r29, r30
	   742    0x13 0xbd 0xa7 0x98                                                                                                                                                        EQ r30, r14, r26
	   746    0xf0 0x01 0x90 0x40 0x01 0x84                                                                                                                                              JNZ r30, #TGT_F_ZL8run_bodyILi28ELi10EEvPKhS1_PKiS3_PiS4_iS4__800
.delay_slot
	   752    0x1f 0x12 0xa0 0xf8                                                                                                                                                                                      MOV r28, r5
.delay_slot
.swstall delay_slot
	   756    0x00 0x00                                                                        NOPX
.delay_slot
.swstall delay_slot
	   758    0x00 0x00                                                                        NOPX
.delay_slot
.swstall delay_slot
	   760    0x00 0x00                                                                        NOPX
.delay_slot
.swstall delay_slot
	   762    0x00 0x00                                                                        NOPX
	   764    0x13 0x75 0xa8 0x98                                                                                                                                                        NE r26, r13, r26
	   768    0xd0 0x01 0x90 0x40 0x01 0x84                                                                                                                                              JNZ r26, #TGT_F_ZL8run_bodyILi28ELi10EEvPKhS1_PKiS3_PiS4_iS4__800
.delay_slot
	   774    0x1f 0x19 0x20 0xf8                                                                                                                                                                                      MOV r28, r18
.delay_slot
.swstall delay_slot
	   778    0x00 0x00                                                                        NOPX
.delay_slot
.swstall delay_slot
	   780    0x00 0x00                                                                        NOPX
.delay_slot
.swstall delay_slot
	   782    0x00 0x00                                                                        NOPX
.delay_slot
.swstall delay_slot
	   784    0x00 0x00                                                                        NOPX
	   786    0x00 0x2c 0xf0 0x00 0x20 0x38 0x01 0x00 0x34 0xaf 0x00 0x2b 0x60 0x7e            NOPA;                         NOPB;                         NOPS;                         MOVX r28, #0;                 NOPM
.label TGT_F_ZL8run_bodyILi28ELi10EEvPKhS1_PKiS3_PiS4_iS4__800
	   800    0x02 0x1f 0x4a 0x98                                                              LDA.u8 r26, [p2], #1
	   804    0x00 0x00                                                                        NOPX
	   806    0x00 0x00                                                                        NOPX
	   808    0x00 0x00                                                                        NOPX
	   810    0x00 0x00                                                                        NOPX
	   812    0x00 0x00                                                                        NOPX
	   814    0x00 0x00                                                                        NOPX
	   816    0x13 0xfd 0xa4 0x98                                                                                                                                                        AND r30, r15, r26
	   820    0x17 0xbe 0xe7 0x98                                                                                                                                                        EQ r31, r30, r14
	   824    0xf8 0x01 0xb8 0x40 0x01 0x84                                                                                                                                              JNZ r31, #TGT_F_ZL8run_bodyILi28ELi10EEvPKhS1_PKiS3_PiS4_iS4__880
.delay_slot
	   830    0x10 0x3a 0x1d 0x18                                                                                                                                                        MOVX r29, #7
.delay_slot
	   834    0x18 0x8f 0x89 0x78                                                                                                                                                                                      VINSERT.16 x1, x1, r29, r28
.delay_slot
.swstall delay_slot
	   838    0x00 0x00                                                                        NOPX
.delay_slot
.swstall delay_slot
	   840    0x00 0x00                                                                        NOPX
.delay_slot
	   842    0x1f 0x12 0xa0 0xf8                                                                                                                                                                                      MOV r28, r5
	   846    0x13 0x7d 0xe8 0x98                                                                                                                                                        NE r30, r13, r30
	   850    0xf0 0x01 0xb8 0x40 0x01 0x84                                                                                                                                              JNZ r30, #TGT_F_ZL8run_bodyILi28ELi10EEvPKhS1_PKiS3_PiS4_iS4__880
.delay_slot
	   856    0x1f 0x19 0x20 0xf8                                                                                                                                                                                      MOV r28, r18
.delay_slot
.swstall delay_slot
	   860    0x00 0x00                                                                        NOPX
.delay_slot
.swstall delay_slot
	   862    0x00 0x00                                                                        NOPX
.delay_slot
.swstall delay_slot
	   864    0x00 0x00                                                                        NOPX
.delay_slot
.swstall delay_slot
	   866    0x00 0x00                                                                        NOPX
	   868    0x00 0x2c 0xf0 0x00 0x20 0x01 0xc0 0x08 0x00 0xad 0x81 0x36                      NOPA;                         NOPB;                         NOPS;                         MOVX r28, #0
.label TGT_F_ZL8run_bodyILi28ELi10EEvPKhS1_PKiS3_PiS4_iS4__880
	   880    0x16 0xbc 0x0d 0x98                                                                                                                                                        LSHL r30, r26, r0
	   884    0x13 0xfd 0xe4 0x98                                                                                                                                                        AND r30, r15, r30
	   888    0x17 0xbe 0xe7 0x98                                                                                                                                                        EQ r31, r30, r14
	   892    0xf8 0x01 0xd8 0x40 0x01 0x84                                                                                                                                              JNZ r31, #TGT_F_ZL8run_bodyILi28ELi10EEvPKhS1_PKiS3_PiS4_iS4__944
.delay_slot
	   898    0x10 0x3a 0x21 0x18                                                                                                                                                        MOVX r29, #8
.delay_slot
	   902    0x18 0x8f 0x89 0x78                                                                                                                                                                                      VINSERT.16 x1, x1, r29, r28
.delay_slot
.swstall delay_slot
	   906    0x00 0x00                                                                        NOPX
.delay_slot
.swstall delay_slot
	   908    0x00 0x00                                                                        NOPX
.delay_slot
	   910    0x1f 0x12 0xa0 0xf8                                                                                                                                                                                      MOV r28, r5
	   914    0x13 0x7d 0xe8 0x98                                                                                                                                                        NE r30, r13, r30
	   918    0xf0 0x01 0xd8 0x40 0x01 0x84                                                                                                                                              JNZ r30, #TGT_F_ZL8run_bodyILi28ELi10EEvPKhS1_PKiS3_PiS4_iS4__944
.delay_slot
	   924    0x1f 0x19 0x20 0xf8                                                                                                                                                                                      MOV r28, r18
.delay_slot
.swstall delay_slot
	   928    0x00 0x00                                                                        NOPX
.delay_slot
.swstall delay_slot
	   930    0x00 0x00                                                                        NOPX
.delay_slot
.swstall delay_slot
	   932    0x00 0x00                                                                        NOPX
.delay_slot
.swstall delay_slot
	   934    0x00 0x00                                                                        NOPX
	   936    0x00 0x01 0xc0 0x09 0x00 0x00 0x1c 0x22                                                                                                                                    MOVX r28, #0;                                                         NOPV
.label TGT_F_ZL8run_bodyILi28ELi10EEvPKhS1_PKiS3_PiS4_iS4__944
	   944    0x01 0x3d 0x00 0x35 0xe6 0x6f 0xe9 0x50 0x78 0xba                                MOVA r29, #9;                                                                             LSHL r30, r26, r12;           MOV r31, r5
	   954    0x7f 0xbc 0x91 0x1f 0x12 0xe4                                                                                                                                              AND r30, r15, r30;            VINSERT.16 x1, x1, r29, r28
	   960    0x17 0xb8 0xe7 0x98                                                                                                                                                        EQ r28, r30, r14
	   964    0xe0 0x01 0xf8 0x40 0x01 0x84                                                                                                                                              JNZ r28, #TGT_F_ZL8run_bodyILi28ELi10EEvPKhS1_PKiS3_PiS4_iS4__1008
.delay_slot
	   970    0x10 0x3a 0x29 0x18                                                                                                                                                        MOVX r29, #10
.delay_slot
.swstall delay_slot
	   974    0x00 0x00                                                                        NOPX
.delay_slot
.swstall delay_slot
	   976    0x00 0x00                                                                        NOPX
.delay_slot
.swstall delay_slot
	   978    0x00 0x00                                                                        NOPX
.delay_slot
.swstall delay_slot
	   980    0x00 0x00                                                                        NOPX
	   982    0x13 0x79 0xe8 0x98                                                                                                                                                        NE r28, r13, r30
	   986    0xe0 0x01 0xf8 0x40 0x01 0x84                                                                                                                                              JNZ r28, #TGT_F_ZL8run_bodyILi28ELi10EEvPKhS1_PKiS3_PiS4_iS4__1008
.delay_slot
	   992    0x1f 0xd9 0x20 0xf8                                                                                                                                                                                      MOV r31, r18
.delay_slot
.swstall delay_slot
	   996    0x00 0x00                                                                        NOPX
.delay_slot
.swstall delay_slot
	   998    0x00 0x00                                                                        NOPX
.delay_slot
.swstall delay_slot
	  1000    0x00 0x00                                                                        NOPX
.delay_slot
.swstall delay_slot
	  1002    0x00 0x00                                                                        NOPX
	  1004    0x10 0x3e 0x01 0x18                                                                                                                                                        MOVX r31, #0
.label TGT_F_ZL8run_bodyILi28ELi10EEvPKhS1_PKiS3_PiS4_iS4__1008
	  1008    0x16 0xb4 0xbd 0x98                                                                                                                                                        LSHL r26, r26, r11
	  1012    0x13 0xbd 0xa7 0x98                                                                                                                                                        EQ r30, r14, r26
	  1016    0xf0 0x02 0x18 0x40 0x01 0x84                                                                                                                                              JNZ r30, #TGT_F_ZL8run_bodyILi28ELi10EEvPKhS1_PKiS3_PiS4_iS4__1072
.delay_slot
	  1022    0x18 0x8f 0xe9 0x78                                                                                                                                                                                      VINSERT.16 x1, x1, r29, r31
.delay_slot
.swstall delay_slot
	  1026    0x00 0x00                                                                        NOPX
.delay_slot
.swstall delay_slot
	  1028    0x00 0x00                                                                        NOPX
.delay_slot
.swstall delay_slot
	  1030    0x00 0x00                                                                        NOPX
.delay_slot
	  1032    0x1f 0x12 0xa0 0xf8                                                                                                                                                                                      MOV r28, r5
	  1036    0x13 0x75 0xa8 0x98                                                                                                                                                        NE r26, r13, r26
	  1040    0xd0 0x02 0x18 0x40 0x01 0x84                                                                                                                                              JNZ r26, #TGT_F_ZL8run_bodyILi28ELi10EEvPKhS1_PKiS3_PiS4_iS4__1072
.delay_slot
	  1046    0x1f 0x19 0x20 0xf8                                                                                                                                                                                      MOV r28, r18
.delay_slot
.swstall delay_slot
	  1050    0x00 0x00                                                                        NOPX
.delay_slot
.swstall delay_slot
	  1052    0x00 0x00                                                                        NOPX
.delay_slot
.swstall delay_slot
	  1054    0x00 0x00                                                                        NOPX
.delay_slot
.swstall delay_slot
	  1056    0x00 0x00                                                                        NOPX
	  1058    0x00 0x2c 0xf0 0x00 0x20 0x38 0x01 0x00 0x34 0xaf 0x00 0x2b 0x60 0x7e            NOPA;                         NOPB;                         NOPS;                         MOVX r28, #0;                 NOPM
.label TGT_F_ZL8run_bodyILi28ELi10EEvPKhS1_PKiS3_PiS4_iS4__1072
	  1072    0x02 0x1f 0x4a 0x98                                                              LDA.u8 r26, [p2], #1
	  1076    0x00 0x00                                                                        NOPX
	  1078    0x00 0x00                                                                        NOPX
	  1080    0x00 0x00                                                                        NOPX
	  1082    0x00 0x00                                                                        NOPX
	  1084    0x00 0x00                                                                        NOPX
	  1086    0x00 0x00                                                                        NOPX
	  1088    0x13 0xfd 0xa4 0x98                                                                                                                                                        AND r30, r15, r26
	  1092    0x17 0xbe 0xe7 0x98                                                                                                                                                        EQ r31, r30, r14
	  1096    0xf8 0x02 0x40 0x40 0x01 0x84                                                                                                                                              JNZ r31, #TGT_F_ZL8run_bodyILi28ELi10EEvPKhS1_PKiS3_PiS4_iS4__1152
.delay_slot
	  1102    0x10 0x3a 0x2d 0x18                                                                                                                                                        MOVX r29, #11
.delay_slot
	  1106    0x18 0x8f 0x89 0x78                                                                                                                                                                                      VINSERT.16 x1, x1, r29, r28
.delay_slot
.swstall delay_slot
	  1110    0x00 0x00                                                                        NOPX
.delay_slot
.swstall delay_slot
	  1112    0x00 0x00                                                                        NOPX
.delay_slot
	  1114    0x1f 0x12 0xa0 0xf8                                                                                                                                                                                      MOV r28, r5
	  1118    0x13 0x7d 0xe8 0x98                                                                                                                                                        NE r30, r13, r30
	  1122    0xf0 0x02 0x40 0x40 0x01 0x84                                                                                                                                              JNZ r30, #TGT_F_ZL8run_bodyILi28ELi10EEvPKhS1_PKiS3_PiS4_iS4__1152
.delay_slot
	  1128    0x1f 0x19 0x20 0xf8                                                                                                                                                                                      MOV r28, r18
.delay_slot
.swstall delay_slot
	  1132    0x00 0x00                                                                        NOPX
.delay_slot
.swstall delay_slot
	  1134    0x00 0x00                                                                        NOPX
.delay_slot
.swstall delay_slot
	  1136    0x00 0x00                                                                        NOPX
.delay_slot
.swstall delay_slot
	  1138    0x00 0x00                                                                        NOPX
	  1140    0x00 0x2c 0xf0 0x00 0x20 0x01 0xc0 0x08 0x00 0xad 0x81 0x36                      NOPA;                         NOPB;                         NOPS;                         MOVX r28, #0
.label TGT_F_ZL8run_bodyILi28ELi10EEvPKhS1_PKiS3_PiS4_iS4__1152
	  1152    0xd7 0x81 0xbe 0xa0 0x31 0x64                                                                                                                                              LSHL r30, r26, r0;            MOV r29, #12
	  1158    0x7f 0xbc 0x91 0x1f 0x12 0xe4                                                                                                                                              AND r30, r15, r30;            VINSERT.16 x1, x1, r29, r28
	  1164    0x17 0xb8 0xe7 0x98                                                                                                                                                        EQ r28, r30, r14
	  1168    0xe0 0x02 0x60 0x40 0x01 0x84                                                                                                                                              JNZ r28, #TGT_F_ZL8run_bodyILi28ELi10EEvPKhS1_PKiS3_PiS4_iS4__1216
.delay_slot
	  1174    0x1f 0xd2 0xa0 0xf8                                                                                                                                                                                      MOV r31, r5
.delay_slot
.swstall delay_slot
	  1178    0x00 0x00                                                                        NOPX
.delay_slot
.swstall delay_slot
	  1180    0x00 0x00                                                                        NOPX
.delay_slot
.swstall delay_slot
	  1182    0x00 0x00                                                                        NOPX
.delay_slot
.swstall delay_slot
	  1184    0x00 0x00                                                                        NOPX
	  1186    0x13 0x79 0xe8 0x98                                                                                                                                                        NE r28, r13, r30
	  1190    0xe0 0x02 0x60 0x40 0x01 0x84                                                                                                                                              JNZ r28, #TGT_F_ZL8run_bodyILi28ELi10EEvPKhS1_PKiS3_PiS4_iS4__1216
.delay_slot
	  1196    0x1f 0xd9 0x20 0xf8                                                                                                                                                                                      MOV r31, r18
.delay_slot
.swstall delay_slot
	  1200    0x00 0x00                                                                        NOPX
.delay_slot
.swstall delay_slot
	  1202    0x00 0x00                                                                        NOPX
.delay_slot
.swstall delay_slot
	  1204    0x00 0x00                                                                        NOPX
.delay_slot
.swstall delay_slot
	  1206    0x00 0x00                                                                        NOPX
	  1208    0x00 0x01 0xf0 0x09 0x00 0x00 0x1c 0x22                                                                                                                                    MOVX r31, #0;                                                         NOPV
.label TGT_F_ZL8run_bodyILi28ELi10EEvPKhS1_PKiS3_PiS4_iS4__1216
	  1216    0x01 0xbd 0x00 0x35 0xc6 0x6f 0xc9 0x50 0x78 0xba                                MOVA r29, #13;                                                                            LSHL r28, r26, r12;           MOV r30, r5
	  1226    0x7f 0x38 0x91 0x1f 0xd2 0xe4                                                                                                                                              AND r28, r15, r28;            VINSERT.16 x1, x1, r29, r31
	  1232    0x13 0xbf 0xc7 0x98                                                                                                                                                        EQ r31, r14, r28
	  1236    0xf8 0x02 0x80 0x40 0x01 0x84                                                                                                                                              JNZ r31, #TGT_F_ZL8run_bodyILi28ELi10EEvPKhS1_PKiS3_PiS4_iS4__1280
.delay_slot
	  1242    0x10 0x3a 0x39 0x18                                                                                                                                                        MOVX r29, #14
.delay_slot
.swstall delay_slot
	  1246    0x00 0x00                                                                        NOPX
.delay_slot
.swstall delay_slot
	  1248    0x00 0x00                                                                        NOPX
.delay_slot
.swstall delay_slot
	  1250    0x00 0x00                                                                        NOPX
.delay_slot
.swstall delay_slot
	  1252    0x00 0x00                                                                        NOPX
	  1254    0x13 0x79 0xc8 0x98                                                                                                                                                        NE r28, r13, r28
	  1258    0xe0 0x02 0x80 0x40 0x01 0x84                                                                                                                                              JNZ r28, #TGT_F_ZL8run_bodyILi28ELi10EEvPKhS1_PKiS3_PiS4_iS4__1280
.delay_slot
	  1264    0x1f 0x99 0x20 0xf8                                                                                                                                                                                      MOV r30, r18
.delay_slot
.swstall delay_slot
	  1268    0x00 0x00                                                                        NOPX
.delay_slot
.swstall delay_slot
	  1270    0x00 0x00                                                                        NOPX
.delay_slot
.swstall delay_slot
	  1272    0x00 0x00                                                                        NOPX
.delay_slot
.swstall delay_slot
	  1274    0x00 0x00                                                                        NOPX
	  1276    0x10 0x3c 0x01 0x18                                                                                                                                                        MOVX r30, #0
.label TGT_F_ZL8run_bodyILi28ELi10EEvPKhS1_PKiS3_PiS4_iS4__1280
	  1280    0xd6 0x97 0xb1 0x1f 0x92 0xe4                                                                                                                                              LSHL r26, r26, r11;           VINSERT.16 x1, x1, r29, r30
	  1286    0x13 0xbd 0xa7 0x98                                                                                                                                                        EQ r30, r14, r26
	  1290    0xf0 0x02 0xa0 0x40 0x01 0x84                                                                                                                                              JNZ r30, #TGT_F_ZL8run_bodyILi28ELi10EEvPKhS1_PKiS3_PiS4_iS4__1344
.delay_slot
	  1296    0x1f 0x12 0xa0 0xf8                                                                                                                                                                                      MOV r28, r5
.delay_slot
.swstall delay_slot
	  1300    0x00 0x00                                                                        NOPX
.delay_slot
.swstall delay_slot
	  1302    0x00 0x00                                                                        NOPX
.delay_slot
.swstall delay_slot
	  1304    0x00 0x00                                                                        NOPX
.delay_slot
.swstall delay_slot
	  1306    0x00 0x00                                                                        NOPX
	  1308    0x13 0x75 0xa8 0x98                                                                                                                                                        NE r26, r13, r26
	  1312    0xd0 0x02 0xa0 0x40 0x01 0x84                                                                                                                                              JNZ r26, #TGT_F_ZL8run_bodyILi28ELi10EEvPKhS1_PKiS3_PiS4_iS4__1344
.delay_slot
	  1318    0x1f 0x19 0x20 0xf8                                                                                                                                                                                      MOV r28, r18
.delay_slot
.swstall delay_slot
	  1322    0x00 0x00                                                                        NOPX
.delay_slot
.swstall delay_slot
	  1324    0x00 0x00                                                                        NOPX
.delay_slot
.swstall delay_slot
	  1326    0x00 0x00                                                                        NOPX
.delay_slot
.swstall delay_slot
	  1328    0x00 0x00                                                                        NOPX
	  1330    0x00 0x2c 0xf0 0x00 0x20 0x38 0x01 0x00 0x34 0xaf 0x00 0x2b 0x60 0x7e            NOPA;                         NOPB;                         NOPS;                         MOVX r28, #0;                 NOPM
.label TGT_F_ZL8run_bodyILi28ELi10EEvPKhS1_PKiS3_PiS4_iS4__1344
	  1344    0x43 0xe9 0x50 0x74 0x7a 0x2c                                                    LDA.u8 r26, [p2], #1;                                                                     MOVX r29, #15
	  1350    0x18 0x8f 0x89 0x78                                                                                                                                                                                      VINSERT.16 x1, x1, r29, r28
	  1354    0x00 0x00                                                                        NOPX
	  1356    0x00 0x00                                                                        NOPX
	  1358    0x00 0x00                                                                        NOPX
	  1360    0x00 0x00                                                                        NOPX
	  1362    0x00 0x00                                                                        NOPX
	  1364    0x13 0xf9 0xa4 0x98                                                                                                                                                        AND r28, r15, r26
	  1368    0x13 0xbf 0xc7 0x98                                                                                                                                                        EQ r31, r14, r28
	  1372    0xf8 0x02 0xc8 0x40 0x01 0x84                                                                                                                                              JNZ r31, #TGT_F_ZL8run_bodyILi28ELi10EEvPKhS1_PKiS3_PiS4_iS4__1424
.delay_slot
	  1378    0x1f 0x92 0xa0 0xf8                                                                                                                                                                                      MOV r30, r5
.delay_slot
.swstall delay_slot
	  1382    0x00 0x00                                                                        NOPX
.delay_slot
.swstall delay_slot
	  1384    0x00 0x00                                                                        NOPX
.delay_slot
.swstall delay_slot
	  1386    0x00 0x00                                                                        NOPX
.delay_slot
.swstall delay_slot
	  1388    0x00 0x00                                                                        NOPX
	  1390    0x13 0x79 0xc8 0x98                                                                                                                                                        NE r28, r13, r28
	  1394    0xe0 0x02 0xc8 0x40 0x01 0x84                                                                                                                                              JNZ r28, #TGT_F_ZL8run_bodyILi28ELi10EEvPKhS1_PKiS3_PiS4_iS4__1424
.delay_slot
	  1400    0x1f 0x99 0x20 0xf8                                                                                                                                                                                      MOV r30, r18
.delay_slot
.swstall delay_slot
	  1404    0x00 0x00                                                                        NOPX
.delay_slot
.swstall delay_slot
	  1406    0x00 0x00                                                                        NOPX
.delay_slot
.swstall delay_slot
	  1408    0x00 0x00                                                                        NOPX
.delay_slot
.swstall delay_slot
	  1410    0x00 0x00                                                                        NOPX
	  1412    0x00 0x2c 0xf0 0x00 0x20 0x01 0xe0 0x08 0x00 0xad 0x81 0x36                      NOPA;                         NOPB;                         NOPS;                         MOVX r30, #0
.label TGT_F_ZL8run_bodyILi28ELi10EEvPKhS1_PKiS3_PiS4_iS4__1424
	  1424    0x16 0xb8 0x0d 0x98                                                                                                                                                        LSHL r28, r26, r0
	  1428    0x13 0xf9 0xc4 0x98                                                                                                                                                        AND r28, r15, r28
	  1432    0x13 0xbf 0xc7 0x98                                                                                                                                                        EQ r31, r14, r28
	  1436    0xf8 0x02 0xe8 0x40 0x01 0x84                                                                                                                                              JNZ r31, #TGT_F_ZL8run_bodyILi28ELi10EEvPKhS1_PKiS3_PiS4_iS4__1488
.delay_slot
.swstall delay_slot
	  1442    0x00 0x00                                                                        NOPX
.delay_slot
.swstall delay_slot
	  1444    0x00 0x00                                                                        NOPX
.delay_slot
	  1446    0x10 0x3a 0x41 0x18                                                                                                                                                        MOVX r29, #16
.delay_slot
	  1450    0x18 0x8f 0xc9 0x78                                                                                                                                                                                      VINSERT.16 x1, x1, r29, r30
.delay_slot
	  1454    0x1f 0x92 0xa0 0xf8                                                                                                                                                                                      MOV r30, r5
	  1458    0x13 0x79 0xc8 0x98                                                                                                                                                        NE r28, r13, r28
	  1462    0xe0 0x02 0xe8 0x40 0x01 0x84                                                                                                                                              JNZ r28, #TGT_F_ZL8run_bodyILi28ELi10EEvPKhS1_PKiS3_PiS4_iS4__1488
.delay_slot
	  1468    0x1f 0x99 0x20 0xf8                                                                                                                                                                                      MOV r30, r18
.delay_slot
.swstall delay_slot
	  1472    0x00 0x00                                                                        NOPX
.delay_slot
.swstall delay_slot
	  1474    0x00 0x00                                                                        NOPX
.delay_slot
.swstall delay_slot
	  1476    0x00 0x00                                                                        NOPX
.delay_slot
.swstall delay_slot
	  1478    0x00 0x00                                                                        NOPX
	  1480    0x00 0x01 0xe0 0x09 0x00 0x00 0x1c 0x22                                                                                                                                    MOVX r30, #0;                                                         NOPV
.label TGT_F_ZL8run_bodyILi28ELi10EEvPKhS1_PKiS3_PiS4_iS4__1488
	  1488    0x16 0xb8 0xcd 0x98                                                                                                                                                        LSHL r28, r26, r12
	  1492    0x13 0xf9 0xc4 0x98                                                                                                                                                        AND r28, r15, r28
	  1496    0x13 0xbf 0xc7 0x98                                                                                                                                                        EQ r31, r14, r28
	  1500    0xf8 0x03 0x08 0x40 0x01 0x84                                                                                                                                              JNZ r31, #TGT_F_ZL8run_bodyILi28ELi10EEvPKhS1_PKiS3_PiS4_iS4__1552
.delay_slot
	  1506    0x10 0x3a 0x45 0x18                                                                                                                                                        MOVX r29, #17
.delay_slot
	  1510    0x18 0x8f 0xc9 0x78                                                                                                                                                                                      VINSERT.16 x1, x1, r29, r30
.delay_slot
.swstall delay_slot
	  1514    0x00 0x00                                                                        NOPX
.delay_slot
.swstall delay_slot
	  1516    0x00 0x00                                                                        NOPX
.delay_slot
	  1518    0x07 0x49 0x2f 0x25 0x41 0xe4                                                                                                                                              MOVX r29, #18;                MOV r30, r5
	  1524    0x13 0x79 0xc8 0x98                                                                                                                                                        NE r28, r13, r28
	  1528    0xe0 0x03 0x08 0x40 0x01 0x84                                                                                                                                              JNZ r28, #TGT_F_ZL8run_bodyILi28ELi10EEvPKhS1_PKiS3_PiS4_iS4__1552
.delay_slot
	  1534    0x1f 0x99 0x20 0xf8                                                                                                                                                                                      MOV r30, r18
.delay_slot
.swstall delay_slot
	  1538    0x00 0x00                                                                        NOPX
.delay_slot
.swstall delay_slot
	  1540    0x00 0x00                                                                        NOPX
.delay_slot
.swstall delay_slot
	  1542    0x00 0x00                                                                        NOPX
.delay_slot
.swstall delay_slot
	  1544    0x00 0x00                                                                        NOPX
	  1546    0x00 0x2c 0xf0 0x78 0x02 0x2c                                                    NOPA;                                                                                     MOVX r30, #0
.label TGT_F_ZL8run_bodyILi28ELi10EEvPKhS1_PKiS3_PiS4_iS4__1552
	  1552    0xd6 0x97 0xb1 0x1f 0x92 0xe4                                                                                                                                              LSHL r26, r26, r11;           VINSERT.16 x1, x1, r29, r30
	  1558    0x13 0xbd 0xa7 0x98                                                                                                                                                        EQ r30, r14, r26
	  1562    0xf0 0x03 0x28 0x40 0x01 0x84                                                                                                                                              JNZ r30, #TGT_F_ZL8run_bodyILi28ELi10EEvPKhS1_PKiS3_PiS4_iS4__1616
.delay_slot
	  1568    0x1f 0x12 0xa0 0xf8                                                                                                                                                                                      MOV r28, r5
.delay_slot
.swstall delay_slot
	  1572    0x00 0x00                                                                        NOPX
.delay_slot
.swstall delay_slot
	  1574    0x00 0x00                                                                        NOPX
.delay_slot
.swstall delay_slot
	  1576    0x00 0x00                                                                        NOPX
.delay_slot
.swstall delay_slot
	  1578    0x00 0x00                                                                        NOPX
	  1580    0x13 0x75 0xa8 0x98                                                                                                                                                        NE r26, r13, r26
	  1584    0xd0 0x03 0x28 0x40 0x01 0x84                                                                                                                                              JNZ r26, #TGT_F_ZL8run_bodyILi28ELi10EEvPKhS1_PKiS3_PiS4_iS4__1616
.delay_slot
	  1590    0x1f 0x19 0x20 0xf8                                                                                                                                                                                      MOV r28, r18
.delay_slot
.swstall delay_slot
	  1594    0x00 0x00                                                                        NOPX
.delay_slot
.swstall delay_slot
	  1596    0x00 0x00                                                                        NOPX
.delay_slot
.swstall delay_slot
	  1598    0x00 0x00                                                                        NOPX
.delay_slot
.swstall delay_slot
	  1600    0x00 0x00                                                                        NOPX
	  1602    0x00 0x2c 0xf0 0x00 0x20 0x38 0x01 0x00 0x34 0xaf 0x00 0x2b 0x60 0x7e            NOPA;                         NOPB;                         NOPS;                         MOVX r28, #0;                 NOPM
.label TGT_F_ZL8run_bodyILi28ELi10EEvPKhS1_PKiS3_PiS4_iS4__1616
	  1616    0x43 0xe9 0x50 0x01 0xd2 0x68 0x32 0x60 0x78 0xba                                LDA.u8 r26, [p2], #1;                                                                     MOVX r29, #19;                MOV p0, p2
	  1626    0x18 0x8f 0x89 0x78                                                                                                                                                                                      VINSERT.16 x1, x1, r29, r28
	  1630    0x00 0x00                                                                        NOPX
	  1632    0x00 0x00                                                                        NOPX
	  1634    0x00 0x00                                                                        NOPX
	  1636    0x00 0x00                                                                        NOPX
	  1638    0x00 0x00                                                                        NOPX
	  1640    0x13 0xf9 0xa4 0x98                                                                                                                                                        AND r28, r15, r26
	  1644    0x13 0xbf 0xc7 0x98                                                                                                                                                        EQ r31, r14, r28
	  1648    0xf8 0x03 0x50 0x40 0x01 0x84                                                                                                                                              JNZ r31, #TGT_F_ZL8run_bodyILi28ELi10EEvPKhS1_PKiS3_PiS4_iS4__1696
.delay_slot
	  1654    0x1f 0x92 0xa0 0xf8                                                                                                                                                                                      MOV r30, r5
.delay_slot
.swstall delay_slot
	  1658    0x00 0x00                                                                        NOPX
.delay_slot
.swstall delay_slot
	  1660    0x00 0x00                                                                        NOPX
.delay_slot
.swstall delay_slot
	  1662    0x00 0x00                                                                        NOPX
.delay_slot
.swstall delay_slot
	  1664    0x00 0x00                                                                        NOPX
	  1666    0x13 0x79 0xc8 0x98                                                                                                                                                        NE r28, r13, r28
	  1670    0xe0 0x03 0x50 0x40 0x01 0x84                                                                                                                                              JNZ r28, #TGT_F_ZL8run_bodyILi28ELi10EEvPKhS1_PKiS3_PiS4_iS4__1696
.delay_slot
	  1676    0x1f 0x99 0x20 0xf8                                                                                                                                                                                      MOV r30, r18
.delay_slot
.swstall delay_slot
	  1680    0x00 0x00                                                                        NOPX
.delay_slot
.swstall delay_slot
	  1682    0x00 0x00                                                                        NOPX
.delay_slot
.swstall delay_slot
	  1684    0x00 0x00                                                                        NOPX
.delay_slot
.swstall delay_slot
	  1686    0x00 0x00                                                                        NOPX
	  1688    0x00 0x01 0xe0 0x09 0x00 0x00 0x1c 0x22                                                                                                                                    MOVX r30, #0;                                                         NOPV
.label TGT_F_ZL8run_bodyILi28ELi10EEvPKhS1_PKiS3_PiS4_iS4__1696
	  1696    0x16 0xb8 0x0d 0x98                                                                                                                                                        LSHL r28, r26, r0
	  1700    0x13 0xf9 0xc4 0x98                                                                                                                                                        AND r28, r15, r28
	  1704    0x13 0xbf 0xc7 0x98                                                                                                                                                        EQ r31, r14, r28
	  1708    0xf8 0x03 0x70 0x40 0x01 0x84                                                                                                                                              JNZ r31, #TGT_F_ZL8run_bodyILi28ELi10EEvPKhS1_PKiS3_PiS4_iS4__1760
.delay_slot
.swstall delay_slot
	  1714    0x00 0x00                                                                        NOPX
.delay_slot
.swstall delay_slot
	  1716    0x00 0x00                                                                        NOPX
.delay_slot
	  1718    0x1f 0x55 0xc0 0xf8                                                                                                                                                                                      MOV r29, s1
.delay_slot
	  1722    0x18 0x8f 0xc9 0x78                                                                                                                                                                                      VINSERT.16 x1, x1, r29, r30
.delay_slot
	  1726    0x1f 0x92 0xa0 0xf8                                                                                                                                                                                      MOV r30, r5
	  1730    0x13 0x79 0xc8 0x98                                                                                                                                                        NE r28, r13, r28
	  1734    0xe0 0x03 0x70 0x40 0x01 0x84                                                                                                                                              JNZ r28, #TGT_F_ZL8run_bodyILi28ELi10EEvPKhS1_PKiS3_PiS4_iS4__1760
.delay_slot
	  1740    0x1f 0x99 0x20 0xf8                                                                                                                                                                                      MOV r30, r18
.delay_slot
.swstall delay_slot
	  1744    0x00 0x00                                                                        NOPX
.delay_slot
.swstall delay_slot
	  1746    0x00 0x00                                                                        NOPX
.delay_slot
.swstall delay_slot
	  1748    0x00 0x00                                                                        NOPX
.delay_slot
.swstall delay_slot
	  1750    0x00 0x00                                                                        NOPX
	  1752    0x00 0x01 0xe0 0x09 0x00 0x00 0x1c 0x22                                                                                                                                    MOVX r30, #0;                                                         NOPV
.label TGT_F_ZL8run_bodyILi28ELi10EEvPKhS1_PKiS3_PiS4_iS4__1760
	  1760    0x16 0xb8 0xcd 0x98                                                                                                                                                        LSHL r28, r26, r12
	  1764    0x13 0xf9 0xc4 0x98                                                                                                                                                        AND r28, r15, r28
	  1768    0x13 0xbf 0xc7 0x98                                                                                                                                                        EQ r31, r14, r28
	  1772    0xf8 0x03 0x90 0x40 0x01 0x84                                                                                                                                              JNZ r31, #TGT_F_ZL8run_bodyILi28ELi10EEvPKhS1_PKiS3_PiS4_iS4__1824
.delay_slot
	  1778    0x10 0x3a 0x55 0x18                                                                                                                                                        MOVX r29, #21
.delay_slot
	  1782    0x18 0x8f 0xc9 0x78                                                                                                                                                                                      VINSERT.16 x1, x1, r29, r30
.delay_slot
.swstall delay_slot
	  1786    0x00 0x00                                                                        NOPX
.delay_slot
.swstall delay_slot
	  1788    0x00 0x00                                                                        NOPX
.delay_slot
	  1790    0x07 0x4b 0x2f 0x25 0x41 0xe4                                                                                                                                              MOVX r29, #22;                MOV r30, r5
	  1796    0x13 0x79 0xc8 0x98                                                                                                                                                        NE r28, r13, r28
	  1800    0xe0 0x03 0x90 0x40 0x01 0x84                                                                                                                                              JNZ r28, #TGT_F_ZL8run_bodyILi28ELi10EEvPKhS1_PKiS3_PiS4_iS4__1824
.delay_slot
	  1806    0x1f 0x99 0x20 0xf8                                                                                                                                                                                      MOV r30, r18
.delay_slot
.swstall delay_slot
	  1810    0x00 0x00                                                                        NOPX
.delay_slot
.swstall delay_slot
	  1812    0x00 0x00                                                                        NOPX
.delay_slot
.swstall delay_slot
	  1814    0x00 0x00                                                                        NOPX
.delay_slot
.swstall delay_slot
	  1816    0x00 0x00                                                                        NOPX
	  1818    0x00 0x2c 0xf0 0x78 0x02 0x2c                                                    NOPA;                                                                                     MOVX r30, #0
.label TGT_F_ZL8run_bodyILi28ELi10EEvPKhS1_PKiS3_PiS4_iS4__1824
	  1824    0xd6 0x97 0xb1 0x1f 0x92 0xe4                                                                                                                                              LSHL r26, r26, r11;           VINSERT.16 x1, x1, r29, r30
	  1830    0x13 0xbd 0xa7 0x98                                                                                                                                                        EQ r30, r14, r26
	  1834    0xf0 0x03 0xb0 0x40 0x01 0x84                                                                                                                                              JNZ r30, #TGT_F_ZL8run_bodyILi28ELi10EEvPKhS1_PKiS3_PiS4_iS4__1888
.delay_slot
	  1840    0x1f 0x12 0xa0 0xf8                                                                                                                                                                                      MOV r28, r5
.delay_slot
.swstall delay_slot
	  1844    0x00 0x00                                                                        NOPX
.delay_slot
.swstall delay_slot
	  1846    0x00 0x00                                                                        NOPX
.delay_slot
.swstall delay_slot
	  1848    0x00 0x00                                                                        NOPX
.delay_slot
.swstall delay_slot
	  1850    0x00 0x00                                                                        NOPX
	  1852    0x13 0x75 0xa8 0x98                                                                                                                                                        NE r26, r13, r26
	  1856    0xd0 0x03 0xb0 0x40 0x01 0x84                                                                                                                                              JNZ r26, #TGT_F_ZL8run_bodyILi28ELi10EEvPKhS1_PKiS3_PiS4_iS4__1888
.delay_slot
	  1862    0x1f 0x19 0x20 0xf8                                                                                                                                                                                      MOV r28, r18
.delay_slot
.swstall delay_slot
	  1866    0x00 0x00                                                                        NOPX
.delay_slot
.swstall delay_slot
	  1868    0x00 0x00                                                                        NOPX
.delay_slot
.swstall delay_slot
	  1870    0x00 0x00                                                                        NOPX
.delay_slot
.swstall delay_slot
	  1872    0x00 0x00                                                                        NOPX
	  1874    0x00 0x2c 0xf0 0x00 0x20 0x38 0x01 0x00 0x34 0xaf 0x00 0x2b 0x60 0x7e            NOPA;                         NOPB;                         NOPS;                         MOVX r28, #0;                 NOPM
.label TGT_F_ZL8run_bodyILi28ELi10EEvPKhS1_PKiS3_PiS4_iS4__1888
	  1888    0x02 0xe9 0x50 0x74 0xba 0x2c                                                    LDA.u8 r26, [p0, #1];                                                                     MOVX r29, #23
	  1894    0x18 0x8f 0x89 0x78                                                                                                                                                                                      VINSERT.16 x1, x1, r29, r28
	  1898    0x00 0x00                                                                        NOPX
	  1900    0x00 0x00                                                                        NOPX
	  1902    0x00 0x00                                                                        NOPX
	  1904    0x00 0x00                                                                        NOPX
	  1906    0x00 0x00                                                                        NOPX
	  1908    0x13 0xf9 0xa4 0x98                                                                                                                                                        AND r28, r15, r26
	  1912    0x13 0xbf 0xc7 0x98                                                                                                                                                        EQ r31, r14, r28
	  1916    0xf8 0x03 0xd8 0x40 0x01 0x84                                                                                                                                              JNZ r31, #TGT_F_ZL8run_bodyILi28ELi10EEvPKhS1_PKiS3_PiS4_iS4__1968
.delay_slot
	  1922    0x1f 0x92 0xa0 0xf8                                                                                                                                                                                      MOV r30, r5
.delay_slot
.swstall delay_slot
	  1926    0x00 0x00                                                                        NOPX
.delay_slot
.swstall delay_slot
	  1928    0x00 0x00                                                                        NOPX
.delay_slot
.swstall delay_slot
	  1930    0x00 0x00                                                                        NOPX
.delay_slot
.swstall delay_slot
	  1932    0x00 0x00                                                                        NOPX
	  1934    0x13 0x79 0xc8 0x98                                                                                                                                                        NE r28, r13, r28
	  1938    0xe0 0x03 0xd8 0x40 0x01 0x84                                                                                                                                              JNZ r28, #TGT_F_ZL8run_bodyILi28ELi10EEvPKhS1_PKiS3_PiS4_iS4__1968
.delay_slot
	  1944    0x1f 0x99 0x20 0xf8                                                                                                                                                                                      MOV r30, r18
.delay_slot
.swstall delay_slot
	  1948    0x00 0x00                                                                        NOPX
.delay_slot
.swstall delay_slot
	  1950    0x00 0x00                                                                        NOPX
.delay_slot
.swstall delay_slot
	  1952    0x00 0x00                                                                        NOPX
.delay_slot
.swstall delay_slot
	  1954    0x00 0x00                                                                        NOPX
	  1956    0x00 0x2c 0xf0 0x00 0x20 0x01 0xe0 0x08 0x00 0xad 0x81 0x36                      NOPA;                         NOPB;                         NOPS;                         MOVX r30, #0
.label TGT_F_ZL8run_bodyILi28ELi10EEvPKhS1_PKiS3_PiS4_iS4__1968
	  1968    0x16 0xb8 0x0d 0x98                                                                                                                                                        LSHL r28, r26, r0
	  1972    0x13 0xf9 0xc4 0x98                                                                                                                                                        AND r28, r15, r28
	  1976    0x13 0xbf 0xc7 0x98                                                                                                                                                        EQ r31, r14, r28
	  1980    0xf8 0x03 0xf8 0x40 0x01 0x84                                                                                                                                              JNZ r31, #TGT_F_ZL8run_bodyILi28ELi10EEvPKhS1_PKiS3_PiS4_iS4__2032
.delay_slot
.swstall delay_slot
	  1986    0x00 0x00                                                                        NOPX
.delay_slot
.swstall delay_slot
	  1988    0x00 0x00                                                                        NOPX
.delay_slot
	  1990    0x10 0x3a 0x61 0x18                                                                                                                                                        MOVX r29, #24
.delay_slot
	  1994    0x18 0x8f 0xc9 0x78                                                                                                                                                                                      VINSERT.16 x1, x1, r29, r30
.delay_slot
	  1998    0x1f 0x92 0xa0 0xf8                                                                                                                                                                                      MOV r30, r5
	  2002    0x13 0x79 0xc8 0x98                                                                                                                                                        NE r28, r13, r28
	  2006    0xe0 0x03 0xf8 0x40 0x01 0x84                                                                                                                                              JNZ r28, #TGT_F_ZL8run_bodyILi28ELi10EEvPKhS1_PKiS3_PiS4_iS4__2032
.delay_slot
	  2012    0x1f 0x99 0x20 0xf8                                                                                                                                                                                      MOV r30, r18
.delay_slot
.swstall delay_slot
	  2016    0x00 0x00                                                                        NOPX
.delay_slot
.swstall delay_slot
	  2018    0x00 0x00                                                                        NOPX
.delay_slot
.swstall delay_slot
	  2020    0x00 0x00                                                                        NOPX
.delay_slot
.swstall delay_slot
	  2022    0x00 0x00                                                                        NOPX
	  2024    0x00 0x01 0xe0 0x09 0x00 0x00 0x1c 0x22                                                                                                                                    MOVX r30, #0;                                                         NOPV
.label TGT_F_ZL8run_bodyILi28ELi10EEvPKhS1_PKiS3_PiS4_iS4__2032
	  2032    0x16 0xb8 0xcd 0x98                                                                                                                                                        LSHL r28, r26, r12
	  2036    0x13 0xf9 0xc4 0x98                                                                                                                                                        AND r28, r15, r28
	  2040    0x13 0xbf 0xc7 0x98                                                                                                                                                        EQ r31, r14, r28
	  2044    0xf8 0x04 0x18 0x40 0x01 0x84                                                                                                                                              JNZ r31, #TGT_F_ZL8run_bodyILi28ELi10EEvPKhS1_PKiS3_PiS4_iS4__2096
.delay_slot
	  2050    0x10 0x3a 0x65 0x18                                                                                                                                                        MOVX r29, #25
.delay_slot
	  2054    0x18 0x8f 0xc9 0x78                                                                                                                                                                                      VINSERT.16 x1, x1, r29, r30
.delay_slot
.swstall delay_slot
	  2058    0x00 0x00                                                                        NOPX
.delay_slot
.swstall delay_slot
	  2060    0x00 0x00                                                                        NOPX
.delay_slot
	  2062    0x07 0x4d 0x2f 0x25 0x41 0xe4                                                                                                                                              MOVX r29, #26;                MOV r30, r5
	  2068    0x13 0x79 0xc8 0x98                                                                                                                                                        NE r28, r13, r28
	  2072    0xe0 0x04 0x18 0x40 0x01 0x84                                                                                                                                              JNZ r28, #TGT_F_ZL8run_bodyILi28ELi10EEvPKhS1_PKiS3_PiS4_iS4__2096
.delay_slot
	  2078    0x1f 0x99 0x20 0xf8                                                                                                                                                                                      MOV r30, r18
.delay_slot
.swstall delay_slot
	  2082    0x00 0x00                                                                        NOPX
.delay_slot
.swstall delay_slot
	  2084    0x00 0x00                                                                        NOPX
.delay_slot
.swstall delay_slot
	  2086    0x00 0x00                                                                        NOPX
.delay_slot
.swstall delay_slot
	  2088    0x00 0x00                                                                        NOPX
	  2090    0x00 0x2c 0xf0 0x78 0x02 0x2c                                                    NOPA;                                                                                     MOVX r30, #0
.label TGT_F_ZL8run_bodyILi28ELi10EEvPKhS1_PKiS3_PiS4_iS4__2096
	  2096    0xd6 0x97 0xb1 0x1f 0x92 0xe4                                                                                                                                              LSHL r26, r26, r11;           VINSERT.16 x1, x1, r29, r30
	  2102    0x13 0xbd 0xa7 0x98                                                                                                                                                        EQ r30, r14, r26
	  2106    0xf0 0x04 0x38 0x40 0x01 0x84                                                                                                                                              JNZ r30, #TGT_F_ZL8run_bodyILi28ELi10EEvPKhS1_PKiS3_PiS4_iS4__2160
.delay_slot
	  2112    0x1f 0x12 0xa0 0xf8                                                                                                                                                                                      MOV r28, r5
.delay_slot
.swstall delay_slot
	  2116    0x00 0x00                                                                        NOPX
.delay_slot
.swstall delay_slot
	  2118    0x00 0x00                                                                        NOPX
.delay_slot
.swstall delay_slot
	  2120    0x00 0x00                                                                        NOPX
.delay_slot
.swstall delay_slot
	  2122    0x00 0x00                                                                        NOPX
	  2124    0x13 0x75 0xa8 0x98                                                                                                                                                        NE r26, r13, r26
	  2128    0xd0 0x04 0x38 0x40 0x01 0x84                                                                                                                                              JNZ r26, #TGT_F_ZL8run_bodyILi28ELi10EEvPKhS1_PKiS3_PiS4_iS4__2160
.delay_slot
	  2134    0x1f 0x19 0x20 0xf8                                                                                                                                                                                      MOV r28, r18
.delay_slot
.swstall delay_slot
	  2138    0x00 0x00                                                                        NOPX
.delay_slot
.swstall delay_slot
	  2140    0x00 0x00                                                                        NOPX
.delay_slot
.swstall delay_slot
	  2142    0x00 0x00                                                                        NOPX
.delay_slot
.swstall delay_slot
	  2144    0x00 0x00                                                                        NOPX
	  2146    0x00 0x2c 0xf0 0x00 0x20 0x38 0x01 0x00 0x34 0xaf 0x00 0x2b 0x60 0x7e            NOPA;                         NOPB;                         NOPS;                         MOVX r28, #0;                 NOPM
.label TGT_F_ZL8run_bodyILi28ELi10EEvPKhS1_PKiS3_PiS4_iS4__2160
	  2160    0x42 0xe9 0x50 0x74 0xda 0x2c                                                    LDA.u8 r26, [p2, #1];                                                                     MOVX r29, #27
	  2166    0x18 0x8f 0x89 0x78                                                                                                                                                                                      VINSERT.16 x1, x1, r29, r28
	  2170    0x00 0x00                                                                        NOPX
	  2172    0x00 0x00                                                                        NOPX
	  2174    0x00 0x00                                                                        NOPX
	  2176    0x00 0x00                                                                        NOPX
	  2178    0x00 0x00                                                                        NOPX
	  2180    0x13 0xf9 0xa4 0x98                                                                                                                                                        AND r28, r15, r26
	  2184    0x13 0xbf 0xc7 0x98                                                                                                                                                        EQ r31, r14, r28
	  2188    0xf8 0x04 0x60 0x40 0x01 0x84                                                                                                                                              JNZ r31, #TGT_F_ZL8run_bodyILi28ELi10EEvPKhS1_PKiS3_PiS4_iS4__2240
.delay_slot
	  2194    0x1f 0x92 0xa0 0xf8                                                                                                                                                                                      MOV r30, r5
.delay_slot
.swstall delay_slot
	  2198    0x00 0x00                                                                        NOPX
.delay_slot
.swstall delay_slot
	  2200    0x00 0x00                                                                        NOPX
.delay_slot
.swstall delay_slot
	  2202    0x00 0x00                                                                        NOPX
.delay_slot
.swstall delay_slot
	  2204    0x00 0x00                                                                        NOPX
	  2206    0x13 0x79 0xc8 0x98                                                                                                                                                        NE r28, r13, r28
	  2210    0xe0 0x04 0x60 0x40 0x01 0x84                                                                                                                                              JNZ r28, #TGT_F_ZL8run_bodyILi28ELi10EEvPKhS1_PKiS3_PiS4_iS4__2240
.delay_slot
	  2216    0x1f 0x99 0x20 0xf8                                                                                                                                                                                      MOV r30, r18
.delay_slot
.swstall delay_slot
	  2220    0x00 0x00                                                                        NOPX
.delay_slot
.swstall delay_slot
	  2222    0x00 0x00                                                                        NOPX
.delay_slot
.swstall delay_slot
	  2224    0x00 0x00                                                                        NOPX
.delay_slot
.swstall delay_slot
	  2226    0x00 0x00                                                                        NOPX
	  2228    0x00 0x2c 0xf0 0x00 0x20 0x01 0xe0 0x08 0x00 0xad 0x81 0x36                      NOPA;                         NOPB;                         NOPS;                         MOVX r30, #0
.label TGT_F_ZL8run_bodyILi28ELi10EEvPKhS1_PKiS3_PiS4_iS4__2240
	  2240    0x16 0xb8 0x0d 0x98                                                                                                                                                        LSHL r28, r26, r0
	  2244    0x13 0xf9 0xc4 0x98                                                                                                                                                        AND r28, r15, r28
	  2248    0x13 0xbf 0xc7 0x98                                                                                                                                                        EQ r31, r14, r28
	  2252    0xf8 0x04 0x80 0x40 0x01 0x84                                                                                                                                              JNZ r31, #TGT_F_ZL8run_bodyILi28ELi10EEvPKhS1_PKiS3_PiS4_iS4__2304
.delay_slot
.swstall delay_slot
	  2258    0x00 0x00                                                                        NOPX
.delay_slot
.swstall delay_slot
	  2260    0x00 0x00                                                                        NOPX
.delay_slot
	  2262    0x10 0x3a 0x71 0x18                                                                                                                                                        MOVX r29, #28
.delay_slot
	  2266    0x18 0x8f 0xc9 0x78                                                                                                                                                                                      VINSERT.16 x1, x1, r29, r30
.delay_slot
	  2270    0x1f 0x92 0xa0 0xf8                                                                                                                                                                                      MOV r30, r5
	  2274    0x13 0x79 0xc8 0x98                                                                                                                                                        NE r28, r13, r28
	  2278    0xe0 0x04 0x80 0x40 0x01 0x84                                                                                                                                              JNZ r28, #TGT_F_ZL8run_bodyILi28ELi10EEvPKhS1_PKiS3_PiS4_iS4__2304
.delay_slot
	  2284    0x1f 0x99 0x20 0xf8                                                                                                                                                                                      MOV r30, r18
.delay_slot
.swstall delay_slot
	  2288    0x00 0x00                                                                        NOPX
.delay_slot
.swstall delay_slot
	  2290    0x00 0x00                                                                        NOPX
.delay_slot
.swstall delay_slot
	  2292    0x00 0x00                                                                        NOPX
.delay_slot
.swstall delay_slot
	  2294    0x00 0x00                                                                        NOPX
	  2296    0x00 0x01 0xe0 0x09 0x00 0x00 0x1c 0x22                                                                                                                                    MOVX r30, #0;                                                         NOPV
.label TGT_F_ZL8run_bodyILi28ELi10EEvPKhS1_PKiS3_PiS4_iS4__2304
	  2304    0x16 0xb8 0xcd 0x98                                                                                                                                                        LSHL r28, r26, r12
	  2308    0x13 0xf9 0xc4 0x98                                                                                                                                                        AND r28, r15, r28
	  2312    0x13 0xbf 0xc7 0x98                                                                                                                                                        EQ r31, r14, r28
	  2316    0xf8 0x04 0xa0 0x40 0x01 0x84                                                                                                                                              JNZ r31, #TGT_F_ZL8run_bodyILi28ELi10EEvPKhS1_PKiS3_PiS4_iS4__2368
.delay_slot
	  2322    0x10 0x3a 0x75 0x18                                                                                                                                                        MOVX r29, #29
.delay_slot
	  2326    0x18 0x8f 0xc9 0x78                                                                                                                                                                                      VINSERT.16 x1, x1, r29, r30
.delay_slot
.swstall delay_slot
	  2330    0x00 0x00                                                                        NOPX
.delay_slot
.swstall delay_slot
	  2332    0x00 0x00                                                                        NOPX
.delay_slot
	  2334    0x07 0x4f 0x2f 0x25 0x41 0xe4                                                                                                                                              MOVX r29, #30;                MOV r30, r5
	  2340    0x13 0x79 0xc8 0x98                                                                                                                                                        NE r28, r13, r28
	  2344    0xe0 0x04 0xa0 0x40 0x01 0x84                                                                                                                                              JNZ r28, #TGT_F_ZL8run_bodyILi28ELi10EEvPKhS1_PKiS3_PiS4_iS4__2368
.delay_slot
	  2350    0x1f 0x99 0x20 0xf8                                                                                                                                                                                      MOV r30, r18
.delay_slot
.swstall delay_slot
	  2354    0x00 0x00                                                                        NOPX
.delay_slot
.swstall delay_slot
	  2356    0x00 0x00                                                                        NOPX
.delay_slot
.swstall delay_slot
	  2358    0x00 0x00                                                                        NOPX
.delay_slot
.swstall delay_slot
	  2360    0x00 0x00                                                                        NOPX
	  2362    0x00 0x2c 0xf0 0x78 0x02 0x2c                                                    NOPA;                                                                                     MOVX r30, #0
.label TGT_F_ZL8run_bodyILi28ELi10EEvPKhS1_PKiS3_PiS4_iS4__2368
	  2368    0xd7 0x17 0xb1 0x1f 0x92 0xe4                                                                                                                                              LSHL r28, r26, r11;           VINSERT.16 x1, x1, r29, r30
	  2374    0x13 0xbd 0xc7 0x98                                                                                                                                                        EQ r30, r14, r28
	  2378    0xf0 0x04 0xc0 0x40 0x01 0x84                                                                                                                                              JNZ r30, #TGT_F_ZL8run_bodyILi28ELi10EEvPKhS1_PKiS3_PiS4_iS4__2432
.delay_slot
	  2384    0x1e 0x92 0xa0 0xf8                                                                                                                                                                                      MOV r26, r5
.delay_slot
.swstall delay_slot
	  2388    0x00 0x00                                                                        NOPX
.delay_slot
.swstall delay_slot
	  2390    0x00 0x00                                                                        NOPX
.delay_slot
.swstall delay_slot
	  2392    0x00 0x00                                                                        NOPX
.delay_slot
.swstall delay_slot
	  2394    0x00 0x00                                                                        NOPX
	  2396    0x13 0x79 0xc8 0x98                                                                                                                                                        NE r28, r13, r28
	  2400    0xe0 0x04 0xc0 0x40 0x01 0x84                                                                                                                                              JNZ r28, #TGT_F_ZL8run_bodyILi28ELi10EEvPKhS1_PKiS3_PiS4_iS4__2432
.delay_slot
	  2406    0x1e 0x99 0x20 0xf8                                                                                                                                                                                      MOV r26, r18
.delay_slot
.swstall delay_slot
	  2410    0x00 0x00                                                                        NOPX
.delay_slot
.swstall delay_slot
	  2412    0x00 0x00                                                                        NOPX
.delay_slot
.swstall delay_slot
	  2414    0x00 0x00                                                                        NOPX
.delay_slot
.swstall delay_slot
	  2416    0x00 0x00                                                                        NOPX
	  2418    0x00 0x2c 0xf0 0x00 0x20 0x34 0x01 0x00 0x34 0xaf 0x00 0x2b 0x60 0x7e            NOPA;                         NOPB;                         NOPS;                         MOVX r26, #0;                 NOPM
.label TGT_F_ZL8run_bodyILi28ELi10EEvPKhS1_PKiS3_PiS4_iS4__2432
	  2432    0x06 0x39 0x68 0x01 0xd3 0xeb 0x2e 0x42 0x08 0x3a                                                              VLDB x2, [p3], #64;                                         MOVX r29, #31;                ADD.NC r25, r25, #8
	  2442    0x53 0x21 0x60 0x01 0xd0 0x28 0x47 0xa4 0xb9 0x3a                                                                                            MOVS p2, r25;                 MOVX r29, #1;                 VINSERT.16 x1, x1, r29, r26
	  2452    0x00 0x00                                                                        NOPX
	  2454    0x00 0x00                                                                        NOPX
	  2456    0x00 0x00                                                                        NOPX
	  2458    0x00 0x00                                                                        NOPX
	  2460    0x00 0x00                                                                        NOPX
	  2462    0x4a 0xe2 0x41 0x48                                                                                                                                                                                                                              VMUL.f dm2, x1, x2, r9
	  2466    0x00 0x00                                                                        NOPX
	  2468    0x00 0x00                                                                        NOPX
	  2470    0x00 0x00                                                                        NOPX
	  2472    0x00 0x00                                                                        NOPX
	  2474    0x00 0x00                                                                        NOPX
	  2476    0x08 0x91 0x16 0x18                                                                                                                          VCONV.bf16.fp32 x1, cml2
	  2480    0x00 0x00                                                                        NOPX
	  2482    0x1a 0x03 0x8a 0xf8                                                                                                                                                                                      VCONV.fp32.bf16 cml2, x1
	  2486    0x00 0x00                                                                        NOPX
	  2488    0x19 0x28 0x12 0xf8                                                                                                                                                                                      VMOV x2, bmll2
	  2492    0x18 0xa9 0x12 0xf8                                                                                                                                                                                      VMOV x1, bmlh2
.aggressive_scheduled_block_id 2
.aggressive_scheduled_block_id first
	  2496    0x1d 0x10 0x99 0xd8                                                                                                                                                                                      VSHUFFLE bmhl2, x2, x1, r6
.aggressive_scheduled_block_id 2
.noswbrkpt
	  2500    0x52 0x4c 0x3d 0x48                                                                                                                                                                                                                              VADD.f dm2, dm2, dm3, r10
.aggressive_scheduled_block_id 2
.aggressive_scheduled_block_id last
.nohwbrkpt
.noswbrkpt
	  2504    0x1b 0x0a 0x12 0xf8                                                                                                                                                                                      VMOV bmll3, bmhl2
	  2508    0x00 0x00                                                                        NOPX
	  2510    0x00 0x00                                                                        NOPX
	  2512    0x00 0x00                                                                        NOPX
	  2514    0x00 0x00                                                                        NOPX
	  2516    0x18 0xa8 0x12 0xf8                                                                                                                                                                                      VMOV x1, bmll2
.aggressive_scheduled_block_id 3
.aggressive_scheduled_block_id first
	  2520    0x1d 0x08 0x91 0xd8                                                                                                                                                                                      VSHUFFLE bmhl2, x1, x1, r4
.aggressive_scheduled_block_id 3
.noswbrkpt
	  2524    0x52 0x4c 0x3d 0x48                                                                                                                                                                                                                              VADD.f dm2, dm2, dm3, r10
.aggressive_scheduled_block_id 3
.aggressive_scheduled_block_id last
.nohwbrkpt
.noswbrkpt
	  2528    0x1b 0x0a 0x12 0xf8                                                                                                                                                                                      VMOV bmll3, bmhl2
	  2532    0x00 0x00                                                                        NOPX
	  2534    0x00 0x00                                                                        NOPX
	  2536    0x00 0x00                                                                        NOPX
	  2538    0x00 0x00                                                                        NOPX
	  2540    0x18 0xa8 0x12 0xf8                                                                                                                                                                                      VMOV x1, bmll2
.aggressive_scheduled_block_id 4
.aggressive_scheduled_block_id first
	  2544    0x1d 0x08 0xa1 0xd8                                                                                                                                                                                      VSHUFFLE bmhl2, x1, x1, r8
.aggressive_scheduled_block_id 4
.noswbrkpt
	  2548    0x52 0x4c 0x3d 0x48                                                                                                                                                                                                                              VADD.f dm2, dm2, dm3, r10
.aggressive_scheduled_block_id 4
.aggressive_scheduled_block_id last
.nohwbrkpt
.noswbrkpt
	  2552    0x1b 0x0a 0x12 0xf8                                                                                                                                                                                      VMOV bmll3, bmhl2
	  2556    0x00 0x00                                                                        NOPX
	  2558    0x00 0x00                                                                        NOPX
	  2560    0x00 0x00                                                                        NOPX
	  2562    0x00 0x00                                                                        NOPX
	  2564    0x18 0xa8 0x12 0xf8                                                                                                                                                                                      VMOV x1, bmll2
.aggressive_scheduled_block_id 5
.aggressive_scheduled_block_id first
	  2568    0x1d 0x08 0xc5 0xd8                                                                                                                                                                                      VSHUFFLE bmhl2, x1, x1, r17
.aggressive_scheduled_block_id 5
.noswbrkpt
	  2572    0x52 0x4c 0x3d 0x48                                                                                                                                                                                                                              VADD.f dm2, dm2, dm3, r10
.aggressive_scheduled_block_id 5
.aggressive_scheduled_block_id last
.nohwbrkpt
.noswbrkpt
	  2576    0x1b 0x0a 0x12 0xf8                                                                                                                                                                                      VMOV bmll3, bmhl2
	  2580    0x00 0x00                                                                        NOPX
	  2582    0x00 0x00                                                                        NOPX
	  2584    0x00 0x00                                                                        NOPX
	  2586    0x00 0x00                                                                        NOPX
	  2588    0x18 0xa8 0x12 0xf8                                                                                                                                                                                      VMOV x1, bmll2
.aggressive_scheduled_block_id 6
.aggressive_scheduled_block_id first
	  2592    0x1d 0x08 0xcd 0xd8                                                                                                                                                                                      VSHUFFLE bmhl2, x1, x1, r19
.aggressive_scheduled_block_id 6
.noswbrkpt
	  2596    0x52 0x4c 0x3d 0x48                                                                                                                                                                                                                              VADD.f dm2, dm2, dm3, r10
.aggressive_scheduled_block_id 6
.aggressive_scheduled_block_id last
.nohwbrkpt
.noswbrkpt
	  2600    0x1b 0x0a 0x12 0xf8                                                                                                                                                                                      VMOV bmll3, bmhl2
	  2604    0x00 0x00                                                                        NOPX
	  2606    0x00 0x00                                                                        NOPX
	  2608    0x00 0x00                                                                        NOPX
	  2610    0x00 0x00                                                                        NOPX
	  2612    0x08 0xc1 0x16 0x18                                                                                                                          VCONV.bf16.fp32 wl1, bmll2
	  2616    0x00 0x00                                                                        NOPX
	  2618    0x18 0x89 0x03 0x58                                                                                                                                                                                      VEXTBCST.16 x1, x1, #0
	  2622    0x00 0x00                                                                        NOPX
.label ZLE_F_ZL8run_bodyILi28ELi10EEvPKhS1_PKiS3_PiS4_iS4__2624
.end_of_loop
.aggressive_scheduled_block_id 7
.aggressive_scheduled_block_id first
	  2624    0x00 0x2c 0xf0 0x00 0x20 0x01 0x5b 0x00 0x00 0x00 0x01 0xa5 0x7a 0x49 0x10 0x0b  NOPA;                         NOPB;                         NOPS;                         NOPX;                         NOPM;                                   VMAC.f dm1, dm1, x1, x0, r9
.loop_nesting 2
.aggressive_scheduled_block_id 7
.noswbrkpt
	  2640    0xfb 0xe6 0x20 0x11 0xa0 0x0a 0xcd 0x80 0x48 0xba                                LDA r25, [sp, #-36];                                                                      MOVX r26, #512;               ADD.NC r22, r22, #1
.aggressive_scheduled_block_id 7
.nohwbrkpt
.noswbrkpt
	  2650    0xfb 0x6a 0x2a 0xd6 0x40 0x2c                                                    LDA r26, [sp, #-40];                                                                      JNZD r21, r21, p4
.delay_slot
.aggressive_scheduled_block_id 7
.nohwbrkpt
.noswbrkpt
	  2656    0x10 0xb2 0x01 0x18                                                                                                                                                        MOVX r25, #128
.delay_slot
.aggressive_scheduled_block_id 7
.nohwbrkpt
.noswbrkpt
	  2660    0x1e 0x1c 0xe1 0x58                                                                                                                                                                                      ADD.NC r24, r25, r24
.delay_slot
.aggressive_scheduled_block_id 7
.aggressive_scheduled_block_id last
.nohwbrkpt
.noswbrkpt
	  2664    0x1d 0xdb 0xe9 0x58                                                                                                                                                                                      ADD.NC r23, r23, r26
.delay_slot
.swstall delay_slot
	  2668    0x00 0x00                                                                        NOPX
.delay_slot
.swstall delay_slot
	  2670    0x00 0x00                                                                        NOPX
.loop_nesting 1
	  2672    0x07 0xc2 0xb1 0x18                                                              LDA r21, [sp, #-64]
	  2676    0x07 0xca 0xd1 0x18                                                              LDA r22, [sp, #-56]
	  2680    0x07 0xcf 0x11 0x18                                                              LDA r24, [sp, #-52]
	  2684    0x07 0xc6 0xf1 0x18                                                              LDA r23, [sp, #-60]
	  2688    0x00 0x00                                                                        NOPX
	  2690    0x00 0x00                                                                        NOPX
	  2692    0x00 0x00                                                                        NOPX
	  2694    0x6e 0xea 0x9a 0xb5 0x01 0x24                                                                                                                                              AND r27, r13, r21;            ADD.NC r21, r21, #1
	  2700    0x00 0x00                                                                        NOPX
	  2702    0x15 0xad 0x82 0x18                                                                                                                                                        SEL.EQZ r22, r22, r24, r27
	  2706    0xbd 0xac 0x06 0xd6 0x41 0xe4                                                                                                                                              JNZD r22, r23, p5;            MOV p3, r22
.delay_slot
	  2712    0x0b 0x1d 0xa9 0x98                                                                                                                          ST el6, [p3], #4
.delay_slot
	  2716    0x0b 0x04 0xa3 0x18                                                                                                                          VST.CONV.bf16.fp32 cml1, [p3]
.delay_slot
.swstall delay_slot
	  2720    0x00 0x00                                                                        NOPX
.delay_slot
.swstall delay_slot
	  2722    0x00 0x00                                                                        NOPX
.delay_slot
.swstall delay_slot
	  2724    0x00 0x00                                                                        NOPX
.loop_nesting 0
	  2726    0xfc 0xbe 0x22 0x0d 0x63 0x0c                                                    LDA r15, [sp, #-28];                                        ST r21, [p1]
	  2732    0x07 0xe9 0xd1 0x18                                                              LDA r14, [sp, #-24]
	  2736    0x07 0xf1 0xb1 0x18                                                              LDA r13, [sp, #-16]
	  2740    0x07 0xf9 0x91 0x18                                                              LDA r12, [sp, #-8]
	  2744    0x07 0xfd 0x71 0x18                                                              LDA r11, [sp, #-4]
	  2748    0x07 0xf5 0x51 0x18                                                              LDA r10, [sp, #-12]
	  2752    0x07 0xed 0x31 0x18                                                              LDA r9, [sp, #-20]
	  2756    0x07 0xe1 0x11 0x18                                                              LDA r8, [sp, #-32]
	  2760    0x10 0x28 0x00 0x18                                                                                                                                                        RET lr
.delay_slot
	  2764    0xff 0xf8 0x00 0x00 0x01 0xc4                                                                                                                                              PADDXM [sp], #-64
.delay_slot
.swstall delay_slot
	  2770    0x00 0x00                                                                        NOPX
.delay_slot
.swstall delay_slot
	  2772    0x00 0x00                                                                        NOPX
.delay_slot
.swstall delay_slot
	  2774    0x00 0x00                                                                        NOPX
.label _ZL8run_bodyILi28ELi10EEvPKhS1_PKiS3_PiS4_iS4___end last
.delay_slot
.swstall delay_slot
	  2776    0x00 0x00                                                                        NOPX

.text_segment_name
.text local 10 _ZL8run_bodyILi5ELi27EEvPKhS1_PKiS3_PiS4_iS4_
.function_start
.aggressive_scheduled_block_id 1
.aggressive_scheduled_block_id first
	     0    0x00 0x97 0x00 0x00 0x40 0x00 0x00 0x0e 0x00 0xe0 0x1d 0x06                      MOVA r23, #4;                                                                             PADDXM [sp], #64;                                                     VCLR dm0
.aggressive_scheduled_block_id 1
.noswbrkpt
	    12    0xf7 0x93 0x20 0x01 0x23 0x4b 0x49 0x60 0x78 0xba                                LDA p1, [sp, #-68];                                                                       MOVX r18, #26;                MOV r26, p1
.aggressive_scheduled_block_id 1
.aggressive_scheduled_block_id last
.nohwbrkpt
.noswbrkpt
	    22    0x00 0x43 0x07 0xd8 0x9d 0x80 0x00 0x00 0x78 0x80 0x10 0x76                      MOVA r3, #2;                                                ST p1, [sp, #-40];            MOVXM ls, #(ZLS_F_ZL8run_bodyILi5ELi27EEvPKhS1_PKiS3_PiS4_iS4__256 + 0)
	    34    0xff 0xc6 0x07 0xfd 0xb5 0x80 0x70 0x6b 0x28 0x60 0x78 0x76                      MOVA r6, #-2;                                               ST r13, [sp, #-4];            MOVX r7, #3;                  MOV r25, p0
	    46    0xff 0x85 0x07 0xdc 0x1d 0x80 0x00 0x00 0x30 0x00 0x10 0x76                      MOVA r5, #-4;                                               ST p0, [sp, #-36];            MOVXM p0, #_ZN12me_primitive11control_rndE
	    58    0x00 0xb4 0x57 0xf9 0xd5 0x80 0x00 0x01 0xbd 0x20 0x10 0x76                      LDA.s8 r13, [p0];                                           ST r14, [sp, #-8];            MOVXM le, #(ZLE_F_ZL8run_bodyILi5ELi27EEvPKhS1_PKiS3_PiS4_iS4__2624 + 0)
	    70    0xff 0x51 0x07 0xe1 0x15 0x80 0x00 0x0c 0x8f 0xc0 0x10 0x76                      MOVA r17, #-6;                                              ST r8, [sp, #-32];            MOVXM r4, #16256
	    82    0x00 0x3d 0x07 0xce 0x9d 0x81 0x07 0x88 0x70 0x05 0x58 0x76                      MOVA r29, #1;                                               ST p5, [sp, #-52];            MOVX r16, #60;                MOV s0, #5
	    94    0x20 0xda 0xd7 0xca 0x1d 0x80 0x01 0x69 0x70 0x14 0x58 0x76                      LDA r22, [p1];                                              ST p4, [sp, #-56];            MOVX r0, #11;                 MOV s1, #20
	   106    0x00 0xa2 0x07 0xf5 0xf5 0x81 0x31 0x28 0x28 0x07 0x58 0x76                      MOVA r2, #5;                                                ST r15, [sp, #-12];           MOVX r19, #9;                 MOV r1, #7
	   118    0x67 0x8e 0x07 0xf1 0x95 0x80 0x00 0x2e 0x8f 0xc0 0x10 0x76                      MOVA r14, #828;                                             ST r12, [sp, #-16];           MOVXM r20, #49024
	   130    0xfd 0xae 0xb0 0x00 0x82 0xe8 0xeb 0xce 0x79 0x3a                                                                                            ST r11, [sp, #-20];           MOVX r8, #23;                 MOV eh3, r23
	   140    0xfd 0x2a 0xb0 0x1b 0xd4 0x01 0xa8 0x01 0x59 0x3a                                                                                            ST r10, [sp, #-24];           MOVX crRnd, r13;              MOV r13, #1
	   150    0xfc 0xa6 0xb0 0x00 0x00 0x02 0x30 0x68 0x11 0x3a                                                                                            ST r9, [sp, #-28];            MOVXM p4, #(TGT_F_ZL8run_bodyILi5ELi27EEvPKhS1_PKiS3_PiS4_iS4__208 + 0)
	   160    0xfa 0x33 0xb0 0x00 0x00 0x02 0xb0 0x58 0x11 0x3a                                                                                            ST p3, [sp, #-48];            MOVXM p5, #(TGT_F_ZL8run_bodyILi5ELi27EEvPKhS1_PKiS3_PiS4_iS4__176 + 0)
	   170    0x00 0x2c 0xff 0xaa 0x3b 0x0c                                                    NOPA;                                                       ST p2, [sp, #-44]
.label TGT_F_ZL8run_bodyILi5ELi27EEvPKhS1_PKiS3_PiS4_iS4__176
.loop_nesting 1
	   176    0x00 0x2c 0xf0 0x00 0x27 0xc6 0xf5 0x81 0x70 0x08 0x01 0xa5 0x78 0x00 0x00 0xe1  NOPA;                         NOPB;                         ST r23, [sp, #-60];           MOVX r23, #0;                 NOPM;                                   NOPV
	   192    0x00 0x18 0x00 0x00 0x27 0xc2 0xd5 0x81 0x60 0x08 0x80 0x45 0x78 0x00 0x00 0xe1  MOVA r24, #0;                 NOPB;                         ST r22, [sp, #-64];           MOVX r22, #0;                 VMOV cml1, cml0;                        NOPV
.label TGT_F_ZL8run_bodyILi5ELi27EEvPKhS1_PKiS3_PiS4_iS4__208
.loop_nesting 2
	   208    0xfa 0xf2 0x20 0x2f 0xb6 0xa6 0xb8 0x08 0x58 0xba                                LDA r28, [sp, #-44];                                                                      AND r27, r23, r13;            MOV lc, #8
	   218    0xfa 0x6a 0x2c 0xe7 0x44 0x2c                                                    LDA r26, [sp, #-48];                                                                      SEL.EQZ r25, r25, r26, r27
	   224    0x1a 0x6c 0xd9 0x58                                                                                                                                                                                      ADD.NC p2, r25, r22
	   228    0x42 0x86 0x8c 0xa9 0x81 0xf4                                                                                  VLDB x0, [p2, #64];                                                                       MOV r25, p2
	   234    0x00 0x00                                                                        NOPX
	   236    0x00 0x00                                                                        NOPX
	   238    0x00 0x00                                                                        NOPX
	   240    0x00 0x00                                                                        NOPX
	   242    0x17 0x35 0xa2 0x18                                                                                                                                                        SEL.EQZ r26, r28, r26, r27
	   246    0x00 0x2c 0xf0 0x00 0x10 0x01 0xb6 0xb0 0xae 0xba                                NOPA;                         NOPB;                                                                                     ADD.NC p3, r26, r24
.label ZLS_F_ZL8run_bodyILi5ELi27EEvPKhS1_PKiS3_PiS4_iS4__256
.loop_nesting 3
.begin_of_loop
	   256    0x02 0x1f 0x4a 0x98                                                              LDA.u8 r26, [p2], #1
	   260    0x00 0x00                                                                        NOPX
	   262    0x00 0x00                                                                        NOPX
	   264    0x00 0x00                                                                        NOPX
	   266    0x00 0x00                                                                        NOPX
	   268    0x00 0x00                                                                        NOPX
	   270    0x00 0x00                                                                        NOPX
	   272    0x11 0xf9 0xa4 0x98                                                                                                                                                        AND r28, r7, r26
	   276    0x10 0xff 0xc7 0x98                                                                                                                                                        EQ r31, r3, r28
	   280    0xf8 0x00 0xa8 0x40 0x01 0x84                                                                                                                                              JNZ r31, #TGT_F_ZL8run_bodyILi5ELi27EEvPKhS1_PKiS3_PiS4_iS4__336
.delay_slot
	   286    0x1f 0x92 0x20 0xf8                                                                                                                                                                                      MOV r30, r4
.delay_slot
.swstall delay_slot
	   290    0x00 0x00                                                                        NOPX
.delay_slot
.swstall delay_slot
	   292    0x00 0x00                                                                        NOPX
.delay_slot
.swstall delay_slot
	   294    0x00 0x00                                                                        NOPX
.delay_slot
.swstall delay_slot
	   296    0x00 0x00                                                                        NOPX
	   298    0x13 0x79 0xc8 0x98                                                                                                                                                        NE r28, r13, r28
	   302    0xe0 0x00 0xa8 0x40 0x01 0x84                                                                                                                                              JNZ r28, #TGT_F_ZL8run_bodyILi5ELi27EEvPKhS1_PKiS3_PiS4_iS4__336
.delay_slot
	   308    0x1f 0x9a 0x20 0xf8                                                                                                                                                                                      MOV r30, r20
.delay_slot
.swstall delay_slot
	   312    0x00 0x00                                                                        NOPX
.delay_slot
.swstall delay_slot
	   314    0x00 0x00                                                                        NOPX
.delay_slot
.swstall delay_slot
	   316    0x00 0x00                                                                        NOPX
.delay_slot
.swstall delay_slot
	   318    0x00 0x00                                                                        NOPX
	   320    0x00 0x2c 0xf0 0x00 0x20 0x01 0x5b 0x01 0xe0 0x08 0x01 0xa5 0x78 0x00 0x00 0xe1  NOPA;                         NOPB;                         NOPS;                         MOVX r30, #0;                 NOPM;                                   NOPV
.label TGT_F_ZL8run_bodyILi5ELi27EEvPKhS1_PKiS3_PiS4_iS4__336
	   336    0x16 0xb8 0x6d 0x98                                                                                                                                                        LSHL r28, r26, r6
	   340    0x11 0xf9 0xc4 0x98                                                                                                                                                        AND r28, r7, r28
	   344    0x10 0xff 0xc7 0x98                                                                                                                                                        EQ r31, r3, r28
	   348    0xf8 0x00 0xc8 0x40 0x01 0x84                                                                                                                                              JNZ r31, #TGT_F_ZL8run_bodyILi5ELi27EEvPKhS1_PKiS3_PiS4_iS4__400
.delay_slot
	   354    0x18 0x83 0xc9 0x78                                                                                                                                                                                      VINSERT.16 x1, x0, #0, r30
.delay_slot
.swstall delay_slot
	   358    0x00 0x00                                                                        NOPX
.delay_slot
.swstall delay_slot
	   360    0x00 0x00                                                                        NOPX
.delay_slot
.swstall delay_slot
	   362    0x00 0x00                                                                        NOPX
.delay_slot
	   364    0x1f 0x92 0x20 0xf8                                                                                                                                                                                      MOV r30, r4
	   368    0x13 0x79 0xc8 0x98                                                                                                                                                        NE r28, r13, r28
	   372    0xe0 0x00 0xc8 0x40 0x01 0x84                                                                                                                                              JNZ r28, #TGT_F_ZL8run_bodyILi5ELi27EEvPKhS1_PKiS3_PiS4_iS4__400
.delay_slot
	   378    0x1f 0x9a 0x20 0xf8                                                                                                                                                                                      MOV r30, r20
.delay_slot
.swstall delay_slot
	   382    0x00 0x00                                                                        NOPX
.delay_slot
.swstall delay_slot
	   384    0x00 0x00                                                                        NOPX
.delay_slot
.swstall delay_slot
	   386    0x00 0x00                                                                        NOPX
.delay_slot
.swstall delay_slot
	   388    0x00 0x00                                                                        NOPX
	   390    0x00 0x2c 0xf0 0x01 0x5b 0x00 0x00 0x3c 0x01 0x7a                                NOPA;                                                       NOPS;                         MOVX r30, #0
.label TGT_F_ZL8run_bodyILi5ELi27EEvPKhS1_PKiS3_PiS4_iS4__400
	   400    0x16 0xb8 0x5d 0x98                                                                                                                                                        LSHL r28, r26, r5
	   404    0x11 0xf9 0xc4 0x98                                                                                                                                                        AND r28, r7, r28
	   408    0x10 0xff 0xc7 0x98                                                                                                                                                        EQ r31, r3, r28
	   412    0xf8 0x00 0xe8 0x40 0x01 0x84                                                                                                                                              JNZ r31, #TGT_F_ZL8run_bodyILi5ELi27EEvPKhS1_PKiS3_PiS4_iS4__464
.delay_slot
	   418    0x18 0x8f 0xc9 0x78                                                                                                                                                                                      VINSERT.16 x1, x1, r29, r30
.delay_slot
.swstall delay_slot
	   422    0x00 0x00                                                                        NOPX
.delay_slot
.swstall delay_slot
	   424    0x00 0x00                                                                        NOPX
.delay_slot
.swstall delay_slot
	   426    0x00 0x00                                                                        NOPX
.delay_slot
	   428    0x07 0x41 0x2f 0x24 0x41 0xe4                                                                                                                                              MOVX r29, #2;                 MOV r30, r4
	   434    0x13 0x79 0xc8 0x98                                                                                                                                                        NE r28, r13, r28
	   438    0xe0 0x00 0xe8 0x40 0x01 0x84                                                                                                                                              JNZ r28, #TGT_F_ZL8run_bodyILi5ELi27EEvPKhS1_PKiS3_PiS4_iS4__464
.delay_slot
	   444    0x1f 0x9a 0x20 0xf8                                                                                                                                                                                      MOV r30, r20
.delay_slot
.swstall delay_slot
	   448    0x00 0x00                                                                        NOPX
.delay_slot
.swstall delay_slot
	   450    0x00 0x00                                                                        NOPX
.delay_slot
.swstall delay_slot
	   452    0x00 0x00                                                                        NOPX
.delay_slot
.swstall delay_slot
	   454    0x00 0x00                                                                        NOPX
	   456    0x00 0x01 0xe0 0x09 0x00 0x00 0x1c 0x22                                                                                                                                    MOVX r30, #0;                                                         NOPV
.label TGT_F_ZL8run_bodyILi5ELi27EEvPKhS1_PKiS3_PiS4_iS4__464
	   464    0xd6 0xa3 0xb1 0x1f 0x92 0xe4                                                                                                                                              LSHL r26, r26, r17;           VINSERT.16 x1, x1, r29, r30
	   470    0x10 0xfd 0xa7 0x98                                                                                                                                                        EQ r30, r3, r26
	   474    0xf0 0x01 0x08 0x40 0x01 0x84                                                                                                                                              JNZ r30, #TGT_F_ZL8run_bodyILi5ELi27EEvPKhS1_PKiS3_PiS4_iS4__528
.delay_slot
	   480    0x1f 0x12 0x20 0xf8                                                                                                                                                                                      MOV r28, r4
.delay_slot
.swstall delay_slot
	   484    0x00 0x00                                                                        NOPX
.delay_slot
.swstall delay_slot
	   486    0x00 0x00                                                                        NOPX
.delay_slot
.swstall delay_slot
	   488    0x00 0x00                                                                        NOPX
.delay_slot
.swstall delay_slot
	   490    0x00 0x00                                                                        NOPX
	   492    0x13 0x75 0xa8 0x98                                                                                                                                                        NE r26, r13, r26
	   496    0xd0 0x01 0x08 0x40 0x01 0x84                                                                                                                                              JNZ r26, #TGT_F_ZL8run_bodyILi5ELi27EEvPKhS1_PKiS3_PiS4_iS4__528
.delay_slot
	   502    0x1f 0x1a 0x20 0xf8                                                                                                                                                                                      MOV r28, r20
.delay_slot
.swstall delay_slot
	   506    0x00 0x00                                                                        NOPX
.delay_slot
.swstall delay_slot
	   508    0x00 0x00                                                                        NOPX
.delay_slot
.swstall delay_slot
	   510    0x00 0x00                                                                        NOPX
.delay_slot
.swstall delay_slot
	   512    0x00 0x00                                                                        NOPX
	   514    0x00 0x2c 0xf0 0x00 0x20 0x38 0x01 0x00 0x34 0xaf 0x00 0x2b 0x60 0x7e            NOPA;                         NOPB;                         NOPS;                         MOVX r28, #0;                 NOPM
.label TGT_F_ZL8run_bodyILi5ELi27EEvPKhS1_PKiS3_PiS4_iS4__528
	   528    0x02 0x1f 0x4a 0x98                                                              LDA.u8 r26, [p2], #1
	   532    0x00 0x00                                                                        NOPX
	   534    0x00 0x00                                                                        NOPX
	   536    0x00 0x00                                                                        NOPX
	   538    0x00 0x00                                                                        NOPX
	   540    0x00 0x00                                                                        NOPX
	   542    0x00 0x00                                                                        NOPX
	   544    0x11 0xfd 0xa4 0x98                                                                                                                                                        AND r30, r7, r26
	   548    0x10 0xff 0xe7 0x98                                                                                                                                                        EQ r31, r3, r30
	   552    0xf8 0x01 0x30 0x40 0x01 0x84                                                                                                                                              JNZ r31, #TGT_F_ZL8run_bodyILi5ELi27EEvPKhS1_PKiS3_PiS4_iS4__608
.delay_slot
	   558    0x10 0x3a 0x0d 0x18                                                                                                                                                        MOVX r29, #3
.delay_slot
	   562    0x18 0x8f 0x89 0x78                                                                                                                                                                                      VINSERT.16 x1, x1, r29, r28
.delay_slot
.swstall delay_slot
	   566    0x00 0x00                                                                        NOPX
.delay_slot
.swstall delay_slot
	   568    0x00 0x00                                                                        NOPX
.delay_slot
	   570    0x1f 0x12 0x20 0xf8                                                                                                                                                                                      MOV r28, r4
	   574    0x13 0x7d 0xe8 0x98                                                                                                                                                        NE r30, r13, r30
	   578    0xf0 0x01 0x30 0x40 0x01 0x84                                                                                                                                              JNZ r30, #TGT_F_ZL8run_bodyILi5ELi27EEvPKhS1_PKiS3_PiS4_iS4__608
.delay_slot
	   584    0x1f 0x1a 0x20 0xf8                                                                                                                                                                                      MOV r28, r20
.delay_slot
.swstall delay_slot
	   588    0x00 0x00                                                                        NOPX
.delay_slot
.swstall delay_slot
	   590    0x00 0x00                                                                        NOPX
.delay_slot
.swstall delay_slot
	   592    0x00 0x00                                                                        NOPX
.delay_slot
.swstall delay_slot
	   594    0x00 0x00                                                                        NOPX
	   596    0x00 0x2c 0xf0 0x00 0x20 0x01 0xc0 0x08 0x00 0xad 0x81 0x36                      NOPA;                         NOPB;                         NOPS;                         MOVX r28, #0
.label TGT_F_ZL8run_bodyILi5ELi27EEvPKhS1_PKiS3_PiS4_iS4__608
	   608    0x16 0xbc 0x6d 0x98                                                                                                                                                        LSHL r30, r26, r6
	   612    0x11 0xfd 0xe4 0x98                                                                                                                                                        AND r30, r7, r30
	   616    0x10 0xff 0xe7 0x98                                                                                                                                                        EQ r31, r3, r30
	   620    0xf8 0x01 0x50 0x40 0x01 0x84                                                                                                                                              JNZ r31, #TGT_F_ZL8run_bodyILi5ELi27EEvPKhS1_PKiS3_PiS4_iS4__672
.delay_slot
	   626    0x10 0x3a 0x11 0x18                                                                                                                                                        MOVX r29, #4
.delay_slot
	   630    0x18 0x8f 0x89 0x78                                                                                                                                                                                      VINSERT.16 x1, x1, r29, r28
.delay_slot
.swstall delay_slot
	   634    0x00 0x00                                                                        NOPX
.delay_slot
.swstall delay_slot
	   636    0x00 0x00                                                                        NOPX
.delay_slot
	   638    0x1f 0x12 0x20 0xf8                                                                                                                                                                                      MOV r28, r4
	   642    0x13 0x7d 0xe8 0x98                                                                                                                                                        NE r30, r13, r30
	   646    0xf0 0x01 0x50 0x40 0x01 0x84                                                                                                                                              JNZ r30, #TGT_F_ZL8run_bodyILi5ELi27EEvPKhS1_PKiS3_PiS4_iS4__672
.delay_slot
	   652    0x1f 0x1a 0x20 0xf8                                                                                                                                                                                      MOV r28, r20
.delay_slot
.swstall delay_slot
	   656    0x00 0x00                                                                        NOPX
.delay_slot
.swstall delay_slot
	   658    0x00 0x00                                                                        NOPX
.delay_slot
.swstall delay_slot
	   660    0x00 0x00                                                                        NOPX
.delay_slot
.swstall delay_slot
	   662    0x00 0x00                                                                        NOPX
	   664    0x00 0x01 0xc0 0x09 0x00 0x00 0x1c 0x22                                                                                                                                    MOVX r28, #0;                                                         NOPV
.label TGT_F_ZL8run_bodyILi5ELi27EEvPKhS1_PKiS3_PiS4_iS4__672
	   672    0xd7 0x8b 0xbe 0xa3 0x81 0xe4                                                                                                                                              LSHL r30, r26, r5;            MOV r29, s0
	   678    0x3f 0x3c 0x91 0x1f 0x12 0xe4                                                                                                                                              AND r28, r7, r30;             VINSERT.16 x1, x1, r29, r28
	   684    0x1f 0xf8 0xff 0x24 0x41 0xe4                                                                                                                                              EQ r31, r3, r28;              MOV r30, r4
	   690    0xf8 0x01 0x70 0x40 0x01 0x84                                                                                                                                              JNZ r31, #TGT_F_ZL8run_bodyILi5ELi27EEvPKhS1_PKiS3_PiS4_iS4__736
.delay_slot
	   696    0x10 0x3a 0x19 0x18                                                                                                                                                        MOVX r29, #6
.delay_slot
.swstall delay_slot
	   700    0x00 0x00                                                                        NOPX
.delay_slot
.swstall delay_slot
	   702    0x00 0x00                                                                        NOPX
.delay_slot
.swstall delay_slot
	   704    0x00 0x00                                                                        NOPX
.delay_slot
.swstall delay_slot
	   706    0x00 0x00                                                                        NOPX
	   708    0x13 0x79 0xc8 0x98                                                                                                                                                        NE r28, r13, r28
	   712    0xe0 0x01 0x70 0x40 0x01 0x84                                                                                                                                              JNZ r28, #TGT_F_ZL8run_bodyILi5ELi27EEvPKhS1_PKiS3_PiS4_iS4__736
.delay_slot
	   718    0x1f 0x9a 0x20 0xf8                                                                                                                                                                                      MOV r30, r20
.delay_slot
.swstall delay_slot
	   722    0x00 0x00                                                                        NOPX
.delay_slot
.swstall delay_slot
	   724    0x00 0x00                                                                        NOPX
.delay_slot
.swstall delay_slot
	   726    0x00 0x00                                                                        NOPX
.delay_slot
.swstall delay_slot
	   728    0x00 0x00                                                                        NOPX
	   730    0x00 0x2c 0xf0 0x78 0x02 0x2c                                                    NOPA;                                                                                     MOVX r30, #0
.label TGT_F_ZL8run_bodyILi5ELi27EEvPKhS1_PKiS3_PiS4_iS4__736
	   736    0xd6 0xa3 0xb1 0x1f 0x92 0xe4                                                                                                                                              LSHL r26, r26, r17;           VINSERT.16 x1, x1, r29, r30
	   742    0x10 0xfd 0xa7 0x98                                                                                                                                                        EQ r30, r3, r26
	   746    0xf0 0x01 0x90 0x40 0x01 0x84                                                                                                                                              JNZ r30, #TGT_F_ZL8run_bodyILi5ELi27EEvPKhS1_PKiS3_PiS4_iS4__800
.delay_slot
	   752    0x1f 0x12 0x20 0xf8                                                                                                                                                                                      MOV r28, r4
.delay_slot
.swstall delay_slot
	   756    0x00 0x00                                                                        NOPX
.delay_slot
.swstall delay_slot
	   758    0x00 0x00                                                                        NOPX
.delay_slot
.swstall delay_slot
	   760    0x00 0x00                                                                        NOPX
.delay_slot
.swstall delay_slot
	   762    0x00 0x00                                                                        NOPX
	   764    0x13 0x75 0xa8 0x98                                                                                                                                                        NE r26, r13, r26
	   768    0xd0 0x01 0x90 0x40 0x01 0x84                                                                                                                                              JNZ r26, #TGT_F_ZL8run_bodyILi5ELi27EEvPKhS1_PKiS3_PiS4_iS4__800
.delay_slot
	   774    0x1f 0x1a 0x20 0xf8                                                                                                                                                                                      MOV r28, r20
.delay_slot
.swstall delay_slot
	   778    0x00 0x00                                                                        NOPX
.delay_slot
.swstall delay_slot
	   780    0x00 0x00                                                                        NOPX
.delay_slot
.swstall delay_slot
	   782    0x00 0x00                                                                        NOPX
.delay_slot
.swstall delay_slot
	   784    0x00 0x00                                                                        NOPX
	   786    0x00 0x2c 0xf0 0x00 0x20 0x38 0x01 0x00 0x34 0xaf 0x00 0x2b 0x60 0x7e            NOPA;                         NOPB;                         NOPS;                         MOVX r28, #0;                 NOPM
.label TGT_F_ZL8run_bodyILi5ELi27EEvPKhS1_PKiS3_PiS4_iS4__800
	   800    0x02 0x1f 0x4a 0x98                                                              LDA.u8 r26, [p2], #1
	   804    0x00 0x00                                                                        NOPX
	   806    0x00 0x00                                                                        NOPX
	   808    0x00 0x00                                                                        NOPX
	   810    0x00 0x00                                                                        NOPX
	   812    0x00 0x00                                                                        NOPX
	   814    0x00 0x00                                                                        NOPX
	   816    0x11 0xfd 0xa4 0x98                                                                                                                                                        AND r30, r7, r26
	   820    0x10 0xff 0xe7 0x98                                                                                                                                                        EQ r31, r3, r30
	   824    0xf8 0x01 0xb8 0x40 0x01 0x84                                                                                                                                              JNZ r31, #TGT_F_ZL8run_bodyILi5ELi27EEvPKhS1_PKiS3_PiS4_iS4__880
.delay_slot
	   830    0x10 0x3a 0x1d 0x18                                                                                                                                                        MOVX r29, #7
.delay_slot
	   834    0x18 0x8f 0x89 0x78                                                                                                                                                                                      VINSERT.16 x1, x1, r29, r28
.delay_slot
.swstall delay_slot
	   838    0x00 0x00                                                                        NOPX
.delay_slot
.swstall delay_slot
	   840    0x00 0x00                                                                        NOPX
.delay_slot
	   842    0x1f 0x12 0x20 0xf8                                                                                                                                                                                      MOV r28, r4
	   846    0x13 0x7d 0xe8 0x98                                                                                                                                                        NE r30, r13, r30
	   850    0xf0 0x01 0xb8 0x40 0x01 0x84                                                                                                                                              JNZ r30, #TGT_F_ZL8run_bodyILi5ELi27EEvPKhS1_PKiS3_PiS4_iS4__880
.delay_slot
	   856    0x1f 0x1a 0x20 0xf8                                                                                                                                                                                      MOV r28, r20
.delay_slot
.swstall delay_slot
	   860    0x00 0x00                                                                        NOPX
.delay_slot
.swstall delay_slot
	   862    0x00 0x00                                                                        NOPX
.delay_slot
.swstall delay_slot
	   864    0x00 0x00                                                                        NOPX
.delay_slot
.swstall delay_slot
	   866    0x00 0x00                                                                        NOPX
	   868    0x00 0x2c 0xf0 0x00 0x20 0x01 0xc0 0x08 0x00 0xad 0x81 0x36                      NOPA;                         NOPB;                         NOPS;                         MOVX r28, #0
.label TGT_F_ZL8run_bodyILi5ELi27EEvPKhS1_PKiS3_PiS4_iS4__880
	   880    0x16 0xbc 0x6d 0x98                                                                                                                                                        LSHL r30, r26, r6
	   884    0x11 0xfd 0xe4 0x98                                                                                                                                                        AND r30, r7, r30
	   888    0x10 0xff 0xe7 0x98                                                                                                                                                        EQ r31, r3, r30
	   892    0xf8 0x01 0xd8 0x40 0x01 0x84                                                                                                                                              JNZ r31, #TGT_F_ZL8run_bodyILi5ELi27EEvPKhS1_PKiS3_PiS4_iS4__944
.delay_slot
	   898    0x10 0x3a 0x21 0x18                                                                                                                                                        MOVX r29, #8
.delay_slot
	   902    0x18 0x8f 0x89 0x78                                                                                                                                                                                      VINSERT.16 x1, x1, r29, r28
.delay_slot
.swstall delay_slot
	   906    0x00 0x00                                                                        NOPX
.delay_slot
.swstall delay_slot
	   908    0x00 0x00                                                                        NOPX
.delay_slot
	   910    0x1f 0x12 0x20 0xf8                                                                                                                                                                                      MOV r28, r4
	   914    0x13 0x7d 0xe8 0x98                                                                                                                                                        NE r30, r13, r30
	   918    0xf0 0x01 0xd8 0x40 0x01 0x84                                                                                                                                              JNZ r30, #TGT_F_ZL8run_bodyILi5ELi27EEvPKhS1_PKiS3_PiS4_iS4__944
.delay_slot
	   924    0x1f 0x1a 0x20 0xf8                                                                                                                                                                                      MOV r28, r20
.delay_slot
.swstall delay_slot
	   928    0x00 0x00                                                                        NOPX
.delay_slot
.swstall delay_slot
	   930    0x00 0x00                                                                        NOPX
.delay_slot
.swstall delay_slot
	   932    0x00 0x00                                                                        NOPX
.delay_slot
.swstall delay_slot
	   934    0x00 0x00                                                                        NOPX
	   936    0x00 0x01 0xc0 0x09 0x00 0x00 0x1c 0x22                                                                                                                                    MOVX r28, #0;                                                         NOPV
.label TGT_F_ZL8run_bodyILi5ELi27EEvPKhS1_PKiS3_PiS4_iS4__944
	   944    0x01 0x3d 0x00 0x35 0xe2 0xef 0xe9 0x10 0x78 0xba                                MOVA r29, #9;                                                                             LSHL r30, r26, r5;            MOV r31, r4
	   954    0x3f 0xbc 0x91 0x1f 0x12 0xe4                                                                                                                                              AND r30, r7, r30;             VINSERT.16 x1, x1, r29, r28
	   960    0x10 0xf9 0xe7 0x98                                                                                                                                                        EQ r28, r3, r30
	   964    0xe0 0x01 0xf8 0x40 0x01 0x84                                                                                                                                              JNZ r28, #TGT_F_ZL8run_bodyILi5ELi27EEvPKhS1_PKiS3_PiS4_iS4__1008
.delay_slot
	   970    0x10 0x3a 0x29 0x18                                                                                                                                                        MOVX r29, #10
.delay_slot
.swstall delay_slot
	   974    0x00 0x00                                                                        NOPX
.delay_slot
.swstall delay_slot
	   976    0x00 0x00                                                                        NOPX
.delay_slot
.swstall delay_slot
	   978    0x00 0x00                                                                        NOPX
.delay_slot
.swstall delay_slot
	   980    0x00 0x00                                                                        NOPX
	   982    0x13 0x79 0xe8 0x98                                                                                                                                                        NE r28, r13, r30
	   986    0xe0 0x01 0xf8 0x40 0x01 0x84                                                                                                                                              JNZ r28, #TGT_F_ZL8run_bodyILi5ELi27EEvPKhS1_PKiS3_PiS4_iS4__1008
.delay_slot
	   992    0x1f 0xda 0x20 0xf8                                                                                                                                                                                      MOV r31, r20
.delay_slot
.swstall delay_slot
	   996    0x00 0x00                                                                        NOPX
.delay_slot
.swstall delay_slot
	   998    0x00 0x00                                                                        NOPX
.delay_slot
.swstall delay_slot
	  1000    0x00 0x00                                                                        NOPX
.delay_slot
.swstall delay_slot
	  1002    0x00 0x00                                                                        NOPX
	  1004    0x10 0x3e 0x01 0x18                                                                                                                                                        MOVX r31, #0
.label TGT_F_ZL8run_bodyILi5ELi27EEvPKhS1_PKiS3_PiS4_iS4__1008
	  1008    0x16 0xb5 0x1d 0x98                                                                                                                                                        LSHL r26, r26, r17
	  1012    0x10 0xfd 0xa7 0x98                                                                                                                                                        EQ r30, r3, r26
	  1016    0xf0 0x02 0x18 0x40 0x01 0x84                                                                                                                                              JNZ r30, #TGT_F_ZL8run_bodyILi5ELi27EEvPKhS1_PKiS3_PiS4_iS4__1072
.delay_slot
	  1022    0x18 0x8f 0xe9 0x78                                                                                                                                                                                      VINSERT.16 x1, x1, r29, r31
.delay_slot
.swstall delay_slot
	  1026    0x00 0x00                                                                        NOPX
.delay_slot
.swstall delay_slot
	  1028    0x00 0x00                                                                        NOPX
.delay_slot
.swstall delay_slot
	  1030    0x00 0x00                                                                        NOPX
.delay_slot
	  1032    0x1f 0x12 0x20 0xf8                                                                                                                                                                                      MOV r28, r4
	  1036    0x13 0x75 0xa8 0x98                                                                                                                                                        NE r26, r13, r26
	  1040    0xd0 0x02 0x18 0x40 0x01 0x84                                                                                                                                              JNZ r26, #TGT_F_ZL8run_bodyILi5ELi27EEvPKhS1_PKiS3_PiS4_iS4__1072
.delay_slot
	  1046    0x1f 0x1a 0x20 0xf8                                                                                                                                                                                      MOV r28, r20
.delay_slot
.swstall delay_slot
	  1050    0x00 0x00                                                                        NOPX
.delay_slot
.swstall delay_slot
	  1052    0x00 0x00                                                                        NOPX
.delay_slot
.swstall delay_slot
	  1054    0x00 0x00                                                                        NOPX
.delay_slot
.swstall delay_slot
	  1056    0x00 0x00                                                                        NOPX
	  1058    0x00 0x2c 0xf0 0x00 0x20 0x38 0x01 0x00 0x34 0xaf 0x00 0x2b 0x60 0x7e            NOPA;                         NOPB;                         NOPS;                         MOVX r28, #0;                 NOPM
.label TGT_F_ZL8run_bodyILi5ELi27EEvPKhS1_PKiS3_PiS4_iS4__1072
	  1072    0x02 0x1f 0x4a 0x98                                                              LDA.u8 r26, [p2], #1
	  1076    0x00 0x00                                                                        NOPX
	  1078    0x00 0x00                                                                        NOPX
	  1080    0x00 0x00                                                                        NOPX
	  1082    0x00 0x00                                                                        NOPX
	  1084    0x00 0x00                                                                        NOPX
	  1086    0x00 0x00                                                                        NOPX
	  1088    0x11 0xfd 0xa4 0x98                                                                                                                                                        AND r30, r7, r26
	  1092    0x10 0xff 0xe7 0x98                                                                                                                                                        EQ r31, r3, r30
	  1096    0xf8 0x02 0x40 0x40 0x01 0x84                                                                                                                                              JNZ r31, #TGT_F_ZL8run_bodyILi5ELi27EEvPKhS1_PKiS3_PiS4_iS4__1152
.delay_slot
	  1102    0x10 0x3a 0x2d 0x18                                                                                                                                                        MOVX r29, #11
.delay_slot
	  1106    0x18 0x8f 0x89 0x78                                                                                                                                                                                      VINSERT.16 x1, x1, r29, r28
.delay_slot
.swstall delay_slot
	  1110    0x00 0x00                                                                        NOPX
.delay_slot
.swstall delay_slot
	  1112    0x00 0x00                                                                        NOPX
.delay_slot
	  1114    0x1f 0x12 0x20 0xf8                                                                                                                                                                                      MOV r28, r4
	  1118    0x13 0x7d 0xe8 0x98                                                                                                                                                        NE r30, r13, r30
	  1122    0xf0 0x02 0x40 0x40 0x01 0x84                                                                                                                                              JNZ r30, #TGT_F_ZL8run_bodyILi5ELi27EEvPKhS1_PKiS3_PiS4_iS4__1152
.delay_slot
	  1128    0x1f 0x1a 0x20 0xf8                                                                                                                                                                                      MOV r28, r20
.delay_slot
.swstall delay_slot
	  1132    0x00 0x00                                                                        NOPX
.delay_slot
.swstall delay_slot
	  1134    0x00 0x00                                                                        NOPX
.delay_slot
.swstall delay_slot
	  1136    0x00 0x00                                                                        NOPX
.delay_slot
.swstall delay_slot
	  1138    0x00 0x00                                                                        NOPX
	  1140    0x00 0x2c 0xf0 0x00 0x20 0x01 0xc0 0x08 0x00 0xad 0x81 0x36                      NOPA;                         NOPB;                         NOPS;                         MOVX r28, #0
.label TGT_F_ZL8run_bodyILi5ELi27EEvPKhS1_PKiS3_PiS4_iS4__1152
	  1152    0xd7 0x8d 0xbe 0xa0 0x31 0x64                                                                                                                                              LSHL r30, r26, r6;            MOV r29, #12
	  1158    0x3f 0xbc 0x91 0x1f 0x12 0xe4                                                                                                                                              AND r30, r7, r30;             VINSERT.16 x1, x1, r29, r28
	  1164    0x10 0xf9 0xe7 0x98                                                                                                                                                        EQ r28, r3, r30
	  1168    0xe0 0x02 0x60 0x40 0x01 0x84                                                                                                                                              JNZ r28, #TGT_F_ZL8run_bodyILi5ELi27EEvPKhS1_PKiS3_PiS4_iS4__1216
.delay_slot
	  1174    0x1f 0xd2 0x20 0xf8                                                                                                                                                                                      MOV r31, r4
.delay_slot
.swstall delay_slot
	  1178    0x00 0x00                                                                        NOPX
.delay_slot
.swstall delay_slot
	  1180    0x00 0x00                                                                        NOPX
.delay_slot
.swstall delay_slot
	  1182    0x00 0x00                                                                        NOPX
.delay_slot
.swstall delay_slot
	  1184    0x00 0x00                                                                        NOPX
	  1186    0x13 0x79 0xe8 0x98                                                                                                                                                        NE r28, r13, r30
	  1190    0xe0 0x02 0x60 0x40 0x01 0x84                                                                                                                                              JNZ r28, #TGT_F_ZL8run_bodyILi5ELi27EEvPKhS1_PKiS3_PiS4_iS4__1216
.delay_slot
	  1196    0x1f 0xda 0x20 0xf8                                                                                                                                                                                      MOV r31, r20
.delay_slot
.swstall delay_slot
	  1200    0x00 0x00                                                                        NOPX
.delay_slot
.swstall delay_slot
	  1202    0x00 0x00                                                                        NOPX
.delay_slot
.swstall delay_slot
	  1204    0x00 0x00                                                                        NOPX
.delay_slot
.swstall delay_slot
	  1206    0x00 0x00                                                                        NOPX
	  1208    0x00 0x01 0xf0 0x09 0x00 0x00 0x1c 0x22                                                                                                                                    MOVX r31, #0;                                                         NOPV
.label TGT_F_ZL8run_bodyILi5ELi27EEvPKhS1_PKiS3_PiS4_iS4__1216
	  1216    0x01 0xbd 0x00 0x35 0xc2 0xef 0xc9 0x10 0x78 0xba                                MOVA r29, #13;                                                                            LSHL r28, r26, r5;            MOV r30, r4
	  1226    0x3f 0x38 0x91 0x1f 0xd2 0xe4                                                                                                                                              AND r28, r7, r28;             VINSERT.16 x1, x1, r29, r31
	  1232    0x10 0xff 0xc7 0x98                                                                                                                                                        EQ r31, r3, r28
	  1236    0xf8 0x02 0x80 0x40 0x01 0x84                                                                                                                                              JNZ r31, #TGT_F_ZL8run_bodyILi5ELi27EEvPKhS1_PKiS3_PiS4_iS4__1280
.delay_slot
	  1242    0x10 0x3a 0x39 0x18                                                                                                                                                        MOVX r29, #14
.delay_slot
.swstall delay_slot
	  1246    0x00 0x00                                                                        NOPX
.delay_slot
.swstall delay_slot
	  1248    0x00 0x00                                                                        NOPX
.delay_slot
.swstall delay_slot
	  1250    0x00 0x00                                                                        NOPX
.delay_slot
.swstall delay_slot
	  1252    0x00 0x00                                                                        NOPX
	  1254    0x13 0x79 0xc8 0x98                                                                                                                                                        NE r28, r13, r28
	  1258    0xe0 0x02 0x80 0x40 0x01 0x84                                                                                                                                              JNZ r28, #TGT_F_ZL8run_bodyILi5ELi27EEvPKhS1_PKiS3_PiS4_iS4__1280
.delay_slot
	  1264    0x1f 0x9a 0x20 0xf8                                                                                                                                                                                      MOV r30, r20
.delay_slot
.swstall delay_slot
	  1268    0x00 0x00                                                                        NOPX
.delay_slot
.swstall delay_slot
	  1270    0x00 0x00                                                                        NOPX
.delay_slot
.swstall delay_slot
	  1272    0x00 0x00                                                                        NOPX
.delay_slot
.swstall delay_slot
	  1274    0x00 0x00                                                                        NOPX
	  1276    0x10 0x3c 0x01 0x18                                                                                                                                                        MOVX r30, #0
.label TGT_F_ZL8run_bodyILi5ELi27EEvPKhS1_PKiS3_PiS4_iS4__1280
	  1280    0xd6 0xa3 0xb1 0x1f 0x92 0xe4                                                                                                                                              LSHL r26, r26, r17;           VINSERT.16 x1, x1, r29, r30
	  1286    0x10 0xfd 0xa7 0x98                                                                                                                                                        EQ r30, r3, r26
	  1290    0xf0 0x02 0xa0 0x40 0x01 0x84                                                                                                                                              JNZ r30, #TGT_F_ZL8run_bodyILi5ELi27EEvPKhS1_PKiS3_PiS4_iS4__1344
.delay_slot
	  1296    0x1f 0x12 0x20 0xf8                                                                                                                                                                                      MOV r28, r4
.delay_slot
.swstall delay_slot
	  1300    0x00 0x00                                                                        NOPX
.delay_slot
.swstall delay_slot
	  1302    0x00 0x00                                                                        NOPX
.delay_slot
.swstall delay_slot
	  1304    0x00 0x00                                                                        NOPX
.delay_slot
.swstall delay_slot
	  1306    0x00 0x00                                                                        NOPX
	  1308    0x13 0x75 0xa8 0x98                                                                                                                                                        NE r26, r13, r26
	  1312    0xd0 0x02 0xa0 0x40 0x01 0x84                                                                                                                                              JNZ r26, #TGT_F_ZL8run_bodyILi5ELi27EEvPKhS1_PKiS3_PiS4_iS4__1344
.delay_slot
	  1318    0x1f 0x1a 0x20 0xf8                                                                                                                                                                                      MOV r28, r20
.delay_slot
.swstall delay_slot
	  1322    0x00 0x00                                                                        NOPX
.delay_slot
.swstall delay_slot
	  1324    0x00 0x00                                                                        NOPX
.delay_slot
.swstall delay_slot
	  1326    0x00 0x00                                                                        NOPX
.delay_slot
.swstall delay_slot
	  1328    0x00 0x00                                                                        NOPX
	  1330    0x00 0x2c 0xf0 0x00 0x20 0x38 0x01 0x00 0x34 0xaf 0x00 0x2b 0x60 0x7e            NOPA;                         NOPB;                         NOPS;                         MOVX r28, #0;                 NOPM
.label TGT_F_ZL8run_bodyILi5ELi27EEvPKhS1_PKiS3_PiS4_iS4__1344
	  1344    0x43 0xe9 0x50 0x74 0x7a 0x2c                                                    LDA.u8 r26, [p2], #1;                                                                     MOVX r29, #15
	  1350    0x18 0x8f 0x89 0x78                                                                                                                                                                                      VINSERT.16 x1, x1, r29, r28
	  1354    0x00 0x00                                                                        NOPX
	  1356    0x00 0x00                                                                        NOPX
	  1358    0x00 0x00                                                                        NOPX
	  1360    0x00 0x00                                                                        NOPX
	  1362    0x00 0x00                                                                        NOPX
	  1364    0x11 0xf9 0xa4 0x98                                                                                                                                                        AND r28, r7, r26
	  1368    0x10 0xff 0xc7 0x98                                                                                                                                                        EQ r31, r3, r28
	  1372    0xf8 0x02 0xc8 0x40 0x01 0x84                                                                                                                                              JNZ r31, #TGT_F_ZL8run_bodyILi5ELi27EEvPKhS1_PKiS3_PiS4_iS4__1424
.delay_slot
	  1378    0x1f 0x92 0x20 0xf8                                                                                                                                                                                      MOV r30, r4
.delay_slot
.swstall delay_slot
	  1382    0x00 0x00                                                                        NOPX
.delay_slot
.swstall delay_slot
	  1384    0x00 0x00                                                                        NOPX
.delay_slot
.swstall delay_slot
	  1386    0x00 0x00                                                                        NOPX
.delay_slot
.swstall delay_slot
	  1388    0x00 0x00                                                                        NOPX
	  1390    0x13 0x79 0xc8 0x98                                                                                                                                                        NE r28, r13, r28
	  1394    0xe0 0x02 0xc8 0x40 0x01 0x84                                                                                                                                              JNZ r28, #TGT_F_ZL8run_bodyILi5ELi27EEvPKhS1_PKiS3_PiS4_iS4__1424
.delay_slot
	  1400    0x1f 0x9a 0x20 0xf8                                                                                                                                                                                      MOV r30, r20
.delay_slot
.swstall delay_slot
	  1404    0x00 0x00                                                                        NOPX
.delay_slot
.swstall delay_slot
	  1406    0x00 0x00                                                                        NOPX
.delay_slot
.swstall delay_slot
	  1408    0x00 0x00                                                                        NOPX
.delay_slot
.swstall delay_slot
	  1410    0x00 0x00                                                                        NOPX
	  1412    0x00 0x2c 0xf0 0x00 0x20 0x01 0xe0 0x08 0x00 0xad 0x81 0x36                      NOPA;                         NOPB;                         NOPS;                         MOVX r30, #0
.label TGT_F_ZL8run_bodyILi5ELi27EEvPKhS1_PKiS3_PiS4_iS4__1424
	  1424    0x16 0xb8 0x6d 0x98                                                                                                                                                        LSHL r28, r26, r6
	  1428    0x11 0xf9 0xc4 0x98                                                                                                                                                        AND r28, r7, r28
	  1432    0x10 0xff 0xc7 0x98                                                                                                                                                        EQ r31, r3, r28
	  1436    0xf8 0x02 0xe8 0x40 0x01 0x84                                                                                                                                              JNZ r31, #TGT_F_ZL8run_bodyILi5ELi27EEvPKhS1_PKiS3_PiS4_iS4__1488
.delay_slot
.swstall delay_slot
	  1442    0x00 0x00                                                                        NOPX
.delay_slot
.swstall delay_slot
	  1444    0x00 0x00                                                                        NOPX
.delay_slot
	  1446    0x10 0x3a 0x41 0x18                                                                                                                                                        MOVX r29, #16
.delay_slot
	  1450    0x18 0x8f 0xc9 0x78                                                                                                                                                                                      VINSERT.16 x1, x1, r29, r30
.delay_slot
	  1454    0x1f 0x92 0x20 0xf8                                                                                                                                                                                      MOV r30, r4
	  1458    0x13 0x79 0xc8 0x98                                                                                                                                                        NE r28, r13, r28
	  1462    0xe0 0x02 0xe8 0x40 0x01 0x84                                                                                                                                              JNZ r28, #TGT_F_ZL8run_bodyILi5ELi27EEvPKhS1_PKiS3_PiS4_iS4__1488
.delay_slot
	  1468    0x1f 0x9a 0x20 0xf8                                                                                                                                                                                      MOV r30, r20
.delay_slot
.swstall delay_slot
	  1472    0x00 0x00                                                                        NOPX
.delay_slot
.swstall delay_slot
	  1474    0x00 0x00                                                                        NOPX
.delay_slot
.swstall delay_slot
	  1476    0x00 0x00                                                                        NOPX
.delay_slot
.swstall delay_slot
	  1478    0x00 0x00                                                                        NOPX
	  1480    0x00 0x01 0xe0 0x09 0x00 0x00 0x1c 0x22                                                                                                                                    MOVX r30, #0;                                                         NOPV
.label TGT_F_ZL8run_bodyILi5ELi27EEvPKhS1_PKiS3_PiS4_iS4__1488
	  1488    0x16 0xb8 0x5d 0x98                                                                                                                                                        LSHL r28, r26, r5
	  1492    0x11 0xf9 0xc4 0x98                                                                                                                                                        AND r28, r7, r28
	  1496    0x10 0xff 0xc7 0x98                                                                                                                                                        EQ r31, r3, r28
	  1500    0xf8 0x03 0x08 0x40 0x01 0x84                                                                                                                                              JNZ r31, #TGT_F_ZL8run_bodyILi5ELi27EEvPKhS1_PKiS3_PiS4_iS4__1552
.delay_slot
	  1506    0x10 0x3a 0x45 0x18                                                                                                                                                        MOVX r29, #17
.delay_slot
	  1510    0x18 0x8f 0xc9 0x78                                                                                                                                                                                      VINSERT.16 x1, x1, r29, r30
.delay_slot
.swstall delay_slot
	  1514    0x00 0x00                                                                        NOPX
.delay_slot
.swstall delay_slot
	  1516    0x00 0x00                                                                        NOPX
.delay_slot
	  1518    0x07 0x49 0x2f 0x24 0x41 0xe4                                                                                                                                              MOVX r29, #18;                MOV r30, r4
	  1524    0x13 0x79 0xc8 0x98                                                                                                                                                        NE r28, r13, r28
	  1528    0xe0 0x03 0x08 0x40 0x01 0x84                                                                                                                                              JNZ r28, #TGT_F_ZL8run_bodyILi5ELi27EEvPKhS1_PKiS3_PiS4_iS4__1552
.delay_slot
	  1534    0x1f 0x9a 0x20 0xf8                                                                                                                                                                                      MOV r30, r20
.delay_slot
.swstall delay_slot
	  1538    0x00 0x00                                                                        NOPX
.delay_slot
.swstall delay_slot
	  1540    0x00 0x00                                                                        NOPX
.delay_slot
.swstall delay_slot
	  1542    0x00 0x00                                                                        NOPX
.delay_slot
.swstall delay_slot
	  1544    0x00 0x00                                                                        NOPX
	  1546    0x00 0x2c 0xf0 0x78 0x02 0x2c                                                    NOPA;                                                                                     MOVX r30, #0
.label TGT_F_ZL8run_bodyILi5ELi27EEvPKhS1_PKiS3_PiS4_iS4__1552
	  1552    0xd6 0xa3 0xb1 0x1f 0x92 0xe4                                                                                                                                              LSHL r26, r26, r17;           VINSERT.16 x1, x1, r29, r30
	  1558    0x10 0xfd 0xa7 0x98                                                                                                                                                        EQ r30, r3, r26
	  1562    0xf0 0x03 0x28 0x40 0x01 0x84                                                                                                                                              JNZ r30, #TGT_F_ZL8run_bodyILi5ELi27EEvPKhS1_PKiS3_PiS4_iS4__1616
.delay_slot
	  1568    0x1f 0x12 0x20 0xf8                                                                                                                                                                                      MOV r28, r4
.delay_slot
.swstall delay_slot
	  1572    0x00 0x00                                                                        NOPX
.delay_slot
.swstall delay_slot
	  1574    0x00 0x00                                                                        NOPX
.delay_slot
.swstall delay_slot
	  1576    0x00 0x00                                                                        NOPX
.delay_slot
.swstall delay_slot
	  1578    0x00 0x00                                                                        NOPX
	  1580    0x13 0x75 0xa8 0x98                                                                                                                                                        NE r26, r13, r26
	  1584    0xd0 0x03 0x28 0x40 0x01 0x84                                                                                                                                              JNZ r26, #TGT_F_ZL8run_bodyILi5ELi27EEvPKhS1_PKiS3_PiS4_iS4__1616
.delay_slot
	  1590    0x1f 0x1a 0x20 0xf8                                                                                                                                                                                      MOV r28, r20
.delay_slot
.swstall delay_slot
	  1594    0x00 0x00                                                                        NOPX
.delay_slot
.swstall delay_slot
	  1596    0x00 0x00                                                                        NOPX
.delay_slot
.swstall delay_slot
	  1598    0x00 0x00                                                                        NOPX
.delay_slot
.swstall delay_slot
	  1600    0x00 0x00                                                                        NOPX
	  1602    0x00 0x2c 0xf0 0x00 0x20 0x38 0x01 0x00 0x34 0xaf 0x00 0x2b 0x60 0x7e            NOPA;                         NOPB;                         NOPS;                         MOVX r28, #0;                 NOPM
.label TGT_F_ZL8run_bodyILi5ELi27EEvPKhS1_PKiS3_PiS4_iS4__1616
	  1616    0x43 0xe9 0x50 0x01 0xd2 0x68 0x32 0x60 0x78 0xba                                LDA.u8 r26, [p2], #1;                                                                     MOVX r29, #19;                MOV p0, p2
	  1626    0x18 0x8f 0x89 0x78                                                                                                                                                                                      VINSERT.16 x1, x1, r29, r28
	  1630    0x00 0x00                                                                        NOPX
	  1632    0x00 0x00                                                                        NOPX
	  1634    0x00 0x00                                                                        NOPX
	  1636    0x00 0x00                                                                        NOPX
	  1638    0x00 0x00                                                                        NOPX
	  1640    0x11 0xf9 0xa4 0x98                                                                                                                                                        AND r28, r7, r26
	  1644    0x10 0xff 0xc7 0x98                                                                                                                                                        EQ r31, r3, r28
	  1648    0xf8 0x03 0x50 0x40 0x01 0x84                                                                                                                                              JNZ r31, #TGT_F_ZL8run_bodyILi5ELi27EEvPKhS1_PKiS3_PiS4_iS4__1696
.delay_slot
	  1654    0x1f 0x92 0x20 0xf8                                                                                                                                                                                      MOV r30, r4
.delay_slot
.swstall delay_slot
	  1658    0x00 0x00                                                                        NOPX
.delay_slot
.swstall delay_slot
	  1660    0x00 0x00                                                                        NOPX
.delay_slot
.swstall delay_slot
	  1662    0x00 0x00                                                                        NOPX
.delay_slot
.swstall delay_slot
	  1664    0x00 0x00                                                                        NOPX
	  1666    0x13 0x79 0xc8 0x98                                                                                                                                                        NE r28, r13, r28
	  1670    0xe0 0x03 0x50 0x40 0x01 0x84                                                                                                                                              JNZ r28, #TGT_F_ZL8run_bodyILi5ELi27EEvPKhS1_PKiS3_PiS4_iS4__1696
.delay_slot
	  1676    0x1f 0x9a 0x20 0xf8                                                                                                                                                                                      MOV r30, r20
.delay_slot
.swstall delay_slot
	  1680    0x00 0x00                                                                        NOPX
.delay_slot
.swstall delay_slot
	  1682    0x00 0x00                                                                        NOPX
.delay_slot
.swstall delay_slot
	  1684    0x00 0x00                                                                        NOPX
.delay_slot
.swstall delay_slot
	  1686    0x00 0x00                                                                        NOPX
	  1688    0x00 0x01 0xe0 0x09 0x00 0x00 0x1c 0x22                                                                                                                                    MOVX r30, #0;                                                         NOPV
.label TGT_F_ZL8run_bodyILi5ELi27EEvPKhS1_PKiS3_PiS4_iS4__1696
	  1696    0x16 0xb8 0x6d 0x98                                                                                                                                                        LSHL r28, r26, r6
	  1700    0x11 0xf9 0xc4 0x98                                                                                                                                                        AND r28, r7, r28
	  1704    0x10 0xff 0xc7 0x98                                                                                                                                                        EQ r31, r3, r28
	  1708    0xf8 0x03 0x70 0x40 0x01 0x84                                                                                                                                              JNZ r31, #TGT_F_ZL8run_bodyILi5ELi27EEvPKhS1_PKiS3_PiS4_iS4__1760
.delay_slot
.swstall delay_slot
	  1714    0x00 0x00                                                                        NOPX
.delay_slot
.swstall delay_slot
	  1716    0x00 0x00                                                                        NOPX
.delay_slot
	  1718    0x1f 0x55 0xc0 0xf8                                                                                                                                                                                      MOV r29, s1
.delay_slot
	  1722    0x18 0x8f 0xc9 0x78                                                                                                                                                                                      VINSERT.16 x1, x1, r29, r30
.delay_slot
	  1726    0x1f 0x92 0x20 0xf8                                                                                                                                                                                      MOV r30, r4
	  1730    0x13 0x79 0xc8 0x98                                                                                                                                                        NE r28, r13, r28
	  1734    0xe0 0x03 0x70 0x40 0x01 0x84                                                                                                                                              JNZ r28, #TGT_F_ZL8run_bodyILi5ELi27EEvPKhS1_PKiS3_PiS4_iS4__1760
.delay_slot
	  1740    0x1f 0x9a 0x20 0xf8                                                                                                                                                                                      MOV r30, r20
.delay_slot
.swstall delay_slot
	  1744    0x00 0x00                                                                        NOPX
.delay_slot
.swstall delay_slot
	  1746    0x00 0x00                                                                        NOPX
.delay_slot
.swstall delay_slot
	  1748    0x00 0x00                                                                        NOPX
.delay_slot
.swstall delay_slot
	  1750    0x00 0x00                                                                        NOPX
	  1752    0x00 0x01 0xe0 0x09 0x00 0x00 0x1c 0x22                                                                                                                                    MOVX r30, #0;                                                         NOPV
.label TGT_F_ZL8run_bodyILi5ELi27EEvPKhS1_PKiS3_PiS4_iS4__1760
	  1760    0x16 0xb8 0x5d 0x98                                                                                                                                                        LSHL r28, r26, r5
	  1764    0x11 0xf9 0xc4 0x98                                                                                                                                                        AND r28, r7, r28
	  1768    0x10 0xff 0xc7 0x98                                                                                                                                                        EQ r31, r3, r28
	  1772    0xf8 0x03 0x90 0x40 0x01 0x84                                                                                                                                              JNZ r31, #TGT_F_ZL8run_bodyILi5ELi27EEvPKhS1_PKiS3_PiS4_iS4__1824
.delay_slot
	  1778    0x10 0x3a 0x55 0x18                                                                                                                                                        MOVX r29, #21
.delay_slot
	  1782    0x18 0x8f 0xc9 0x78                                                                                                                                                                                      VINSERT.16 x1, x1, r29, r30
.delay_slot
.swstall delay_slot
	  1786    0x00 0x00                                                                        NOPX
.delay_slot
.swstall delay_slot
	  1788    0x00 0x00                                                                        NOPX
.delay_slot
	  1790    0x07 0x4b 0x2f 0x24 0x41 0xe4                                                                                                                                              MOVX r29, #22;                MOV r30, r4
	  1796    0x13 0x79 0xc8 0x98                                                                                                                                                        NE r28, r13, r28
	  1800    0xe0 0x03 0x90 0x40 0x01 0x84                                                                                                                                              JNZ r28, #TGT_F_ZL8run_bodyILi5ELi27EEvPKhS1_PKiS3_PiS4_iS4__1824
.delay_slot
	  1806    0x1f 0x9a 0x20 0xf8                                                                                                                                                                                      MOV r30, r20
.delay_slot
.swstall delay_slot
	  1810    0x00 0x00                                                                        NOPX
.delay_slot
.swstall delay_slot
	  1812    0x00 0x00                                                                        NOPX
.delay_slot
.swstall delay_slot
	  1814    0x00 0x00                                                                        NOPX
.delay_slot
.swstall delay_slot
	  1816    0x00 0x00                                                                        NOPX
	  1818    0x00 0x2c 0xf0 0x78 0x02 0x2c                                                    NOPA;                                                                                     MOVX r30, #0
.label TGT_F_ZL8run_bodyILi5ELi27EEvPKhS1_PKiS3_PiS4_iS4__1824
	  1824    0xd6 0xa3 0xb1 0x1f 0x92 0xe4                                                                                                                                              LSHL r26, r26, r17;           VINSERT.16 x1, x1, r29, r30
	  1830    0x10 0xfd 0xa7 0x98                                                                                                                                                        EQ r30, r3, r26
	  1834    0xf0 0x03 0xb0 0x40 0x01 0x84                                                                                                                                              JNZ r30, #TGT_F_ZL8run_bodyILi5ELi27EEvPKhS1_PKiS3_PiS4_iS4__1888
.delay_slot
	  1840    0x1f 0x12 0x20 0xf8                                                                                                                                                                                      MOV r28, r4
.delay_slot
.swstall delay_slot
	  1844    0x00 0x00                                                                        NOPX
.delay_slot
.swstall delay_slot
	  1846    0x00 0x00                                                                        NOPX
.delay_slot
.swstall delay_slot
	  1848    0x00 0x00                                                                        NOPX
.delay_slot
.swstall delay_slot
	  1850    0x00 0x00                                                                        NOPX
	  1852    0x13 0x75 0xa8 0x98                                                                                                                                                        NE r26, r13, r26
	  1856    0xd0 0x03 0xb0 0x40 0x01 0x84                                                                                                                                              JNZ r26, #TGT_F_ZL8run_bodyILi5ELi27EEvPKhS1_PKiS3_PiS4_iS4__1888
.delay_slot
	  1862    0x1f 0x1a 0x20 0xf8                                                                                                                                                                                      MOV r28, r20
.delay_slot
.swstall delay_slot
	  1866    0x00 0x00                                                                        NOPX
.delay_slot
.swstall delay_slot
	  1868    0x00 0x00                                                                        NOPX
.delay_slot
.swstall delay_slot
	  1870    0x00 0x00                                                                        NOPX
.delay_slot
.swstall delay_slot
	  1872    0x00 0x00                                                                        NOPX
	  1874    0x00 0x2c 0xf0 0x00 0x20 0x38 0x01 0x00 0x34 0xaf 0x00 0x2b 0x60 0x7e            NOPA;                         NOPB;                         NOPS;                         MOVX r28, #0;                 NOPM
.label TGT_F_ZL8run_bodyILi5ELi27EEvPKhS1_PKiS3_PiS4_iS4__1888
	  1888    0x02 0xe9 0x50 0x74 0xba 0x2c                                                    LDA.u8 r26, [p0, #1];                                                                     MOVX r29, #23
	  1894    0x18 0x8f 0x89 0x78                                                                                                                                                                                      VINSERT.16 x1, x1, r29, r28
	  1898    0x00 0x00                                                                        NOPX
	  1900    0x00 0x00                                                                        NOPX
	  1902    0x00 0x00                                                                        NOPX
	  1904    0x00 0x00                                                                        NOPX
	  1906    0x00 0x00                                                                        NOPX
	  1908    0x11 0xf9 0xa4 0x98                                                                                                                                                        AND r28, r7, r26
	  1912    0x10 0xff 0xc7 0x98                                                                                                                                                        EQ r31, r3, r28
	  1916    0xf8 0x03 0xd8 0x40 0x01 0x84                                                                                                                                              JNZ r31, #TGT_F_ZL8run_bodyILi5ELi27EEvPKhS1_PKiS3_PiS4_iS4__1968
.delay_slot
	  1922    0x1f 0x92 0x20 0xf8                                                                                                                                                                                      MOV r30, r4
.delay_slot
.swstall delay_slot
	  1926    0x00 0x00                                                                        NOPX
.delay_slot
.swstall delay_slot
	  1928    0x00 0x00                                                                        NOPX
.delay_slot
.swstall delay_slot
	  1930    0x00 0x00                                                                        NOPX
.delay_slot
.swstall delay_slot
	  1932    0x00 0x00                                                                        NOPX
	  1934    0x13 0x79 0xc8 0x98                                                                                                                                                        NE r28, r13, r28
	  1938    0xe0 0x03 0xd8 0x40 0x01 0x84                                                                                                                                              JNZ r28, #TGT_F_ZL8run_bodyILi5ELi27EEvPKhS1_PKiS3_PiS4_iS4__1968
.delay_slot
	  1944    0x1f 0x9a 0x20 0xf8                                                                                                                                                                                      MOV r30, r20
.delay_slot
.swstall delay_slot
	  1948    0x00 0x00                                                                        NOPX
.delay_slot
.swstall delay_slot
	  1950    0x00 0x00                                                                        NOPX
.delay_slot
.swstall delay_slot
	  1952    0x00 0x00                                                                        NOPX
.delay_slot
.swstall delay_slot
	  1954    0x00 0x00                                                                        NOPX
	  1956    0x00 0x2c 0xf0 0x00 0x20 0x01 0xe0 0x08 0x00 0xad 0x81 0x36                      NOPA;                         NOPB;                         NOPS;                         MOVX r30, #0
.label TGT_F_ZL8run_bodyILi5ELi27EEvPKhS1_PKiS3_PiS4_iS4__1968
	  1968    0x16 0xb8 0x6d 0x98                                                                                                                                                        LSHL r28, r26, r6
	  1972    0x11 0xf9 0xc4 0x98                                                                                                                                                        AND r28, r7, r28
	  1976    0x10 0xff 0xc7 0x98                                                                                                                                                        EQ r31, r3, r28
	  1980    0xf8 0x03 0xf8 0x40 0x01 0x84                                                                                                                                              JNZ r31, #TGT_F_ZL8run_bodyILi5ELi27EEvPKhS1_PKiS3_PiS4_iS4__2032
.delay_slot
.swstall delay_slot
	  1986    0x00 0x00                                                                        NOPX
.delay_slot
.swstall delay_slot
	  1988    0x00 0x00                                                                        NOPX
.delay_slot
	  1990    0x10 0x3a 0x61 0x18                                                                                                                                                        MOVX r29, #24
.delay_slot
	  1994    0x18 0x8f 0xc9 0x78                                                                                                                                                                                      VINSERT.16 x1, x1, r29, r30
.delay_slot
	  1998    0x1f 0x92 0x20 0xf8                                                                                                                                                                                      MOV r30, r4
	  2002    0x13 0x79 0xc8 0x98                                                                                                                                                        NE r28, r13, r28
	  2006    0xe0 0x03 0xf8 0x40 0x01 0x84                                                                                                                                              JNZ r28, #TGT_F_ZL8run_bodyILi5ELi27EEvPKhS1_PKiS3_PiS4_iS4__2032
.delay_slot
	  2012    0x1f 0x9a 0x20 0xf8                                                                                                                                                                                      MOV r30, r20
.delay_slot
.swstall delay_slot
	  2016    0x00 0x00                                                                        NOPX
.delay_slot
.swstall delay_slot
	  2018    0x00 0x00                                                                        NOPX
.delay_slot
.swstall delay_slot
	  2020    0x00 0x00                                                                        NOPX
.delay_slot
.swstall delay_slot
	  2022    0x00 0x00                                                                        NOPX
	  2024    0x00 0x01 0xe0 0x09 0x00 0x00 0x1c 0x22                                                                                                                                    MOVX r30, #0;                                                         NOPV
.label TGT_F_ZL8run_bodyILi5ELi27EEvPKhS1_PKiS3_PiS4_iS4__2032
	  2032    0x16 0xb8 0x5d 0x98                                                                                                                                                        LSHL r28, r26, r5
	  2036    0x11 0xf9 0xc4 0x98                                                                                                                                                        AND r28, r7, r28
	  2040    0x10 0xff 0xc7 0x98                                                                                                                                                        EQ r31, r3, r28
	  2044    0xf8 0x04 0x18 0x40 0x01 0x84                                                                                                                                              JNZ r31, #TGT_F_ZL8run_bodyILi5ELi27EEvPKhS1_PKiS3_PiS4_iS4__2096
.delay_slot
	  2050    0x10 0x3a 0x65 0x18                                                                                                                                                        MOVX r29, #25
.delay_slot
	  2054    0x18 0x8f 0xc9 0x78                                                                                                                                                                                      VINSERT.16 x1, x1, r29, r30
.delay_slot
.swstall delay_slot
	  2058    0x00 0x00                                                                        NOPX
.delay_slot
.swstall delay_slot
	  2060    0x00 0x00                                                                        NOPX
.delay_slot
	  2062    0x07 0x4d 0x2f 0x24 0x41 0xe4                                                                                                                                              MOVX r29, #26;                MOV r30, r4
	  2068    0x13 0x79 0xc8 0x98                                                                                                                                                        NE r28, r13, r28
	  2072    0xe0 0x04 0x18 0x40 0x01 0x84                                                                                                                                              JNZ r28, #TGT_F_ZL8run_bodyILi5ELi27EEvPKhS1_PKiS3_PiS4_iS4__2096
.delay_slot
	  2078    0x1f 0x9a 0x20 0xf8                                                                                                                                                                                      MOV r30, r20
.delay_slot
.swstall delay_slot
	  2082    0x00 0x00                                                                        NOPX
.delay_slot
.swstall delay_slot
	  2084    0x00 0x00                                                                        NOPX
.delay_slot
.swstall delay_slot
	  2086    0x00 0x00                                                                        NOPX
.delay_slot
.swstall delay_slot
	  2088    0x00 0x00                                                                        NOPX
	  2090    0x00 0x2c 0xf0 0x78 0x02 0x2c                                                    NOPA;                                                                                     MOVX r30, #0
.label TGT_F_ZL8run_bodyILi5ELi27EEvPKhS1_PKiS3_PiS4_iS4__2096
	  2096    0xd6 0xa3 0xb1 0x1f 0x92 0xe4                                                                                                                                              LSHL r26, r26, r17;           VINSERT.16 x1, x1, r29, r30
	  2102    0x10 0xfd 0xa7 0x98                                                                                                                                                        EQ r30, r3, r26
	  2106    0xf0 0x04 0x38 0x40 0x01 0x84                                                                                                                                              JNZ r30, #TGT_F_ZL8run_bodyILi5ELi27EEvPKhS1_PKiS3_PiS4_iS4__2160
.delay_slot
	  2112    0x1f 0x12 0x20 0xf8                                                                                                                                                                                      MOV r28, r4
.delay_slot
.swstall delay_slot
	  2116    0x00 0x00                                                                        NOPX
.delay_slot
.swstall delay_slot
	  2118    0x00 0x00                                                                        NOPX
.delay_slot
.swstall delay_slot
	  2120    0x00 0x00                                                                        NOPX
.delay_slot
.swstall delay_slot
	  2122    0x00 0x00                                                                        NOPX
	  2124    0x13 0x75 0xa8 0x98                                                                                                                                                        NE r26, r13, r26
	  2128    0xd0 0x04 0x38 0x40 0x01 0x84                                                                                                                                              JNZ r26, #TGT_F_ZL8run_bodyILi5ELi27EEvPKhS1_PKiS3_PiS4_iS4__2160
.delay_slot
	  2134    0x1f 0x1a 0x20 0xf8                                                                                                                                                                                      MOV r28, r20
.delay_slot
.swstall delay_slot
	  2138    0x00 0x00                                                                        NOPX
.delay_slot
.swstall delay_slot
	  2140    0x00 0x00                                                                        NOPX
.delay_slot
.swstall delay_slot
	  2142    0x00 0x00                                                                        NOPX
.delay_slot
.swstall delay_slot
	  2144    0x00 0x00                                                                        NOPX
	  2146    0x00 0x2c 0xf0 0x00 0x20 0x38 0x01 0x00 0x34 0xaf 0x00 0x2b 0x60 0x7e            NOPA;                         NOPB;                         NOPS;                         MOVX r28, #0;                 NOPM
.label TGT_F_ZL8run_bodyILi5ELi27EEvPKhS1_PKiS3_PiS4_iS4__2160
	  2160    0x42 0xe9 0x50 0x74 0xda 0x2c                                                    LDA.u8 r26, [p2, #1];                                                                     MOVX r29, #27
	  2166    0x18 0x8f 0x89 0x78                                                                                                                                                                                      VINSERT.16 x1, x1, r29, r28
	  2170    0x00 0x00                                                                        NOPX
	  2172    0x00 0x00                                                                        NOPX
	  2174    0x00 0x00                                                                        NOPX
	  2176    0x00 0x00                                                                        NOPX
	  2178    0x00 0x00                                                                        NOPX
	  2180    0x11 0xf9 0xa4 0x98                                                                                                                                                        AND r28, r7, r26
	  2184    0x10 0xff 0xc7 0x98                                                                                                                                                        EQ r31, r3, r28
	  2188    0xf8 0x04 0x60 0x40 0x01 0x84                                                                                                                                              JNZ r31, #TGT_F_ZL8run_bodyILi5ELi27EEvPKhS1_PKiS3_PiS4_iS4__2240
.delay_slot
	  2194    0x1f 0x92 0x20 0xf8                                                                                                                                                                                      MOV r30, r4
.delay_slot
.swstall delay_slot
	  2198    0x00 0x00                                                                        NOPX
.delay_slot
.swstall delay_slot
	  2200    0x00 0x00                                                                        NOPX
.delay_slot
.swstall delay_slot
	  2202    0x00 0x00                                                                        NOPX
.delay_slot
.swstall delay_slot
	  2204    0x00 0x00                                                                        NOPX
	  2206    0x13 0x79 0xc8 0x98                                                                                                                                                        NE r28, r13, r28
	  2210    0xe0 0x04 0x60 0x40 0x01 0x84                                                                                                                                              JNZ r28, #TGT_F_ZL8run_bodyILi5ELi27EEvPKhS1_PKiS3_PiS4_iS4__2240
.delay_slot
	  2216    0x1f 0x9a 0x20 0xf8                                                                                                                                                                                      MOV r30, r20
.delay_slot
.swstall delay_slot
	  2220    0x00 0x00                                                                        NOPX
.delay_slot
.swstall delay_slot
	  2222    0x00 0x00                                                                        NOPX
.delay_slot
.swstall delay_slot
	  2224    0x00 0x00                                                                        NOPX
.delay_slot
.swstall delay_slot
	  2226    0x00 0x00                                                                        NOPX
	  2228    0x00 0x2c 0xf0 0x00 0x20 0x01 0xe0 0x08 0x00 0xad 0x81 0x36                      NOPA;                         NOPB;                         NOPS;                         MOVX r30, #0
.label TGT_F_ZL8run_bodyILi5ELi27EEvPKhS1_PKiS3_PiS4_iS4__2240
	  2240    0x16 0xb8 0x6d 0x98                                                                                                                                                        LSHL r28, r26, r6
	  2244    0x11 0xf9 0xc4 0x98                                                                                                                                                        AND r28, r7, r28
	  2248    0x10 0xff 0xc7 0x98                                                                                                                                                        EQ r31, r3, r28
	  2252    0xf8 0x04 0x80 0x40 0x01 0x84                                                                                                                                              JNZ r31, #TGT_F_ZL8run_bodyILi5ELi27EEvPKhS1_PKiS3_PiS4_iS4__2304
.delay_slot
.swstall delay_slot
	  2258    0x00 0x00                                                                        NOPX
.delay_slot
.swstall delay_slot
	  2260    0x00 0x00                                                                        NOPX
.delay_slot
	  2262    0x10 0x3a 0x71 0x18                                                                                                                                                        MOVX r29, #28
.delay_slot
	  2266    0x18 0x8f 0xc9 0x78                                                                                                                                                                                      VINSERT.16 x1, x1, r29, r30
.delay_slot
	  2270    0x1f 0x92 0x20 0xf8                                                                                                                                                                                      MOV r30, r4
	  2274    0x13 0x79 0xc8 0x98                                                                                                                                                        NE r28, r13, r28
	  2278    0xe0 0x04 0x80 0x40 0x01 0x84                                                                                                                                              JNZ r28, #TGT_F_ZL8run_bodyILi5ELi27EEvPKhS1_PKiS3_PiS4_iS4__2304
.delay_slot
	  2284    0x1f 0x9a 0x20 0xf8                                                                                                                                                                                      MOV r30, r20
.delay_slot
.swstall delay_slot
	  2288    0x00 0x00                                                                        NOPX
.delay_slot
.swstall delay_slot
	  2290    0x00 0x00                                                                        NOPX
.delay_slot
.swstall delay_slot
	  2292    0x00 0x00                                                                        NOPX
.delay_slot
.swstall delay_slot
	  2294    0x00 0x00                                                                        NOPX
	  2296    0x00 0x01 0xe0 0x09 0x00 0x00 0x1c 0x22                                                                                                                                    MOVX r30, #0;                                                         NOPV
.label TGT_F_ZL8run_bodyILi5ELi27EEvPKhS1_PKiS3_PiS4_iS4__2304
	  2304    0x16 0xb8 0x5d 0x98                                                                                                                                                        LSHL r28, r26, r5
	  2308    0x11 0xf9 0xc4 0x98                                                                                                                                                        AND r28, r7, r28
	  2312    0x10 0xff 0xc7 0x98                                                                                                                                                        EQ r31, r3, r28
	  2316    0xf8 0x04 0xa0 0x40 0x01 0x84                                                                                                                                              JNZ r31, #TGT_F_ZL8run_bodyILi5ELi27EEvPKhS1_PKiS3_PiS4_iS4__2368
.delay_slot
	  2322    0x10 0x3a 0x75 0x18                                                                                                                                                        MOVX r29, #29
.delay_slot
	  2326    0x18 0x8f 0xc9 0x78                                                                                                                                                                                      VINSERT.16 x1, x1, r29, r30
.delay_slot
.swstall delay_slot
	  2330    0x00 0x00                                                                        NOPX
.delay_slot
.swstall delay_slot
	  2332    0x00 0x00                                                                        NOPX
.delay_slot
	  2334    0x07 0x4f 0x2f 0x24 0x41 0xe4                                                                                                                                              MOVX r29, #30;                MOV r30, r4
	  2340    0x13 0x79 0xc8 0x98                                                                                                                                                        NE r28, r13, r28
	  2344    0xe0 0x04 0xa0 0x40 0x01 0x84                                                                                                                                              JNZ r28, #TGT_F_ZL8run_bodyILi5ELi27EEvPKhS1_PKiS3_PiS4_iS4__2368
.delay_slot
	  2350    0x1f 0x9a 0x20 0xf8                                                                                                                                                                                      MOV r30, r20
.delay_slot
.swstall delay_slot
	  2354    0x00 0x00                                                                        NOPX
.delay_slot
.swstall delay_slot
	  2356    0x00 0x00                                                                        NOPX
.delay_slot
.swstall delay_slot
	  2358    0x00 0x00                                                                        NOPX
.delay_slot
.swstall delay_slot
	  2360    0x00 0x00                                                                        NOPX
	  2362    0x00 0x2c 0xf0 0x78 0x02 0x2c                                                    NOPA;                                                                                     MOVX r30, #0
.label TGT_F_ZL8run_bodyILi5ELi27EEvPKhS1_PKiS3_PiS4_iS4__2368
	  2368    0xd7 0x23 0xb1 0x1f 0x92 0xe4                                                                                                                                              LSHL r28, r26, r17;           VINSERT.16 x1, x1, r29, r30
	  2374    0x10 0xfd 0xc7 0x98                                                                                                                                                        EQ r30, r3, r28
	  2378    0xf0 0x04 0xc0 0x40 0x01 0x84                                                                                                                                              JNZ r30, #TGT_F_ZL8run_bodyILi5ELi27EEvPKhS1_PKiS3_PiS4_iS4__2432
.delay_slot
	  2384    0x1e 0x92 0x20 0xf8                                                                                                                                                                                      MOV r26, r4
.delay_slot
.swstall delay_slot
	  2388    0x00 0x00                                                                        NOPX
.delay_slot
.swstall delay_slot
	  2390    0x00 0x00                                                                        NOPX
.delay_slot
.swstall delay_slot
	  2392    0x00 0x00                                                                        NOPX
.delay_slot
.swstall delay_slot
	  2394    0x00 0x00                                                                        NOPX
	  2396    0x13 0x79 0xc8 0x98                                                                                                                                                        NE r28, r13, r28
	  2400    0xe0 0x04 0xc0 0x40 0x01 0x84                                                                                                                                              JNZ r28, #TGT_F_ZL8run_bodyILi5ELi27EEvPKhS1_PKiS3_PiS4_iS4__2432
.delay_slot
	  2406    0x1e 0x9a 0x20 0xf8                                                                                                                                                                                      MOV r26, r20
.delay_slot
.swstall delay_slot
	  2410    0x00 0x00                                                                        NOPX
.delay_slot
.swstall delay_slot
	  2412    0x00 0x00                                                                        NOPX
.delay_slot
.swstall delay_slot
	  2414    0x00 0x00                                                                        NOPX
.delay_slot
.swstall delay_slot
	  2416    0x00 0x00                                                                        NOPX
	  2418    0x00 0x2c 0xf0 0x00 0x20 0x34 0x01 0x00 0x34 0xaf 0x00 0x2b 0x60 0x7e            NOPA;                         NOPB;                         NOPS;                         MOVX r26, #0;                 NOPM
.label TGT_F_ZL8run_bodyILi5ELi27EEvPKhS1_PKiS3_PiS4_iS4__2432
	  2432    0x06 0x39 0x68 0x01 0xd3 0xeb 0x2e 0x42 0x08 0x3a                                                              VLDB x2, [p3], #64;                                         MOVX r29, #31;                ADD.NC r25, r25, #8
	  2442    0x53 0x21 0x60 0x01 0xd0 0x28 0x47 0xa4 0xb9 0x3a                                                                                            MOVS p2, r25;                 MOVX r29, #1;                 VINSERT.16 x1, x1, r29, r26
	  2452    0x00 0x00                                                                        NOPX
	  2454    0x00 0x00                                                                        NOPX
	  2456    0x00 0x00                                                                        NOPX
	  2458    0x00 0x00                                                                        NOPX
	  2460    0x00 0x00                                                                        NOPX
	  2462    0x72 0xe2 0x41 0x48                                                                                                                                                                                                                              VMUL.f dm2, x1, x2, r14
	  2466    0x00 0x00                                                                        NOPX
	  2468    0x00 0x00                                                                        NOPX
	  2470    0x00 0x00                                                                        NOPX
	  2472    0x00 0x00                                                                        NOPX
	  2474    0x00 0x00                                                                        NOPX
	  2476    0x08 0x91 0x16 0x18                                                                                                                          VCONV.bf16.fp32 x1, cml2
	  2480    0x00 0x00                                                                        NOPX
	  2482    0x1a 0x03 0x8a 0xf8                                                                                                                                                                                      VCONV.fp32.bf16 cml2, x1
	  2486    0x00 0x00                                                                        NOPX
	  2488    0x19 0x28 0x12 0xf8                                                                                                                                                                                      VMOV x2, bmll2
	  2492    0x18 0xa9 0x12 0xf8                                                                                                                                                                                      VMOV x1, bmlh2
.aggressive_scheduled_block_id 2
.aggressive_scheduled_block_id first
	  2496    0x1d 0x10 0xa1 0xd8                                                                                                                                                                                      VSHUFFLE bmhl2, x2, x1, r8
.aggressive_scheduled_block_id 2
.noswbrkpt
	  2500    0x82 0x4c 0x3d 0x48                                                                                                                                                                                                                              VADD.f dm2, dm2, dm3, r16
.aggressive_scheduled_block_id 2
.aggressive_scheduled_block_id last
.nohwbrkpt
.noswbrkpt
	  2504    0x1b 0x0a 0x12 0xf8                                                                                                                                                                                      VMOV bmll3, bmhl2
	  2508    0x00 0x00                                                                        NOPX
	  2510    0x00 0x00                                                                        NOPX
	  2512    0x00 0x00                                                                        NOPX
	  2514    0x00 0x00                                                                        NOPX
	  2516    0x18 0xa8 0x12 0xf8                                                                                                                                                                                      VMOV x1, bmll2
.aggressive_scheduled_block_id 3
.aggressive_scheduled_block_id first
	  2520    0x1d 0x08 0x81 0xd8                                                                                                                                                                                      VSHUFFLE bmhl2, x1, x1, r0
.aggressive_scheduled_block_id 3
.noswbrkpt
	  2524    0x82 0x4c 0x3d 0x48                                                                                                                                                                                                                              VADD.f dm2, dm2, dm3, r16
.aggressive_scheduled_block_id 3
.aggressive_scheduled_block_id last
.nohwbrkpt
.noswbrkpt
	  2528    0x1b 0x0a 0x12 0xf8                                                                                                                                                                                      VMOV bmll3, bmhl2
	  2532    0x00 0x00                                                                        NOPX
	  2534    0x00 0x00                                                                        NOPX
	  2536    0x00 0x00                                                                        NOPX
	  2538    0x00 0x00                                                                        NOPX
	  2540    0x18 0xa8 0x12 0xf8                                                                                                                                                                                      VMOV x1, bmll2
.aggressive_scheduled_block_id 4
.aggressive_scheduled_block_id first
	  2544    0x1d 0x08 0xcd 0xd8                                                                                                                                                                                      VSHUFFLE bmhl2, x1, x1, r19
.aggressive_scheduled_block_id 4
.noswbrkpt
	  2548    0x82 0x4c 0x3d 0x48                                                                                                                                                                                                                              VADD.f dm2, dm2, dm3, r16
.aggressive_scheduled_block_id 4
.aggressive_scheduled_block_id last
.nohwbrkpt
.noswbrkpt
	  2552    0x1b 0x0a 0x12 0xf8                                                                                                                                                                                      VMOV bmll3, bmhl2
	  2556    0x00 0x00                                                                        NOPX
	  2558    0x00 0x00                                                                        NOPX
	  2560    0x00 0x00                                                                        NOPX
	  2562    0x00 0x00                                                                        NOPX
	  2564    0x18 0xa8 0x12 0xf8                                                                                                                                                                                      VMOV x1, bmll2
.aggressive_scheduled_block_id 5
.aggressive_scheduled_block_id first
	  2568    0x1d 0x08 0x85 0xd8                                                                                                                                                                                      VSHUFFLE bmhl2, x1, x1, r1
.aggressive_scheduled_block_id 5
.noswbrkpt
	  2572    0x82 0x4c 0x3d 0x48                                                                                                                                                                                                                              VADD.f dm2, dm2, dm3, r16
.aggressive_scheduled_block_id 5
.aggressive_scheduled_block_id last
.nohwbrkpt
.noswbrkpt
	  2576    0x1b 0x0a 0x12 0xf8                                                                                                                                                                                      VMOV bmll3, bmhl2
	  2580    0x00 0x00                                                                        NOPX
	  2582    0x00 0x00                                                                        NOPX
	  2584    0x00 0x00                                                                        NOPX
	  2586    0x00 0x00                                                                        NOPX
	  2588    0x18 0xa8 0x12 0xf8                                                                                                                                                                                      VMOV x1, bmll2
.aggressive_scheduled_block_id 6
.aggressive_scheduled_block_id first
	  2592    0x1d 0x08 0x89 0xd8                                                                                                                                                                                      VSHUFFLE bmhl2, x1, x1, r2
.aggressive_scheduled_block_id 6
.noswbrkpt
	  2596    0x82 0x4c 0x3d 0x48                                                                                                                                                                                                                              VADD.f dm2, dm2, dm3, r16
.aggressive_scheduled_block_id 6
.aggressive_scheduled_block_id last
.nohwbrkpt
.noswbrkpt
	  2600    0x1b 0x0a 0x12 0xf8                                                                                                                                                                                      VMOV bmll3, bmhl2
	  2604    0x00 0x00                                                                        NOPX
	  2606    0x00 0x00                                                                        NOPX
	  2608    0x00 0x00                                                                        NOPX
	  2610    0x00 0x00                                                                        NOPX
	  2612    0x08 0xc1 0x16 0x18                                                                                                                          VCONV.bf16.fp32 wl1, bmll2
	  2616    0x00 0x00                                                                        NOPX
	  2618    0x18 0x89 0x03 0x58                                                                                                                                                                                      VEXTBCST.16 x1, x1, #0
	  2622    0x00 0x00                                                                        NOPX
.label ZLE_F_ZL8run_bodyILi5ELi27EEvPKhS1_PKiS3_PiS4_iS4__2624
.end_of_loop
.aggressive_scheduled_block_id 7
.aggressive_scheduled_block_id first
	  2624    0x00 0x2c 0xf0 0x00 0x20 0x01 0x5b 0x00 0x00 0x00 0x01 0xa5 0x7b 0x89 0x10 0x0b  NOPA;                         NOPB;                         NOPS;                         NOPX;                         NOPM;                                   VMAC.f dm1, dm1, x1, x0, r14
.loop_nesting 2
.aggressive_scheduled_block_id 7
.noswbrkpt
	  2640    0xfb 0xe6 0x20 0x11 0xa0 0x0a 0xed 0xc0 0x48 0xba                                LDA r25, [sp, #-36];                                                                      MOVX r26, #512;               ADD.NC r23, r23, #1
.aggressive_scheduled_block_id 7
.nohwbrkpt
.noswbrkpt
	  2650    0xfb 0x6a 0x29 0x4a 0x40 0x2c                                                    LDA r26, [sp, #-40];                                                                      JNZD r18, r18, p4
.delay_slot
.aggressive_scheduled_block_id 7
.nohwbrkpt
.noswbrkpt
	  2656    0x10 0xb2 0x01 0x18                                                                                                                                                        MOVX r25, #128
.delay_slot
.aggressive_scheduled_block_id 7
.nohwbrkpt
.noswbrkpt
	  2660    0x1d 0x9c 0xd9 0x58                                                                                                                                                                                      ADD.NC r22, r25, r22
.delay_slot
.aggressive_scheduled_block_id 7
.aggressive_scheduled_block_id last
.nohwbrkpt
.noswbrkpt
	  2664    0x1e 0x1d 0x61 0x58                                                                                                                                                                                      ADD.NC r24, r26, r24
.delay_slot
.swstall delay_slot
	  2668    0x00 0x00                                                                        NOPX
.delay_slot
.swstall delay_slot
	  2670    0x00 0x00                                                                        NOPX
.loop_nesting 1
	  2672    0xf8 0x5a 0x20 0x48 0xd2 0x2c                                                    LDA r22, [sp, #-64];                                                                      MOVX r18, #26
	  2678    0x07 0xca 0xf1 0x18                                                              LDA r23, [sp, #-56]
	  2682    0x07 0xcf 0x91 0x18                                                              LDA r28, [sp, #-52]
	  2686    0x07 0xc7 0x11 0x18                                                              LDA r24, [sp, #-60]
	  2690    0x00 0x00                                                                        NOPX
	  2692    0x00 0x00                                                                        NOPX
	  2694    0x00 0x00                                                                        NOPX
	  2696    0x6e 0xec 0x9b 0x36 0x01 0x24                                                                                                                                              AND r27, r13, r22;            ADD.NC r22, r22, #1
	  2702    0x00 0x00                                                                        NOPX
	  2704    0x15 0xef 0xc2 0x18                                                                                                                                                        SEL.EQZ r23, r23, r28, r27
	  2708    0xc5 0xec 0x06 0xd7 0x41 0xe4                                                                                                                                              JNZD r23, r24, p5;            MOV p3, r23
.delay_slot
	  2714    0x0b 0x1c 0xc9 0x98                                                                                                                          ST eh3, [p3], #4
.delay_slot
	  2718    0x0b 0x04 0xa3 0x18                                                                                                                          VST.CONV.bf16.fp32 cml1, [p3]
.delay_slot
.swstall delay_slot
	  2722    0x00 0x00                                                                        NOPX
.delay_slot
.swstall delay_slot
	  2724    0x00 0x00                                                                        NOPX
.delay_slot
.swstall delay_slot
	  2726    0x00 0x00                                                                        NOPX
.loop_nesting 0
	  2728    0xfe 0xbe 0x22 0x0d 0xa3 0x0c                                                    LDA r15, [sp, #-12];                                        ST r22, [p1]
	  2734    0x07 0xf9 0xd1 0x18                                                              LDA r14, [sp, #-8]
	  2738    0x07 0xfd 0xb1 0x18                                                              LDA r13, [sp, #-4]
	  2742    0x07 0xf1 0x91 0x18                                                              LDA r12, [sp, #-16]
	  2746    0x07 0xed 0x71 0x18                                                              LDA r11, [sp, #-20]
	  2750    0x07 0xe9 0x51 0x18                                                              LDA r10, [sp, #-24]
	  2754    0x07 0xe5 0x31 0x18                                                              LDA r9, [sp, #-28]
	  2758    0x07 0xe1 0x11 0x18                                                              LDA r8, [sp, #-32]
	  2762    0x10 0x28 0x00 0x18                                                                                                                                                        RET lr
.delay_slot
	  2766    0xff 0xf8 0x00 0x00 0x01 0xc4                                                                                                                                              PADDXM [sp], #-64
.delay_slot
.swstall delay_slot
	  2772    0x00 0x00                                                                        NOPX
.delay_slot
.swstall delay_slot
	  2774    0x00 0x00                                                                        NOPX
.delay_slot
.swstall delay_slot
	  2776    0x00 0x00                                                                        NOPX
.label _ZL8run_bodyILi5ELi27EEvPKhS1_PKiS3_PiS4_iS4___end last
.delay_slot
.swstall delay_slot
	  2778    0x00 0x00                                                                        NOPX

.undef local text _ZL8run_bodyILi5ELi10EEvPKhS1_PKiS3_PiS4_iS4_

.undef local text _ZL8run_bodyILi2ELi10EEvPKhS1_PKiS3_PiS4_iS4_

.undef local text _ZL8run_bodyILi28ELi10EEvPKhS1_PKiS3_PiS4_iS4_

.undef local text _ZL8run_bodyILi5ELi27EEvPKhS1_PKiS3_PiS4_iS4_

.undef global data _ZN12me_primitive11control_satE

.undef global data _ZN12me_primitive11control_rndE

.undef global data _ZN12me_primitive11control_rndE

.undef global data _ZN12me_primitive11control_rndE

.undef global data _ZN12me_primitive11control_rndE

.undef global data _ZN12me_primitive11control_rndE

.text_segment_name
.text global 10 bitnet_ternary_layer_scheduler
.function_start
	     0    0x01 0x90 0x00 0x00 0x06 0x00 0x00 0x00 0x70 0xba                                MOVA r16, #12;                                                                            PADDXM [sp], #192
	    10    0xef 0x91 0x07 0xbb 0x1d 0x80 0x00 0x03 0x30 0x00 0x10 0x76                      MOVA r17, #-132;                                            ST p6, [sp, #-72];            MOVXM p6, #_ZN12me_primitive11control_rndE
	    22    0xc0 0xc0 0xe6 0x94 0x8b 0x00 0x00 0x2a 0x4a 0xf0 0x78 0x76                      ST.s8 r16, [p6];                                            MOVS p6, p5;                  MOVX r0, #1;                  MOV r18, sp
	    34    0x06 0x00 0x20 0xac 0x41 0xe4                                                                                                                                              MOVX r24, #0;                 MOV r1, r12
	    40    0x19 0x17 0x20 0xf8                                                                                                                                                                                      MOV r4, r14
	    44    0x03 0xc1 0xa1 0x2f 0x41 0xe4                                                                                                                                              MOVX r15, #3;                 MOV r2, r15
	    50    0x1b 0x11 0xa0 0xf8                                                                                                                                                                                      MOV r12, r3
	    54    0x63 0x5f 0x51 0xad 0x41 0xe4                                                                                                                                              LT r13, r12, r15;             MOV r3, r13
	    60    0x00 0x00                                                                        NOPX
	    62    0xf6 0x73 0xb0 0x03 0xb4 0x64 0xa0 0x02                                                                                                      ST p7, [sp, #-80];                                          ADD.NC p7, r17, r18
	    70    0xf7 0xae 0xb0 0x01 0xcf 0x60 0x70 0x02                                                                                                      ST r11, [sp, #-68];                                         MOV r14, p7
	    78    0xff 0xf3 0xb0 0x01 0x68 0xf0 0x70 0x02                                                                                                      ST p7, [sp, #-4];                                           MOV r11, lr
	    86    0xe0 0xe2 0x30 0x03 0xb4 0x60 0x70 0x02                                                                                                      ST r24, [p7];                                               MOV p7, p4
	    94    0x0f 0xa0 0x35 0x98                                                                                                                          ST r1, [sp, #-96]
	    98    0x0f 0x91 0x9d 0x98                                                                                                                          ST p3, [sp, #-112]
	   102    0x0f 0x95 0x1d 0x98                                                                                                                          ST p2, [sp, #-108]
	   106    0xf3 0x13 0xb0 0x00 0x00 0x00 0x00 0x00 0x41 0x3a                                                                                            ST p1, [sp, #-104];           JL #_ZL8run_bodyILi5ELi10EEvPKhS1_PKiS3_PiS4_iS4_
.delay_slot
	   116    0x0f 0x9c 0x1d 0x98                                                                                                                          ST p0, [sp, #-100]
.delay_slot
	   120    0x0f 0xac 0x95 0x98                                                                                                                          ST r4, [sp, #-84]
.delay_slot
	   124    0x0f 0xb4 0x55 0x98                                                                                                                          ST r2, [sp, #-76]
.delay_slot
	   128    0x0f 0xa8 0x75 0x98                                                                                                                          ST r3, [sp, #-88]
.delay_slot
	   132    0x00 0x2c 0xf0 0x00 0x20 0x00 0x00 0x03 0xd2 0xea 0xc1 0x36                      NOPA;                         NOPB;                         ST r14, [sp, #-92];           NOPX
.return_address
	   144    0x68 0x00 0xf8 0x40 0x01 0x84                                                                                                                                              JNZ r13, #TGT_Fbitnet_ternary_layer_scheduler_496
.delay_slot
	   150    0x07 0x9c 0x19 0x18                                                              LDA p0, [sp, #-100]
.delay_slot
.swstall delay_slot
	   154    0x00 0x00                                                                        NOPX
.delay_slot
.swstall delay_slot
	   156    0x00 0x00                                                                        NOPX
.delay_slot
.swstall delay_slot
	   158    0x00 0x00                                                                        NOPX
.delay_slot
.swstall delay_slot
	   160    0x00 0x00                                                                        NOPX
	   162    0x07 0x91 0x99 0x18                                                              LDA p3, [sp, #-112]
	   166    0x07 0x98 0x99 0x18                                                              LDA p1, [sp, #-104]
	   170    0x07 0x95 0x19 0x18                                                              LDA p2, [sp, #-108]
	   174    0x00 0x00 0x00 0x00 0x01 0x04                                                                                                                                              JL #_ZL8run_bodyILi2ELi10EEvPKhS1_PKiS3_PiS4_iS4_
.delay_slot
	   180    0x1c 0x67 0x20 0xf8                                                                                                                                                                                      MOV p4, r14
.delay_slot
	   184    0x0f 0xfe 0x1d 0x98                                                                                                                          ST p4, [sp, #-4]
.delay_slot
	   188    0x0c 0x9c 0x8b 0x18                                                                                                                          MOVS p4, p7
.delay_slot
	   192    0xf1 0x91 0x60 0x01 0xaf 0x60 0x70 0x02                                                                                                      MOVS p7, p3;                                                MOV r13, p7
.delay_slot
	   200    0xb3 0x11 0x60 0x00 0x01 0xa5 0x70 0x02                                                                                                      MOVS p5, p6;                                                NOPM
.return_address
	   208    0x07 0x9c 0x19 0x18                                                              LDA p0, [sp, #-100]
	   212    0x07 0x98 0x99 0x18                                                              LDA p1, [sp, #-104]
	   216    0x07 0x95 0x19 0x18                                                              LDA p2, [sp, #-108]
	   220    0x00 0x00 0x00 0x00 0x01 0x04                                                                                                                                              JL #_ZL8run_bodyILi2ELi10EEvPKhS1_PKiS3_PiS4_iS4_
.delay_slot
	   226    0x1b 0x67 0x20 0xf8                                                                                                                                                                                      MOV p3, r14
.delay_slot
	   230    0x0f 0xfd 0x9d 0x98                                                                                                                          ST p3, [sp, #-4]
.delay_slot
	   234    0x0b 0x9c 0x8b 0x18                                                                                                                          MOVS p3, p7
.delay_slot
	   238    0x0d 0x98 0x8b 0x18                                                                                                                          MOVS p5, p6
.delay_slot
	   242    0x00 0x2c 0xf9 0x1a 0x16 0x00 0x00 0x40 0x1a 0x57 0x00 0x00 0x1c 0x2e            NOPA;                                                       MOVS p4, r13;                                               NOPM;                                   NOPV
.return_address
	   256    0xf4 0xb3 0x27 0xc1 0x8f 0x2c                                                    LDA p3, [sp, #-92];                                                                       EQ r16, r15, r12
	   262    0x80 0x00 0xf8 0x40 0x01 0x84                                                                                                                                              JNZ r16, #TGT_Fbitnet_ternary_layer_scheduler_496
.delay_slot
.swstall delay_slot
	   268    0x00 0x00                                                                        NOPX
.delay_slot
.swstall delay_slot
	   270    0x00 0x00                                                                        NOPX
.delay_slot
.swstall delay_slot
	   272    0x00 0x00                                                                        NOPX
.delay_slot
.swstall delay_slot
	   274    0x00 0x00                                                                        NOPX
.delay_slot
.swstall delay_slot
	   276    0x00 0x00                                                                        NOPX
	   278    0xf2 0xa3 0x20 0x00 0x22 0x2c                                                    LDA p2, [sp, #-108];                                                                      MOVX r0, #4
	   284    0x07 0x98 0x99 0x18                                                              LDA p1, [sp, #-104]
	   288    0x07 0x9c 0x19 0x18                                                              LDA p0, [sp, #-100]
	   292    0x00 0x00 0x00 0x00 0x01 0x04                                                                                                                                              JL #_ZL8run_bodyILi5ELi10EEvPKhS1_PKiS3_PiS4_iS4_
.delay_slot
	   298    0x1c 0x66 0xa0 0xf8                                                                                                                                                                                      MOV p4, r13
.delay_slot
	   302    0x1d 0x6c 0xc0 0xf8                                                                                                                                                                                      MOV p5, p6
.delay_slot
	   306    0x0f 0xfd 0x9d 0x98                                                                                                                          ST p3, [sp, #-4]
.delay_slot
	   310    0x0b 0x9c 0x8b 0x18                                                                                                                          MOVS p3, p7
.delay_slot
.swstall delay_slot
	   314    0x00 0x2c 0xf0 0x00 0x20 0x3c                                                    NOPA;                         NOPB
.return_address
	   320    0xf2 0xbe 0x20 0x40 0x32 0x2c                                                    LDA r15, [sp, #-108];                                                                     MOVX r16, #6
	   326    0x13 0x21 0x0c 0x98                                                                                                                                                        LTU r16, r12, r16
	   330    0x80 0x00 0xf8 0x40 0x01 0x84                                                                                                                                              JNZ r16, #TGT_Fbitnet_ternary_layer_scheduler_496
.delay_slot
	   336    0x1b 0x67 0x20 0xf8                                                                                                                                                                                      MOV p3, r14
.delay_slot
.swstall delay_slot
	   340    0x00 0x00                                                                        NOPX
.delay_slot
.swstall delay_slot
	   342    0x00 0x00                                                                        NOPX
.delay_slot
.swstall delay_slot
	   344    0x00 0x00                                                                        NOPX
.delay_slot
.swstall delay_slot
	   346    0x00 0x00                                                                        NOPX
	   348    0xf3 0x13 0x24 0xcf 0x41 0xd4                                                    LDA p1, [sp, #-104];                                                                                                    MOV p2, r15
	   354    0x07 0x9c 0x19 0x18                                                              LDA p0, [sp, #-100]
	   358    0x00 0x00 0x00 0x00 0x01 0x04                                                                                                                                              JL #_ZL8run_bodyILi28ELi10EEvPKhS1_PKiS3_PiS4_iS4_
.delay_slot
	   364    0x1c 0x66 0xa0 0xf8                                                                                                                                                                                      MOV p4, r13
.delay_slot
	   368    0x1d 0x6c 0xc0 0xf8                                                                                                                                                                                      MOV p5, p6
.delay_slot
	   372    0x0f 0xfd 0x9d 0x98                                                                                                                          ST p3, [sp, #-4]
.delay_slot
	   376    0x0b 0x9c 0x8b 0x18                                                                                                                          MOVS p3, p7
.delay_slot
.swstall delay_slot
	   380    0x00 0x01 0x67 0x98                                                              NOPA
.return_address
	   384    0xf3 0x13 0x22 0x8f 0x0b 0x00 0xe0 0xc9 0xb3 0x90 0x78 0x76                      LDA p1, [sp, #-104];                                        MOVS p2, r15;                 MOVX r14, #6;                 MOV p3, r14
	   396    0x07 0x9c 0x19 0x18                                                              LDA p0, [sp, #-100]
	   400    0x00 0x00 0x00 0x00 0x01 0x04                                                                                                                                              JL #_ZL8run_bodyILi28ELi10EEvPKhS1_PKiS3_PiS4_iS4_
.delay_slot
	   406    0x1c 0x66 0xa0 0xf8                                                                                                                                                                                      MOV p4, r13
.delay_slot
	   410    0x1d 0x6c 0xc0 0xf8                                                                                                                                                                                      MOV p5, p6
.delay_slot
	   414    0x0f 0xfd 0x9d 0x98                                                                                                                          ST p3, [sp, #-4]
.delay_slot
	   418    0x0b 0x9c 0x8b 0x18                                                                                                                          MOVS p3, p7
.delay_slot
.swstall delay_slot
	   422    0x00 0x2c 0xf0 0x00 0x10 0x00 0x01 0xa5 0x7e 0xba                                NOPA;                         NOPB;                                                                                     NOPM
.return_address
	   432    0xf4 0xd3 0x27 0x41 0x8f 0x2c                                                    LDA p5, [sp, #-92];                                                                       EQ r16, r14, r12
	   438    0x80 0x00 0xf8 0x40 0x01 0x84                                                                                                                                              JNZ r16, #TGT_Fbitnet_ternary_layer_scheduler_496
.delay_slot
.swstall delay_slot
	   444    0x00 0x00                                                                        NOPX
.delay_slot
.swstall delay_slot
	   446    0x00 0x00                                                                        NOPX
.delay_slot
.swstall delay_slot
	   448    0x00 0x00                                                                        NOPX
.delay_slot
.swstall delay_slot
	   450    0x00 0x00                                                                        NOPX
.delay_slot
.swstall delay_slot
	   452    0x00 0x00                                                                        NOPX
	   454    0xf3 0x13 0x24 0xcf 0x41 0xd4                                                    LDA p1, [sp, #-104];                                                                                                    MOV p2, r15
	   460    0x07 0x9c 0x19 0x18                                                              LDA p0, [sp, #-100]
	   464    0x00 0x00 0x00 0x00 0x01 0x04                                                                                                                                              JL #_ZL8run_bodyILi5ELi27EEvPKhS1_PKiS3_PiS4_iS4_
.delay_slot
	   470    0x1c 0x66 0xa0 0xf8                                                                                                                                                                                      MOV p4, r13
.delay_slot
	   474    0x1b 0x6e 0xc0 0xf8                                                                                                                                                                                      MOV p3, p7
.delay_slot
	   478    0x0f 0xfe 0x9d 0x98                                                                                                                          ST p5, [sp, #-4]
.delay_slot
	   482    0x0d 0x98 0x8b 0x18                                                                                                                          MOVS p5, p6
.delay_slot
.swstall delay_slot
	   486    0x00 0x2c 0xf0 0x00 0x10 0x00 0x01 0xa5 0x7e 0xba                                NOPA;                         NOPB;                                                                                     NOPM
.label TGT_Fbitnet_ternary_layer_scheduler_496
.return_address
	   496    0xf6 0x73 0x2e 0xeb 0x41 0xd4                                                    LDA p7, [sp, #-80];                                                                                                     MOV lr, r11
	   502    0x07 0xa1 0x91 0x18                                                              LDA r12, [sp, #-96]
	   506    0x07 0xbb 0x19 0x18                                                              LDA p6, [sp, #-72]
	   510    0x07 0xa9 0xb1 0x18                                                              LDA r13, [sp, #-88]
	   514    0x07 0xad 0xd1 0x18                                                              LDA r14, [sp, #-84]
	   518    0x07 0xb5 0xf1 0x18                                                              LDA r15, [sp, #-76]
	   522    0x07 0xbd 0x71 0x18                                                              LDA r11, [sp, #-68]
	   526    0x10 0x28 0x00 0x18                                                                                                                                                        RET lr
.delay_slot
	   530    0xff 0xe8 0x00 0x00 0x01 0xc4                                                                                                                                              PADDXM [sp], #-192
.delay_slot
.swstall delay_slot
	   536    0x00 0x00                                                                        NOPX
.delay_slot
.swstall delay_slot
	   538    0x00 0x00                                                                        NOPX
.delay_slot
.swstall delay_slot
	   540    0x00 0x00                                                                        NOPX
.label bitnet_ternary_layer_scheduler__end last
.delay_slot
.swstall delay_slot
	   542    0x00 0x00                                                                        NOPX

.undef global data _ZN12me_primitive11control_rndE

.text_segment_name
.text global 10 bitnet_ternary_micro
.function_start
	     0    0x01 0x05 0x40 0x3f 0x22 0x80 0x8b 0x00 0x02 0x00 0x00 0x00 0x70 0x0f 0x00 0xe9  MOVA lc, #8;                  PADDB [p0], #64;              MOVS p2, p0;                  PADDXM [sp], #64;                                                     VCLR dm1
	    16    0xff 0xc0 0x00 0x38 0x68 0x00 0x00 0x0f 0x08 0x02 0xfe 0x3e 0xb0 0x7e            MOVA r0, #-2;                 VLDB x0, [p0], #64;           ST r15, [sp, #-16];           MOVXM ls, #(ZLS_Fbitnet_ternary_micro_128 + 0)
	    30    0xff 0x81 0x07 0xf9 0xd5 0x80 0x00 0x01 0xbc 0xe0 0x10 0x76                      MOVA r1, #-4;                                               ST r14, [sp, #-8];            MOVXM le, #(ZLE_Fbitnet_ternary_micro_2496 + 0)
	    42    0xff 0x42 0x07 0xfd 0xb5 0x80 0x00 0x01 0xb0 0x00 0x10 0x76                      MOVA r2, #-6;                                               ST r13, [sp, #-4];            MOVXM p3, #_ZN12me_primitive11control_rndE
	    54    0x60 0xbc 0x57 0xf5 0x95 0x81 0x17 0x8a 0x0a 0x60 0x78 0x76                      LDA.s8 r15, [p3];                                           ST r12, [sp, #-12];           MOVX r17, #60;                MOV r16, p2
	    66    0x00 0x3d 0x00 0x19 0x27 0x88 0x70 0x05 0x58 0xba                                MOVA r29, #1;                                                                             MOVX r18, #828;               MOV s0, #5
	    76    0x01 0x75 0x00 0x00 0x62 0xe8 0x02 0x45 0x78 0xba                                MOVA r21, #11;                                                                            MOVX r6, #23;                 VMOV cml0, cml1
	    86    0x00 0xf6 0x00 0x01 0x71 0x29 0x70 0x14 0x58 0xba                                MOVA r22, #7;                                                                             MOVX r23, #9;                 MOV s1, #20
	    96    0x00 0x38 0x00 0x00 0x00 0x2f 0x2f 0xc0 0x10 0xba                                MOVA r24, #1;                                                                             MOVXM r25, #49024
	   106    0x00 0x4c 0x00 0x00 0x00 0x0d 0xaf 0xc0 0x10 0xba                                MOVA r12, #2;                                                                             MOVXM r13, #16256
	   116    0x00 0x2c 0xf0 0x38 0x2a 0x2c                                                    NOPA;                                                                                     MOVX r14, #5
	   122    0x7f 0x50 0x07 0xa0 0x0d 0x64                                                                                                                                              MOVX crRnd, r15;              MOV r15, #3
.label ZLS_Fbitnet_ternary_micro_128
.loop_nesting 1
.begin_of_loop
	   128    0x02 0x1f 0x4a 0x98                                                              LDA.u8 r26, [p2], #1
	   132    0x00 0x00                                                                        NOPX
	   134    0x00 0x00                                                                        NOPX
	   136    0x00 0x00                                                                        NOPX
	   138    0x00 0x00                                                                        NOPX
	   140    0x00 0x00                                                                        NOPX
	   142    0x00 0x00                                                                        NOPX
	   144    0x13 0xf7 0xa4 0x98                                                                                                                                                        AND r27, r15, r26
	   148    0x16 0xf8 0xc7 0x98                                                                                                                                                        EQ r28, r27, r12
	   152    0xe0 0x00 0x68 0x40 0x01 0x84                                                                                                                                              JNZ r28, #TGT_Fbitnet_ternary_micro_208
.delay_slot
	   158    0x1f 0x96 0xa0 0xf8                                                                                                                                                                                      MOV r30, r13
.delay_slot
.swstall delay_slot
	   162    0x00 0x00                                                                        NOPX
.delay_slot
.swstall delay_slot
	   164    0x00 0x00                                                                        NOPX
.delay_slot
.swstall delay_slot
	   166    0x00 0x00                                                                        NOPX
.delay_slot
.swstall delay_slot
	   168    0x00 0x00                                                                        NOPX
	   170    0x16 0xf7 0x88 0x98                                                                                                                                                        NE r27, r27, r24
	   174    0xd8 0x00 0x68 0x40 0x01 0x84                                                                                                                                              JNZ r27, #TGT_Fbitnet_ternary_micro_208
.delay_slot
	   180    0x1f 0x9c 0xa0 0xf8                                                                                                                                                                                      MOV r30, r25
.delay_slot
.swstall delay_slot
	   184    0x00 0x00                                                                        NOPX
.delay_slot
.swstall delay_slot
	   186    0x00 0x00                                                                        NOPX
.delay_slot
.swstall delay_slot
	   188    0x00 0x00                                                                        NOPX
.delay_slot
.swstall delay_slot
	   190    0x00 0x00                                                                        NOPX
	   192    0x00 0x2c 0xf0 0x00 0x20 0x01 0x5b 0x01 0xe0 0x08 0x01 0xa5 0x78 0x00 0x00 0xe1  NOPA;                         NOPB;                         NOPS;                         MOVX r30, #0;                 NOPM;                                   NOPV
.label TGT_Fbitnet_ternary_micro_208
	   208    0x16 0xb6 0x0d 0x98                                                                                                                                                        LSHL r27, r26, r0
	   212    0x13 0xf7 0xb4 0x98                                                                                                                                                        AND r27, r15, r27
	   216    0x16 0xf8 0xc7 0x98                                                                                                                                                        EQ r28, r27, r12
	   220    0xe0 0x00 0x88 0x40 0x01 0x84                                                                                                                                              JNZ r28, #TGT_Fbitnet_ternary_micro_272
.delay_slot
	   226    0x18 0x83 0xc9 0x78                                                                                                                                                                                      VINSERT.16 x1, x0, #0, r30
.delay_slot
.swstall delay_slot
	   230    0x00 0x00                                                                        NOPX
.delay_slot
.swstall delay_slot
	   232    0x00 0x00                                                                        NOPX
.delay_slot
.swstall delay_slot
	   234    0x00 0x00                                                                        NOPX
.delay_slot
	   236    0x1f 0x96 0xa0 0xf8                                                                                                                                                                                      MOV r30, r13
	   240    0x16 0xf7 0x88 0x98                                                                                                                                                        NE r27, r27, r24
	   244    0xd8 0x00 0x88 0x40 0x01 0x84                                                                                                                                              JNZ r27, #TGT_Fbitnet_ternary_micro_272
.delay_slot
	   250    0x1f 0x9c 0xa0 0xf8                                                                                                                                                                                      MOV r30, r25
.delay_slot
.swstall delay_slot
	   254    0x00 0x00                                                                        NOPX
.delay_slot
.swstall delay_slot
	   256    0x00 0x00                                                                        NOPX
.delay_slot
.swstall delay_slot
	   258    0x00 0x00                                                                        NOPX
.delay_slot
.swstall delay_slot
	   260    0x00 0x00                                                                        NOPX
	   262    0x00 0x2c 0xf0 0x01 0x5b 0x00 0x00 0x3c 0x01 0x7a                                NOPA;                                                       NOPS;                         MOVX r30, #0
.label TGT_Fbitnet_ternary_micro_272
	   272    0x16 0xb6 0x1d 0x98                                                                                                                                                        LSHL r27, r26, r1
	   276    0x13 0xf7 0xb4 0x98                                                                                                                                                        AND r27, r15, r27
	   280    0x16 0xf8 0xc7 0x98                                                                                                                                                        EQ r28, r27, r12
	   284    0xe0 0x00 0xa8 0x40 0x01 0x84                                                                                                                                              JNZ r28, #TGT_Fbitnet_ternary_micro_336
.delay_slot
	   290    0x18 0x8f 0xc9 0x78                                                                                                                                                                                      VINSERT.16 x1, x1, r29, r30
.delay_slot
.swstall delay_slot
	   294    0x00 0x00                                                                        NOPX
.delay_slot
.swstall delay_slot
	   296    0x00 0x00                                                                        NOPX
.delay_slot
.swstall delay_slot
	   298    0x00 0x00                                                                        NOPX
.delay_slot
	   300    0x07 0x41 0x2f 0x2d 0x41 0xe4                                                                                                                                              MOVX r29, #2;                 MOV r30, r13
	   306    0x16 0xf7 0x88 0x98                                                                                                                                                        NE r27, r27, r24
	   310    0xd8 0x00 0xa8 0x40 0x01 0x84                                                                                                                                              JNZ r27, #TGT_Fbitnet_ternary_micro_336
.delay_slot
	   316    0x1f 0x9c 0xa0 0xf8                                                                                                                                                                                      MOV r30, r25
.delay_slot
.swstall delay_slot
	   320    0x00 0x00                                                                        NOPX
.delay_slot
.swstall delay_slot
	   322    0x00 0x00                                                                        NOPX
.delay_slot
.swstall delay_slot
	   324    0x00 0x00                                                                        NOPX
.delay_slot
.swstall delay_slot
	   326    0x00 0x00                                                                        NOPX
	   328    0x00 0x01 0xe0 0x09 0x00 0x00 0x1c 0x22                                                                                                                                    MOVX r30, #0;                                                         NOPV
.label TGT_Fbitnet_ternary_micro_336
	   336    0x16 0xb4 0x2d 0x98                                                                                                                                                        LSHL r26, r26, r2
	   340    0x16 0xb8 0xc7 0x98                                                                                                                                                        EQ r28, r26, r12
	   344    0xe0 0x00 0xc8 0x40 0x01 0x84                                                                                                                                              JNZ r28, #TGT_Fbitnet_ternary_micro_400
.delay_slot
	   350    0x18 0x8f 0xc9 0x78                                                                                                                                                                                      VINSERT.16 x1, x1, r29, r30
.delay_slot
.swstall delay_slot
	   354    0x00 0x00                                                                        NOPX
.delay_slot
.swstall delay_slot
	   356    0x00 0x00                                                                        NOPX
.delay_slot
.swstall delay_slot
	   358    0x00 0x00                                                                        NOPX
.delay_slot
	   360    0x1e 0xd6 0xa0 0xf8                                                                                                                                                                                      MOV r27, r13
	   364    0x16 0xb5 0x88 0x98                                                                                                                                                        NE r26, r26, r24
	   368    0xd0 0x00 0xc8 0x40 0x01 0x84                                                                                                                                              JNZ r26, #TGT_Fbitnet_ternary_micro_400
.delay_slot
	   374    0x1e 0xdc 0xa0 0xf8                                                                                                                                                                                      MOV r27, r25
.delay_slot
.swstall delay_slot
	   378    0x00 0x00                                                                        NOPX
.delay_slot
.swstall delay_slot
	   380    0x00 0x00                                                                        NOPX
.delay_slot
.swstall delay_slot
	   382    0x00 0x00                                                                        NOPX
.delay_slot
.swstall delay_slot
	   384    0x00 0x00                                                                        NOPX
	   386    0x00 0x2c 0xf0 0x00 0x20 0x36 0x01 0x00 0x34 0xaf 0x00 0x2b 0x60 0x7e            NOPA;                         NOPB;                         NOPS;                         MOVX r27, #0;                 NOPM
.label TGT_Fbitnet_ternary_micro_400
	   400    0x02 0x1f 0x4a 0x98                                                              LDA.u8 r26, [p2], #1
	   404    0x00 0x00                                                                        NOPX
	   406    0x00 0x00                                                                        NOPX
	   408    0x00 0x00                                                                        NOPX
	   410    0x00 0x00                                                                        NOPX
	   412    0x00 0x00                                                                        NOPX
	   414    0x00 0x00                                                                        NOPX
	   416    0x13 0xf9 0xa4 0x98                                                                                                                                                        AND r28, r15, r26
	   420    0x17 0x3c 0xc7 0x98                                                                                                                                                        EQ r30, r28, r12
	   424    0xf0 0x00 0xf0 0x40 0x01 0x84                                                                                                                                              JNZ r30, #TGT_Fbitnet_ternary_micro_480
.delay_slot
	   430    0x10 0x3a 0x0d 0x18                                                                                                                                                        MOVX r29, #3
.delay_slot
	   434    0x18 0x8f 0x69 0x78                                                                                                                                                                                      VINSERT.16 x1, x1, r29, r27
.delay_slot
.swstall delay_slot
	   438    0x00 0x00                                                                        NOPX
.delay_slot
.swstall delay_slot
	   440    0x00 0x00                                                                        NOPX
.delay_slot
	   442    0x1e 0xd6 0xa0 0xf8                                                                                                                                                                                      MOV r27, r13
	   446    0x17 0x39 0x88 0x98                                                                                                                                                        NE r28, r28, r24
	   450    0xe0 0x00 0xf0 0x40 0x01 0x84                                                                                                                                              JNZ r28, #TGT_Fbitnet_ternary_micro_480
.delay_slot
	   456    0x1e 0xdc 0xa0 0xf8                                                                                                                                                                                      MOV r27, r25
.delay_slot
.swstall delay_slot
	   460    0x00 0x00                                                                        NOPX
.delay_slot
.swstall delay_slot
	   462    0x00 0x00                                                                        NOPX
.delay_slot
.swstall delay_slot
	   464    0x00 0x00                                                                        NOPX
.delay_slot
.swstall delay_slot
	   466    0x00 0x00                                                                        NOPX
	   468    0x00 0x2c 0xf0 0x00 0x20 0x01 0xb0 0x08 0x00 0xad 0x81 0x36                      NOPA;                         NOPB;                         NOPS;                         MOVX r27, #0
.label TGT_Fbitnet_ternary_micro_480
	   480    0x16 0xb8 0x0d 0x98                                                                                                                                                        LSHL r28, r26, r0
	   484    0x13 0xf9 0xc4 0x98                                                                                                                                                        AND r28, r15, r28
	   488    0x17 0x3c 0xc7 0x98                                                                                                                                                        EQ r30, r28, r12
	   492    0xf0 0x01 0x10 0x40 0x01 0x84                                                                                                                                              JNZ r30, #TGT_Fbitnet_ternary_micro_544
.delay_slot
	   498    0x10 0x3a 0x11 0x18                                                                                                                                                        MOVX r29, #4
.delay_slot
	   502    0x18 0x8f 0x69 0x78                                                                                                                                                                                      VINSERT.16 x1, x1, r29, r27
.delay_slot
.swstall delay_slot
	   506    0x00 0x00                                                                        NOPX
.delay_slot
.swstall delay_slot
	   508    0x00 0x00                                                                        NOPX
.delay_slot
	   510    0x1e 0xd6 0xa0 0xf8                                                                                                                                                                                      MOV r27, r13
	   514    0x17 0x39 0x88 0x98                                                                                                                                                        NE r28, r28, r24
	   518    0xe0 0x01 0x10 0x40 0x01 0x84                                                                                                                                              JNZ r28, #TGT_Fbitnet_ternary_micro_544
.delay_slot
	   524    0x1e 0xdc 0xa0 0xf8                                                                                                                                                                                      MOV r27, r25
.delay_slot
.swstall delay_slot
	   528    0x00 0x00                                                                        NOPX
.delay_slot
.swstall delay_slot
	   530    0x00 0x00                                                                        NOPX
.delay_slot
.swstall delay_slot
	   532    0x00 0x00                                                                        NOPX
.delay_slot
.swstall delay_slot
	   534    0x00 0x00                                                                        NOPX
	   536    0x00 0x01 0xb0 0x09 0x00 0x00 0x1c 0x22                                                                                                                                    MOVX r27, #0;                                                         NOPV
.label TGT_Fbitnet_ternary_micro_544
	   544    0xd7 0x03 0xbe 0xa3 0x81 0xe4                                                                                                                                              LSHL r28, r26, r1;            MOV r29, s0
	   550    0x7e 0xf8 0x91 0x1e 0xd2 0xe4                                                                                                                                              AND r27, r15, r28;            VINSERT.16 x1, x1, r29, r27
	   556    0xdf 0x18 0xff 0x2d 0x41 0xe4                                                                                                                                              EQ r28, r27, r12;             MOV r30, r13
	   562    0xe0 0x01 0x30 0x40 0x01 0x84                                                                                                                                              JNZ r28, #TGT_Fbitnet_ternary_micro_608
.delay_slot
	   568    0x10 0x3a 0x19 0x18                                                                                                                                                        MOVX r29, #6
.delay_slot
.swstall delay_slot
	   572    0x00 0x00                                                                        NOPX
.delay_slot
.swstall delay_slot
	   574    0x00 0x00                                                                        NOPX
.delay_slot
.swstall delay_slot
	   576    0x00 0x00                                                                        NOPX
.delay_slot
.swstall delay_slot
	   578    0x00 0x00                                                                        NOPX
	   580    0x16 0xf7 0x88 0x98                                                                                                                                                        NE r27, r27, r24
	   584    0xd8 0x01 0x30 0x40 0x01 0x84                                                                                                                                              JNZ r27, #TGT_Fbitnet_ternary_micro_608
.delay_slot
	   590    0x1f 0x9c 0xa0 0xf8                                                                                                                                                                                      MOV r30, r25
.delay_slot
.swstall delay_slot
	   594    0x00 0x00                                                                        NOPX
.delay_slot
.swstall delay_slot
	   596    0x00 0x00                                                                        NOPX
.delay_slot
.swstall delay_slot
	   598    0x00 0x00                                                                        NOPX
.delay_slot
.swstall delay_slot
	   600    0x00 0x00                                                                        NOPX
	   602    0x00 0x2c 0xf0 0x78 0x02 0x2c                                                    NOPA;                                                                                     MOVX r30, #0
.label TGT_Fbitnet_ternary_micro_608
	   608    0x16 0xb4 0x2d 0x98                                                                                                                                                        LSHL r26, r26, r2
	   612    0x16 0xb8 0xc7 0x98                                                                                                                                                        EQ r28, r26, r12
	   616    0xe0 0x01 0x50 0x40 0x01 0x84                                                                                                                                              JNZ r28, #TGT_Fbitnet_ternary_micro_672
.delay_slot
	   622    0x18 0x8f 0xc9 0x78                                                                                                                                                                                      VINSERT.16 x1, x1, r29, r30
.delay_slot
.swstall delay_slot
	   626    0x00 0x00                                                                        NOPX
.delay_slot
.swstall delay_slot
	   628    0x00 0x00                                                                        NOPX
.delay_slot
.swstall delay_slot
	   630    0x00 0x00                                                                        NOPX
.delay_slot
	   632    0x1e 0xd6 0xa0 0xf8                                                                                                                                                                                      MOV r27, r13
	   636    0x16 0xb5 0x88 0x98                                                                                                                                                        NE r26, r26, r24
	   640    0xd0 0x01 0x50 0x40 0x01 0x84                                                                                                                                              JNZ r26, #TGT_Fbitnet_ternary_micro_672
.delay_slot
	   646    0x1e 0xdc 0xa0 0xf8                                                                                                                                                                                      MOV r27, r25
.delay_slot
.swstall delay_slot
	   650    0x00 0x00                                                                        NOPX
.delay_slot
.swstall delay_slot
	   652    0x00 0x00                                                                        NOPX
.delay_slot
.swstall delay_slot
	   654    0x00 0x00                                                                        NOPX
.delay_slot
.swstall delay_slot
	   656    0x00 0x00                                                                        NOPX
	   658    0x00 0x2c 0xf0 0x00 0x20 0x36 0x01 0x00 0x34 0xaf 0x00 0x2b 0x60 0x7e            NOPA;                         NOPB;                         NOPS;                         MOVX r27, #0;                 NOPM
.label TGT_Fbitnet_ternary_micro_672
	   672    0x02 0x1f 0x4a 0x98                                                              LDA.u8 r26, [p2], #1
	   676    0x00 0x00                                                                        NOPX
	   678    0x00 0x00                                                                        NOPX
	   680    0x00 0x00                                                                        NOPX
	   682    0x00 0x00                                                                        NOPX
	   684    0x00 0x00                                                                        NOPX
	   686    0x00 0x00                                                                        NOPX
	   688    0x13 0xf9 0xa4 0x98                                                                                                                                                        AND r28, r15, r26
	   692    0x17 0x3c 0xc7 0x98                                                                                                                                                        EQ r30, r28, r12
	   696    0xf0 0x01 0x78 0x40 0x01 0x84                                                                                                                                              JNZ r30, #TGT_Fbitnet_ternary_micro_752
.delay_slot
	   702    0x10 0x3a 0x1d 0x18                                                                                                                                                        MOVX r29, #7
.delay_slot
	   706    0x18 0x8f 0x69 0x78                                                                                                                                                                                      VINSERT.16 x1, x1, r29, r27
.delay_slot
.swstall delay_slot
	   710    0x00 0x00                                                                        NOPX
.delay_slot
.swstall delay_slot
	   712    0x00 0x00                                                                        NOPX
.delay_slot
	   714    0x1e 0xd6 0xa0 0xf8                                                                                                                                                                                      MOV r27, r13
	   718    0x17 0x39 0x88 0x98                                                                                                                                                        NE r28, r28, r24
	   722    0xe0 0x01 0x78 0x40 0x01 0x84                                                                                                                                              JNZ r28, #TGT_Fbitnet_ternary_micro_752
.delay_slot
	   728    0x1e 0xdc 0xa0 0xf8                                                                                                                                                                                      MOV r27, r25
.delay_slot
.swstall delay_slot
	   732    0x00 0x00                                                                        NOPX
.delay_slot
.swstall delay_slot
	   734    0x00 0x00                                                                        NOPX
.delay_slot
.swstall delay_slot
	   736    0x00 0x00                                                                        NOPX
.delay_slot
.swstall delay_slot
	   738    0x00 0x00                                                                        NOPX
	   740    0x00 0x2c 0xf0 0x00 0x20 0x01 0xb0 0x08 0x00 0xad 0x81 0x36                      NOPA;                         NOPB;                         NOPS;                         MOVX r27, #0
.label TGT_Fbitnet_ternary_micro_752
	   752    0xd7 0x01 0xbe 0xa0 0x21 0x64                                                                                                                                              LSHL r28, r26, r0;            MOV r29, #8
	   758    0x7f 0x38 0x91 0x1e 0xd2 0xe4                                                                                                                                              AND r28, r15, r28;            VINSERT.16 x1, x1, r29, r27
	   764    0x17 0x36 0xc7 0x98                                                                                                                                                        EQ r27, r28, r12
	   768    0xd8 0x01 0x98 0x40 0x01 0x84                                                                                                                                              JNZ r27, #TGT_Fbitnet_ternary_micro_816
.delay_slot
	   774    0x1f 0x96 0xa0 0xf8                                                                                                                                                                                      MOV r30, r13
.delay_slot
.swstall delay_slot
	   778    0x00 0x00                                                                        NOPX
.delay_slot
.swstall delay_slot
	   780    0x00 0x00                                                                        NOPX
.delay_slot
.swstall delay_slot
	   782    0x00 0x00                                                                        NOPX
.delay_slot
.swstall delay_slot
	   784    0x00 0x00                                                                        NOPX
	   786    0x17 0x37 0x88 0x98                                                                                                                                                        NE r27, r28, r24
	   790    0xd8 0x01 0x98 0x40 0x01 0x84                                                                                                                                              JNZ r27, #TGT_Fbitnet_ternary_micro_816
.delay_slot
	   796    0x1f 0x9c 0xa0 0xf8                                                                                                                                                                                      MOV r30, r25
.delay_slot
.swstall delay_slot
	   800    0x00 0x00                                                                        NOPX
.delay_slot
.swstall delay_slot
	   802    0x00 0x00                                                                        NOPX
.delay_slot
.swstall delay_slot
	   804    0x00 0x00                                                                        NOPX
.delay_slot
.swstall delay_slot
	   806    0x00 0x00                                                                        NOPX
	   808    0x00 0x01 0xe0 0x09 0x00 0x00 0x1c 0x22                                                                                                                                    MOVX r30, #0;                                                         NOPV
.label TGT_Fbitnet_ternary_micro_816
	   816    0x16 0xb6 0x1d 0x98                                                                                                                                                        LSHL r27, r26, r1
	   820    0x13 0xf7 0xb4 0x98                                                                                                                                                        AND r27, r15, r27
	   824    0x16 0xf8 0xc7 0x98                                                                                                                                                        EQ r28, r27, r12
	   828    0xe0 0x01 0xb8 0x40 0x01 0x84                                                                                                                                              JNZ r28, #TGT_Fbitnet_ternary_micro_880
.delay_slot
	   834    0x10 0x3a 0x25 0x18                                                                                                                                                        MOVX r29, #9
.delay_slot
	   838    0x18 0x8f 0xc9 0x78                                                                                                                                                                                      VINSERT.16 x1, x1, r29, r30
.delay_slot
.swstall delay_slot
	   842    0x00 0x00                                                                        NOPX
.delay_slot
.swstall delay_slot
	   844    0x00 0x00                                                                        NOPX
.delay_slot
	   846    0x07 0x45 0x2f 0x2d 0x41 0xe4                                                                                                                                              MOVX r29, #10;                MOV r30, r13
	   852    0x16 0xf7 0x88 0x98                                                                                                                                                        NE r27, r27, r24
	   856    0xd8 0x01 0xb8 0x40 0x01 0x84                                                                                                                                              JNZ r27, #TGT_Fbitnet_ternary_micro_880
.delay_slot
	   862    0x1f 0x9c 0xa0 0xf8                                                                                                                                                                                      MOV r30, r25
.delay_slot
.swstall delay_slot
	   866    0x00 0x00                                                                        NOPX
.delay_slot
.swstall delay_slot
	   868    0x00 0x00                                                                        NOPX
.delay_slot
.swstall delay_slot
	   870    0x00 0x00                                                                        NOPX
.delay_slot
.swstall delay_slot
	   872    0x00 0x00                                                                        NOPX
	   874    0x00 0x2c 0xf0 0x78 0x02 0x2c                                                    NOPA;                                                                                     MOVX r30, #0
.label TGT_Fbitnet_ternary_micro_880
	   880    0x16 0xb4 0x2d 0x98                                                                                                                                                        LSHL r26, r26, r2
	   884    0x16 0xb8 0xc7 0x98                                                                                                                                                        EQ r28, r26, r12
	   888    0xe0 0x01 0xd8 0x40 0x01 0x84                                                                                                                                              JNZ r28, #TGT_Fbitnet_ternary_micro_944
.delay_slot
	   894    0x18 0x8f 0xc9 0x78                                                                                                                                                                                      VINSERT.16 x1, x1, r29, r30
.delay_slot
.swstall delay_slot
	   898    0x00 0x00                                                                        NOPX
.delay_slot
.swstall delay_slot
	   900    0x00 0x00                                                                        NOPX
.delay_slot
.swstall delay_slot
	   902    0x00 0x00                                                                        NOPX
.delay_slot
	   904    0x1e 0xd6 0xa0 0xf8                                                                                                                                                                                      MOV r27, r13
	   908    0x16 0xb5 0x88 0x98                                                                                                                                                        NE r26, r26, r24
	   912    0xd0 0x01 0xd8 0x40 0x01 0x84                                                                                                                                              JNZ r26, #TGT_Fbitnet_ternary_micro_944
.delay_slot
	   918    0x1e 0xdc 0xa0 0xf8                                                                                                                                                                                      MOV r27, r25
.delay_slot
.swstall delay_slot
	   922    0x00 0x00                                                                        NOPX
.delay_slot
.swstall delay_slot
	   924    0x00 0x00                                                                        NOPX
.delay_slot
.swstall delay_slot
	   926    0x00 0x00                                                                        NOPX
.delay_slot
.swstall delay_slot
	   928    0x00 0x00                                                                        NOPX
	   930    0x00 0x2c 0xf0 0x00 0x20 0x36 0x01 0x00 0x34 0xaf 0x00 0x2b 0x60 0x7e            NOPA;                         NOPB;                         NOPS;                         MOVX r27, #0;                 NOPM
.label TGT_Fbitnet_ternary_micro_944
	   944    0x02 0x1f 0x4a 0x98                                                              LDA.u8 r26, [p2], #1
	   948    0x00 0x00                                                                        NOPX
	   950    0x00 0x00                                                                        NOPX
	   952    0x00 0x00                                                                        NOPX
	   954    0x00 0x00                                                                        NOPX
	   956    0x00 0x00                                                                        NOPX
	   958    0x00 0x00                                                                        NOPX
	   960    0x13 0xf9 0xa4 0x98                                                                                                                                                        AND r28, r15, r26
	   964    0x17 0x3c 0xc7 0x98                                                                                                                                                        EQ r30, r28, r12
	   968    0xf0 0x02 0x00 0x40 0x01 0x84                                                                                                                                              JNZ r30, #TGT_Fbitnet_ternary_micro_1024
.delay_slot
	   974    0x10 0x3a 0x2d 0x18                                                                                                                                                        MOVX r29, #11
.delay_slot
	   978    0x18 0x8f 0x69 0x78                                                                                                                                                                                      VINSERT.16 x1, x1, r29, r27
.delay_slot
.swstall delay_slot
	   982    0x00 0x00                                                                        NOPX
.delay_slot
.swstall delay_slot
	   984    0x00 0x00                                                                        NOPX
.delay_slot
	   986    0x1e 0xd6 0xa0 0xf8                                                                                                                                                                                      MOV r27, r13
	   990    0x17 0x39 0x88 0x98                                                                                                                                                        NE r28, r28, r24
	   994    0xe0 0x02 0x00 0x40 0x01 0x84                                                                                                                                              JNZ r28, #TGT_Fbitnet_ternary_micro_1024
.delay_slot
	  1000    0x1e 0xdc 0xa0 0xf8                                                                                                                                                                                      MOV r27, r25
.delay_slot
.swstall delay_slot
	  1004    0x00 0x00                                                                        NOPX
.delay_slot
.swstall delay_slot
	  1006    0x00 0x00                                                                        NOPX
.delay_slot
.swstall delay_slot
	  1008    0x00 0x00                                                                        NOPX
.delay_slot
.swstall delay_slot
	  1010    0x00 0x00                                                                        NOPX
	  1012    0x00 0x2c 0xf0 0x00 0x20 0x01 0xb0 0x08 0x00 0xad 0x81 0x36                      NOPA;                         NOPB;                         NOPS;                         MOVX r27, #0
.label TGT_Fbitnet_ternary_micro_1024
	  1024    0x16 0xb8 0x0d 0x98                                                                                                                                                        LSHL r28, r26, r0
	  1028    0x13 0xf9 0xc4 0x98                                                                                                                                                        AND r28, r15, r28
	  1032    0x17 0x3c 0xc7 0x98                                                                                                                                                        EQ r30, r28, r12
	  1036    0xf0 0x02 0x20 0x40 0x01 0x84                                                                                                                                              JNZ r30, #TGT_Fbitnet_ternary_micro_1088
.delay_slot
	  1042    0x10 0x3a 0x31 0x18                                                                                                                                                        MOVX r29, #12
.delay_slot
	  1046    0x18 0x8f 0x69 0x78                                                                                                                                                                                      VINSERT.16 x1, x1, r29, r27
.delay_slot
.swstall delay_slot
	  1050    0x00 0x00                                                                        NOPX
.delay_slot
.swstall delay_slot
	  1052    0x00 0x00                                                                        NOPX
.delay_slot
	  1054    0x1e 0xd6 0xa0 0xf8                                                                                                                                                                                      MOV r27, r13
	  1058    0x17 0x39 0x88 0x98                                                                                                                                                        NE r28, r28, r24
	  1062    0xe0 0x02 0x20 0x40 0x01 0x84                                                                                                                                              JNZ r28, #TGT_Fbitnet_ternary_micro_1088
.delay_slot
	  1068    0x1e 0xdc 0xa0 0xf8                                                                                                                                                                                      MOV r27, r25
.delay_slot
.swstall delay_slot
	  1072    0x00 0x00                                                                        NOPX
.delay_slot
.swstall delay_slot
	  1074    0x00 0x00                                                                        NOPX
.delay_slot
.swstall delay_slot
	  1076    0x00 0x00                                                                        NOPX
.delay_slot
.swstall delay_slot
	  1078    0x00 0x00                                                                        NOPX
	  1080    0x00 0x01 0xb0 0x09 0x00 0x00 0x1c 0x22                                                                                                                                    MOVX r27, #0;                                                         NOPV
.label TGT_Fbitnet_ternary_micro_1088
	  1088    0x01 0xbd 0x00 0x35 0xc0 0xef 0xcb 0x50 0x78 0xba                                MOVA r29, #13;                                                                            LSHL r28, r26, r1;            MOV r30, r13
	  1098    0x7e 0xf8 0x91 0x1e 0xd2 0xe4                                                                                                                                              AND r27, r15, r28;            VINSERT.16 x1, x1, r29, r27
	  1104    0x16 0xf8 0xc7 0x98                                                                                                                                                        EQ r28, r27, r12
	  1108    0xe0 0x02 0x40 0x40 0x01 0x84                                                                                                                                              JNZ r28, #TGT_Fbitnet_ternary_micro_1152
.delay_slot
	  1114    0x10 0x3a 0x39 0x18                                                                                                                                                        MOVX r29, #14
.delay_slot
.swstall delay_slot
	  1118    0x00 0x00                                                                        NOPX
.delay_slot
.swstall delay_slot
	  1120    0x00 0x00                                                                        NOPX
.delay_slot
.swstall delay_slot
	  1122    0x00 0x00                                                                        NOPX
.delay_slot
.swstall delay_slot
	  1124    0x00 0x00                                                                        NOPX
	  1126    0x16 0xf7 0x88 0x98                                                                                                                                                        NE r27, r27, r24
	  1130    0xd8 0x02 0x40 0x40 0x01 0x84                                                                                                                                              JNZ r27, #TGT_Fbitnet_ternary_micro_1152
.delay_slot
	  1136    0x1f 0x9c 0xa0 0xf8                                                                                                                                                                                      MOV r30, r25
.delay_slot
.swstall delay_slot
	  1140    0x00 0x00                                                                        NOPX
.delay_slot
.swstall delay_slot
	  1142    0x00 0x00                                                                        NOPX
.delay_slot
.swstall delay_slot
	  1144    0x00 0x00                                                                        NOPX
.delay_slot
.swstall delay_slot
	  1146    0x00 0x00                                                                        NOPX
	  1148    0x10 0x3c 0x01 0x18                                                                                                                                                        MOVX r30, #0
.label TGT_Fbitnet_ternary_micro_1152
	  1152    0x16 0xb4 0x2d 0x98                                                                                                                                                        LSHL r26, r26, r2
	  1156    0x16 0xb8 0xc7 0x98                                                                                                                                                        EQ r28, r26, r12
	  1160    0xe0 0x02 0x60 0x40 0x01 0x84                                                                                                                                              JNZ r28, #TGT_Fbitnet_ternary_micro_1216
.delay_slot
	  1166    0x18 0x8f 0xc9 0x78                                                                                                                                                                                      VINSERT.16 x1, x1, r29, r30
.delay_slot
.swstall delay_slot
	  1170    0x00 0x00                                                                        NOPX
.delay_slot
.swstall delay_slot
	  1172    0x00 0x00                                                                        NOPX
.delay_slot
.swstall delay_slot
	  1174    0x00 0x00                                                                        NOPX
.delay_slot
	  1176    0x1e 0xd6 0xa0 0xf8                                                                                                                                                                                      MOV r27, r13
	  1180    0x16 0xb5 0x88 0x98                                                                                                                                                        NE r26, r26, r24
	  1184    0xd0 0x02 0x60 0x40 0x01 0x84                                                                                                                                              JNZ r26, #TGT_Fbitnet_ternary_micro_1216
.delay_slot
	  1190    0x1e 0xdc 0xa0 0xf8                                                                                                                                                                                      MOV r27, r25
.delay_slot
.swstall delay_slot
	  1194    0x00 0x00                                                                        NOPX
.delay_slot
.swstall delay_slot
	  1196    0x00 0x00                                                                        NOPX
.delay_slot
.swstall delay_slot
	  1198    0x00 0x00                                                                        NOPX
.delay_slot
.swstall delay_slot
	  1200    0x00 0x00                                                                        NOPX
	  1202    0x00 0x2c 0xf0 0x00 0x20 0x36 0x01 0x00 0x34 0xaf 0x00 0x2b 0x60 0x7e            NOPA;                         NOPB;                         NOPS;                         MOVX r27, #0;                 NOPM
.label TGT_Fbitnet_ternary_micro_1216
	  1216    0x02 0x1f 0x4a 0x98                                                              LDA.u8 r26, [p2], #1
	  1220    0x00 0x00                                                                        NOPX
	  1222    0x00 0x00                                                                        NOPX
	  1224    0x00 0x00                                                                        NOPX
	  1226    0x00 0x00                                                                        NOPX
	  1228    0x00 0x00                                                                        NOPX
	  1230    0x00 0x00                                                                        NOPX
	  1232    0x13 0xf9 0xa4 0x98                                                                                                                                                        AND r28, r15, r26
	  1236    0x17 0x3c 0xc7 0x98                                                                                                                                                        EQ r30, r28, r12
	  1240    0xf0 0x02 0x88 0x40 0x01 0x84                                                                                                                                              JNZ r30, #TGT_Fbitnet_ternary_micro_1296
.delay_slot
	  1246    0x10 0x3a 0x3d 0x18                                                                                                                                                        MOVX r29, #15
.delay_slot
	  1250    0x18 0x8f 0x69 0x78                                                                                                                                                                                      VINSERT.16 x1, x1, r29, r27
.delay_slot
.swstall delay_slot
	  1254    0x00 0x00                                                                        NOPX
.delay_slot
.swstall delay_slot
	  1256    0x00 0x00                                                                        NOPX
.delay_slot
	  1258    0x1e 0xd6 0xa0 0xf8                                                                                                                                                                                      MOV r27, r13
	  1262    0x17 0x39 0x88 0x98                                                                                                                                                        NE r28, r28, r24
	  1266    0xe0 0x02 0x88 0x40 0x01 0x84                                                                                                                                              JNZ r28, #TGT_Fbitnet_ternary_micro_1296
.delay_slot
	  1272    0x1e 0xdc 0xa0 0xf8                                                                                                                                                                                      MOV r27, r25
.delay_slot
.swstall delay_slot
	  1276    0x00 0x00                                                                        NOPX
.delay_slot
.swstall delay_slot
	  1278    0x00 0x00                                                                        NOPX
.delay_slot
.swstall delay_slot
	  1280    0x00 0x00                                                                        NOPX
.delay_slot
.swstall delay_slot
	  1282    0x00 0x00                                                                        NOPX
	  1284    0x00 0x2c 0xf0 0x00 0x20 0x01 0xb0 0x08 0x00 0xad 0x81 0x36                      NOPA;                         NOPB;                         NOPS;                         MOVX r27, #0
.label TGT_Fbitnet_ternary_micro_1296
	  1296    0x16 0xb8 0x0d 0x98                                                                                                                                                        LSHL r28, r26, r0
	  1300    0x13 0xf9 0xc4 0x98                                                                                                                                                        AND r28, r15, r28
	  1304    0x17 0x3c 0xc7 0x98                                                                                                                                                        EQ r30, r28, r12
	  1308    0xf0 0x02 0xa8 0x40 0x01 0x84                                                                                                                                              JNZ r30, #TGT_Fbitnet_ternary_micro_1360
.delay_slot
	  1314    0x10 0x3a 0x41 0x18                                                                                                                                                        MOVX r29, #16
.delay_slot
	  1318    0x18 0x8f 0x69 0x78                                                                                                                                                                                      VINSERT.16 x1, x1, r29, r27
.delay_slot
.swstall delay_slot
	  1322    0x00 0x00                                                                        NOPX
.delay_slot
.swstall delay_slot
	  1324    0x00 0x00                                                                        NOPX
.delay_slot
	  1326    0x1e 0xd6 0xa0 0xf8                                                                                                                                                                                      MOV r27, r13
	  1330    0x17 0x39 0x88 0x98                                                                                                                                                        NE r28, r28, r24
	  1334    0xe0 0x02 0xa8 0x40 0x01 0x84                                                                                                                                              JNZ r28, #TGT_Fbitnet_ternary_micro_1360
.delay_slot
	  1340    0x1e 0xdc 0xa0 0xf8                                                                                                                                                                                      MOV r27, r25
.delay_slot
.swstall delay_slot
	  1344    0x00 0x00                                                                        NOPX
.delay_slot
.swstall delay_slot
	  1346    0x00 0x00                                                                        NOPX
.delay_slot
.swstall delay_slot
	  1348    0x00 0x00                                                                        NOPX
.delay_slot
.swstall delay_slot
	  1350    0x00 0x00                                                                        NOPX
	  1352    0x00 0x01 0xb0 0x09 0x00 0x00 0x1c 0x22                                                                                                                                    MOVX r27, #0;                                                         NOPV
.label TGT_Fbitnet_ternary_micro_1360
	  1360    0x02 0x3d 0x00 0x35 0xc0 0xef 0xcb 0x50 0x78 0xba                                MOVA r29, #17;                                                                            LSHL r28, r26, r1;            MOV r30, r13
	  1370    0x7e 0xf8 0x91 0x1e 0xd2 0xe4                                                                                                                                              AND r27, r15, r28;            VINSERT.16 x1, x1, r29, r27
	  1376    0x16 0xf8 0xc7 0x98                                                                                                                                                        EQ r28, r27, r12
	  1380    0xe0 0x02 0xc8 0x40 0x01 0x84                                                                                                                                              JNZ r28, #TGT_Fbitnet_ternary_micro_1424
.delay_slot
	  1386    0x10 0x3a 0x49 0x18                                                                                                                                                        MOVX r29, #18
.delay_slot
.swstall delay_slot
	  1390    0x00 0x00                                                                        NOPX
.delay_slot
.swstall delay_slot
	  1392    0x00 0x00                                                                        NOPX
.delay_slot
.swstall delay_slot
	  1394    0x00 0x00                                                                        NOPX
.delay_slot
.swstall delay_slot
	  1396    0x00 0x00                                                                        NOPX
	  1398    0x16 0xf7 0x88 0x98                                                                                                                                                        NE r27, r27, r24
	  1402    0xd8 0x02 0xc8 0x40 0x01 0x84                                                                                                                                              JNZ r27, #TGT_Fbitnet_ternary_micro_1424
.delay_slot
	  1408    0x1f 0x9c 0xa0 0xf8                                                                                                                                                                                      MOV r30, r25
.delay_slot
.swstall delay_slot
	  1412    0x00 0x00                                                                        NOPX
.delay_slot
.swstall delay_slot
	  1414    0x00 0x00                                                                        NOPX
.delay_slot
.swstall delay_slot
	  1416    0x00 0x00                                                                        NOPX
.delay_slot
.swstall delay_slot
	  1418    0x00 0x00                                                                        NOPX
	  1420    0x10 0x3c 0x01 0x18                                                                                                                                                        MOVX r30, #0
.label TGT_Fbitnet_ternary_micro_1424
	  1424    0x16 0xb4 0x2d 0x98                                                                                                                                                        LSHL r26, r26, r2
	  1428    0x16 0xb8 0xc7 0x98                                                                                                                                                        EQ r28, r26, r12
	  1432    0xe0 0x02 0xe8 0x40 0x01 0x84                                                                                                                                              JNZ r28, #TGT_Fbitnet_ternary_micro_1488
.delay_slot
	  1438    0x18 0x8f 0xc9 0x78                                                                                                                                                                                      VINSERT.16 x1, x1, r29, r30
.delay_slot
.swstall delay_slot
	  1442    0x00 0x00                                                                        NOPX
.delay_slot
.swstall delay_slot
	  1444    0x00 0x00                                                                        NOPX
.delay_slot
.swstall delay_slot
	  1446    0x00 0x00                                                                        NOPX
.delay_slot
	  1448    0x1e 0xd6 0xa0 0xf8                                                                                                                                                                                      MOV r27, r13
	  1452    0x16 0xb5 0x88 0x98                                                                                                                                                        NE r26, r26, r24
	  1456    0xd0 0x02 0xe8 0x40 0x01 0x84                                                                                                                                              JNZ r26, #TGT_Fbitnet_ternary_micro_1488
.delay_slot
	  1462    0x1e 0xdc 0xa0 0xf8                                                                                                                                                                                      MOV r27, r25
.delay_slot
.swstall delay_slot
	  1466    0x00 0x00                                                                        NOPX
.delay_slot
.swstall delay_slot
	  1468    0x00 0x00                                                                        NOPX
.delay_slot
.swstall delay_slot
	  1470    0x00 0x00                                                                        NOPX
.delay_slot
.swstall delay_slot
	  1472    0x00 0x00                                                                        NOPX
	  1474    0x00 0x2c 0xf0 0x00 0x20 0x36 0x01 0x00 0x34 0xaf 0x00 0x2b 0x60 0x7e            NOPA;                         NOPB;                         NOPS;                         MOVX r27, #0;                 NOPM
.label TGT_Fbitnet_ternary_micro_1488
	  1488    0x43 0xe9 0x56 0xc9 0x81 0xd4                                                    LDA.u8 r26, [p2], #1;                                                                                                   MOV p3, p2
	  1494    0x00 0x00                                                                        NOPX
	  1496    0x00 0x00                                                                        NOPX
	  1498    0x00 0x00                                                                        NOPX
	  1500    0x00 0x00                                                                        NOPX
	  1502    0x00 0x00                                                                        NOPX
	  1504    0x00 0x00                                                                        NOPX
	  1506    0x13 0xf9 0xa4 0x98                                                                                                                                                        AND r28, r15, r26
	  1510    0x17 0x3c 0xc7 0x98                                                                                                                                                        EQ r30, r28, r12
	  1514    0xf0 0x03 0x10 0x40 0x01 0x84                                                                                                                                              JNZ r30, #TGT_Fbitnet_ternary_micro_1568
.delay_slot
	  1520    0x10 0x3a 0x4d 0x18                                                                                                                                                        MOVX r29, #19
.delay_slot
	  1524    0x18 0x8f 0x69 0x78                                                                                                                                                                                      VINSERT.16 x1, x1, r29, r27
.delay_slot
.swstall delay_slot
	  1528    0x00 0x00                                                                        NOPX
.delay_slot
.swstall delay_slot
	  1530    0x00 0x00                                                                        NOPX
.delay_slot
	  1532    0x1e 0xd6 0xa0 0xf8                                                                                                                                                                                      MOV r27, r13
	  1536    0x17 0x39 0x88 0x98                                                                                                                                                        NE r28, r28, r24
	  1540    0xe0 0x03 0x10 0x40 0x01 0x84                                                                                                                                              JNZ r28, #TGT_Fbitnet_ternary_micro_1568
.delay_slot
	  1546    0x1e 0xdc 0xa0 0xf8                                                                                                                                                                                      MOV r27, r25
.delay_slot
.swstall delay_slot
	  1550    0x00 0x00                                                                        NOPX
.delay_slot
.swstall delay_slot
	  1552    0x00 0x00                                                                        NOPX
.delay_slot
.swstall delay_slot
	  1554    0x00 0x00                                                                        NOPX
.delay_slot
.swstall delay_slot
	  1556    0x00 0x00                                                                        NOPX
	  1558    0x00 0x2c 0xf0 0x01 0x5b 0x00 0x00 0x36 0x01 0x7a                                NOPA;                                                       NOPS;                         MOVX r27, #0
.label TGT_Fbitnet_ternary_micro_1568
	  1568    0x16 0xb8 0x0d 0x98                                                                                                                                                        LSHL r28, r26, r0
	  1572    0x13 0xf9 0xc4 0x98                                                                                                                                                        AND r28, r15, r28
	  1576    0x17 0x3c 0xc7 0x98                                                                                                                                                        EQ r30, r28, r12
	  1580    0xf0 0x03 0x30 0x40 0x01 0x84                                                                                                                                              JNZ r30, #TGT_Fbitnet_ternary_micro_1632
.delay_slot
	  1586    0x1f 0x55 0xc0 0xf8                                                                                                                                                                                      MOV r29, s1
.delay_slot
	  1590    0x18 0x8f 0x69 0x78                                                                                                                                                                                      VINSERT.16 x1, x1, r29, r27
.delay_slot
.swstall delay_slot
	  1594    0x00 0x00                                                                        NOPX
.delay_slot
.swstall delay_slot
	  1596    0x00 0x00                                                                        NOPX
.delay_slot
	  1598    0x1e 0xd6 0xa0 0xf8                                                                                                                                                                                      MOV r27, r13
	  1602    0x17 0x39 0x88 0x98                                                                                                                                                        NE r28, r28, r24
	  1606    0xe0 0x03 0x30 0x40 0x01 0x84                                                                                                                                              JNZ r28, #TGT_Fbitnet_ternary_micro_1632
.delay_slot
	  1612    0x1e 0xdc 0xa0 0xf8                                                                                                                                                                                      MOV r27, r25
.delay_slot
.swstall delay_slot
	  1616    0x00 0x00                                                                        NOPX
.delay_slot
.swstall delay_slot
	  1618    0x00 0x00                                                                        NOPX
.delay_slot
.swstall delay_slot
	  1620    0x00 0x00                                                                        NOPX
.delay_slot
.swstall delay_slot
	  1622    0x00 0x00                                                                        NOPX
	  1624    0x00 0x01 0xb0 0x09 0x00 0x00 0x1c 0x22                                                                                                                                    MOVX r27, #0;                                                         NOPV
.label TGT_Fbitnet_ternary_micro_1632
	  1632    0x02 0xbd 0x00 0x35 0xc0 0xef 0xcb 0x50 0x78 0xba                                MOVA r29, #21;                                                                            LSHL r28, r26, r1;            MOV r30, r13
	  1642    0x7e 0xf8 0x91 0x1e 0xd2 0xe4                                                                                                                                              AND r27, r15, r28;            VINSERT.16 x1, x1, r29, r27
	  1648    0x16 0xf8 0xc7 0x98                                                                                                                                                        EQ r28, r27, r12
	  1652    0xe0 0x03 0x50 0x40 0x01 0x84                                                                                                                                              JNZ r28, #TGT_Fbitnet_ternary_micro_1696
.delay_slot
	  1658    0x10 0x3a 0x59 0x18                                                                                                                                                        MOVX r29, #22
.delay_slot
.swstall delay_slot
	  1662    0x00 0x00                                                                        NOPX
.delay_slot
.swstall delay_slot
	  1664    0x00 0x00                                                                        NOPX
.delay_slot
.swstall delay_slot
	  1666    0x00 0x00                                                                        NOPX
.delay_slot
.swstall delay_slot
	  1668    0x00 0x00                                                                        NOPX
	  1670    0x16 0xf7 0x88 0x98                                                                                                                                                        NE r27, r27, r24
	  1674    0xd8 0x03 0x50 0x40 0x01 0x84                                                                                                                                              JNZ r27, #TGT_Fbitnet_ternary_micro_1696
.delay_slot
	  1680    0x1f 0x9c 0xa0 0xf8                                                                                                                                                                                      MOV r30, r25
.delay_slot
.swstall delay_slot
	  1684    0x00 0x00                                                                        NOPX
.delay_slot
.swstall delay_slot
	  1686    0x00 0x00                                                                        NOPX
.delay_slot
.swstall delay_slot
	  1688    0x00 0x00                                                                        NOPX
.delay_slot
.swstall delay_slot
	  1690    0x00 0x00                                                                        NOPX
	  1692    0x10 0x3c 0x01 0x18                                                                                                                                                        MOVX r30, #0
.label TGT_Fbitnet_ternary_micro_1696
	  1696    0x16 0xb4 0x2d 0x98                                                                                                                                                        LSHL r26, r26, r2
	  1700    0x16 0xb8 0xc7 0x98                                                                                                                                                        EQ r28, r26, r12
	  1704    0xe0 0x03 0x70 0x40 0x01 0x84                                                                                                                                              JNZ r28, #TGT_Fbitnet_ternary_micro_1760
.delay_slot
	  1710    0x18 0x8f 0xc9 0x78                                                                                                                                                                                      VINSERT.16 x1, x1, r29, r30
.delay_slot
.swstall delay_slot
	  1714    0x00 0x00                                                                        NOPX
.delay_slot
.swstall delay_slot
	  1716    0x00 0x00                                                                        NOPX
.delay_slot
.swstall delay_slot
	  1718    0x00 0x00                                                                        NOPX
.delay_slot
	  1720    0x1e 0xd6 0xa0 0xf8                                                                                                                                                                                      MOV r27, r13
	  1724    0x16 0xb5 0x88 0x98                                                                                                                                                        NE r26, r26, r24
	  1728    0xd0 0x03 0x70 0x40 0x01 0x84                                                                                                                                              JNZ r26, #TGT_Fbitnet_ternary_micro_1760
.delay_slot
	  1734    0x1e 0xdc 0xa0 0xf8                                                                                                                                                                                      MOV r27, r25
.delay_slot
.swstall delay_slot
	  1738    0x00 0x00                                                                        NOPX
.delay_slot
.swstall delay_slot
	  1740    0x00 0x00                                                                        NOPX
.delay_slot
.swstall delay_slot
	  1742    0x00 0x00                                                                        NOPX
.delay_slot
.swstall delay_slot
	  1744    0x00 0x00                                                                        NOPX
	  1746    0x00 0x2c 0xf0 0x00 0x20 0x36 0x01 0x00 0x34 0xaf 0x00 0x2b 0x60 0x7e            NOPA;                         NOPB;                         NOPS;                         MOVX r27, #0;                 NOPM
.label TGT_Fbitnet_ternary_micro_1760
	  1760    0x03 0x17 0x4a 0x98                                                              LDA.u8 r26, [p3, #1]
	  1764    0x00 0x00                                                                        NOPX
	  1766    0x00 0x00                                                                        NOPX
	  1768    0x00 0x00                                                                        NOPX
	  1770    0x00 0x00                                                                        NOPX
	  1772    0x00 0x00                                                                        NOPX
	  1774    0x00 0x00                                                                        NOPX
	  1776    0x13 0xf9 0xa4 0x98                                                                                                                                                        AND r28, r15, r26
	  1780    0x17 0x3c 0xc7 0x98                                                                                                                                                        EQ r30, r28, r12
	  1784    0xf0 0x03 0x98 0x40 0x01 0x84                                                                                                                                              JNZ r30, #TGT_Fbitnet_ternary_micro_1840
.delay_slot
	  1790    0x10 0x3a 0x5d 0x18                                                                                                                                                        MOVX r29, #23
.delay_slot
	  1794    0x18 0x8f 0x69 0x78                                                                                                                                                                                      VINSERT.16 x1, x1, r29, r27
.delay_slot
.swstall delay_slot
	  1798    0x00 0x00                                                                        NOPX
.delay_slot
.swstall delay_slot
	  1800    0x00 0x00                                                                        NOPX
.delay_slot
	  1802    0x1e 0xd6 0xa0 0xf8                                                                                                                                                                                      MOV r27, r13
	  1806    0x17 0x39 0x88 0x98                                                                                                                                                        NE r28, r28, r24
	  1810    0xe0 0x03 0x98 0x40 0x01 0x84                                                                                                                                              JNZ r28, #TGT_Fbitnet_ternary_micro_1840
.delay_slot
	  1816    0x1e 0xdc 0xa0 0xf8                                                                                                                                                                                      MOV r27, r25
.delay_slot
.swstall delay_slot
	  1820    0x00 0x00                                                                        NOPX
.delay_slot
.swstall delay_slot
	  1822    0x00 0x00                                                                        NOPX
.delay_slot
.swstall delay_slot
	  1824    0x00 0x00                                                                        NOPX
.delay_slot
.swstall delay_slot
	  1826    0x00 0x00                                                                        NOPX
	  1828    0x00 0x2c 0xf0 0x00 0x20 0x01 0xb0 0x08 0x00 0xad 0x81 0x36                      NOPA;                         NOPB;                         NOPS;                         MOVX r27, #0
.label TGT_Fbitnet_ternary_micro_1840
	  1840    0xd7 0x01 0xbe 0xa0 0x61 0x64                                                                                                                                              LSHL r28, r26, r0;            MOV r29, #24
	  1846    0x7f 0x38 0x91 0x1e 0xd2 0xe4                                                                                                                                              AND r28, r15, r28;            VINSERT.16 x1, x1, r29, r27
	  1852    0x17 0x36 0xc7 0x98                                                                                                                                                        EQ r27, r28, r12
	  1856    0xd8 0x03 0xb8 0x40 0x01 0x84                                                                                                                                              JNZ r27, #TGT_Fbitnet_ternary_micro_1904
.delay_slot
	  1862    0x1f 0x96 0xa0 0xf8                                                                                                                                                                                      MOV r30, r13
.delay_slot
.swstall delay_slot
	  1866    0x00 0x00                                                                        NOPX
.delay_slot
.swstall delay_slot
	  1868    0x00 0x00                                                                        NOPX
.delay_slot
.swstall delay_slot
	  1870    0x00 0x00                                                                        NOPX
.delay_slot
.swstall delay_slot
	  1872    0x00 0x00                                                                        NOPX
	  1874    0x17 0x37 0x88 0x98                                                                                                                                                        NE r27, r28, r24
	  1878    0xd8 0x03 0xb8 0x40 0x01 0x84                                                                                                                                              JNZ r27, #TGT_Fbitnet_ternary_micro_1904
.delay_slot
	  1884    0x1f 0x9c 0xa0 0xf8                                                                                                                                                                                      MOV r30, r25
.delay_slot
.swstall delay_slot
	  1888    0x00 0x00                                                                        NOPX
.delay_slot
.swstall delay_slot
	  1890    0x00 0x00                                                                        NOPX
.delay_slot
.swstall delay_slot
	  1892    0x00 0x00                                                                        NOPX
.delay_slot
.swstall delay_slot
	  1894    0x00 0x00                                                                        NOPX
	  1896    0x00 0x01 0xe0 0x09 0x00 0x00 0x1c 0x22                                                                                                                                    MOVX r30, #0;                                                         NOPV
.label TGT_Fbitnet_ternary_micro_1904
	  1904    0x16 0xb6 0x1d 0x98                                                                                                                                                        LSHL r27, r26, r1
	  1908    0x13 0xf7 0xb4 0x98                                                                                                                                                        AND r27, r15, r27
	  1912    0x16 0xf8 0xc7 0x98                                                                                                                                                        EQ r28, r27, r12
	  1916    0xe0 0x03 0xd8 0x40 0x01 0x84                                                                                                                                              JNZ r28, #TGT_Fbitnet_ternary_micro_1968
.delay_slot
	  1922    0x10 0x3a 0x65 0x18                                                                                                                                                        MOVX r29, #25
.delay_slot
	  1926    0x18 0x8f 0xc9 0x78                                                                                                                                                                                      VINSERT.16 x1, x1, r29, r30
.delay_slot
.swstall delay_slot
	  1930    0x00 0x00                                                                        NOPX
.delay_slot
.swstall delay_slot
	  1932    0x00 0x00                                                                        NOPX
.delay_slot
	  1934    0x07 0x4d 0x2f 0x2d 0x41 0xe4                                                                                                                                              MOVX r29, #26;                MOV r30, r13
	  1940    0x16 0xf7 0x88 0x98                                                                                                                                                        NE r27, r27, r24
	  1944    0xd8 0x03 0xd8 0x40 0x01 0x84                                                                                                                                              JNZ r27, #TGT_Fbitnet_ternary_micro_1968
.delay_slot
	  1950    0x1f 0x9c 0xa0 0xf8                                                                                                                                                                                      MOV r30, r25
.delay_slot
.swstall delay_slot
	  1954    0x00 0x00                                                                        NOPX
.delay_slot
.swstall delay_slot
	  1956    0x00 0x00                                                                        NOPX
.delay_slot
.swstall delay_slot
	  1958    0x00 0x00                                                                        NOPX
.delay_slot
.swstall delay_slot
	  1960    0x00 0x00                                                                        NOPX
	  1962    0x00 0x2c 0xf0 0x78 0x02 0x2c                                                    NOPA;                                                                                     MOVX r30, #0
.label TGT_Fbitnet_ternary_micro_1968
	  1968    0x16 0xb4 0x2d 0x98                                                                                                                                                        LSHL r26, r26, r2
	  1972    0x16 0xb8 0xc7 0x98                                                                                                                                                        EQ r28, r26, r12
	  1976    0xe0 0x03 0xf8 0x40 0x01 0x84                                                                                                                                              JNZ r28, #TGT_Fbitnet_ternary_micro_2032
.delay_slot
	  1982    0x18 0x8f 0xc9 0x78                                                                                                                                                                                      VINSERT.16 x1, x1, r29, r30
.delay_slot
.swstall delay_slot
	  1986    0x00 0x00                                                                        NOPX
.delay_slot
.swstall delay_slot
	  1988    0x00 0x00                                                                        NOPX
.delay_slot
.swstall delay_slot
	  1990    0x00 0x00                                                                        NOPX
.delay_slot
	  1992    0x1e 0xd6 0xa0 0xf8                                                                                                                                                                                      MOV r27, r13
	  1996    0x16 0xb5 0x88 0x98                                                                                                                                                        NE r26, r26, r24
	  2000    0xd0 0x03 0xf8 0x40 0x01 0x84                                                                                                                                              JNZ r26, #TGT_Fbitnet_ternary_micro_2032
.delay_slot
	  2006    0x1e 0xdc 0xa0 0xf8                                                                                                                                                                                      MOV r27, r25
.delay_slot
.swstall delay_slot
	  2010    0x00 0x00                                                                        NOPX
.delay_slot
.swstall delay_slot
	  2012    0x00 0x00                                                                        NOPX
.delay_slot
.swstall delay_slot
	  2014    0x00 0x00                                                                        NOPX
.delay_slot
.swstall delay_slot
	  2016    0x00 0x00                                                                        NOPX
	  2018    0x00 0x2c 0xf0 0x00 0x20 0x36 0x01 0x00 0x34 0xaf 0x00 0x2b 0x60 0x7e            NOPA;                         NOPB;                         NOPS;                         MOVX r27, #0;                 NOPM
.label TGT_Fbitnet_ternary_micro_2032
	  2032    0x42 0xe9 0x50 0x74 0xda 0x2c                                                    LDA.u8 r26, [p2, #1];                                                                     MOVX r29, #27
	  2038    0x18 0x8f 0x69 0x78                                                                                                                                                                                      VINSERT.16 x1, x1, r29, r27
	  2042    0x00 0x00                                                                        NOPX
	  2044    0x00 0x00                                                                        NOPX
	  2046    0x00 0x00                                                                        NOPX
	  2048    0x00 0x00                                                                        NOPX
	  2050    0x00 0x00                                                                        NOPX
	  2052    0x13 0xf7 0xa4 0x98                                                                                                                                                        AND r27, r15, r26
	  2056    0x16 0xfc 0xc7 0x98                                                                                                                                                        EQ r30, r27, r12
	  2060    0xf0 0x04 0x20 0x40 0x01 0x84                                                                                                                                              JNZ r30, #TGT_Fbitnet_ternary_micro_2112
.delay_slot
	  2066    0x1f 0x16 0xa0 0xf8                                                                                                                                                                                      MOV r28, r13
.delay_slot
.swstall delay_slot
	  2070    0x00 0x00                                                                        NOPX
.delay_slot
.swstall delay_slot
	  2072    0x00 0x00                                                                        NOPX
.delay_slot
.swstall delay_slot
	  2074    0x00 0x00                                                                        NOPX
.delay_slot
.swstall delay_slot
	  2076    0x00 0x00                                                                        NOPX
	  2078    0x16 0xf7 0x88 0x98                                                                                                                                                        NE r27, r27, r24
	  2082    0xd8 0x04 0x20 0x40 0x01 0x84                                                                                                                                              JNZ r27, #TGT_Fbitnet_ternary_micro_2112
.delay_slot
	  2088    0x1f 0x1c 0xa0 0xf8                                                                                                                                                                                      MOV r28, r25
.delay_slot
.swstall delay_slot
	  2092    0x00 0x00                                                                        NOPX
.delay_slot
.swstall delay_slot
	  2094    0x00 0x00                                                                        NOPX
.delay_slot
.swstall delay_slot
	  2096    0x00 0x00                                                                        NOPX
.delay_slot
.swstall delay_slot
	  2098    0x00 0x00                                                                        NOPX
	  2100    0x00 0x2c 0xf0 0x00 0x20 0x01 0xc0 0x08 0x00 0xad 0x81 0x36                      NOPA;                         NOPB;                         NOPS;                         MOVX r28, #0
.label TGT_Fbitnet_ternary_micro_2112
	  2112    0x16 0xb6 0x0d 0x98                                                                                                                                                        LSHL r27, r26, r0
	  2116    0x13 0xf7 0xb4 0x98                                                                                                                                                        AND r27, r15, r27
	  2120    0x16 0xfc 0xc7 0x98                                                                                                                                                        EQ r30, r27, r12
	  2124    0xf0 0x04 0x40 0x40 0x01 0x84                                                                                                                                              JNZ r30, #TGT_Fbitnet_ternary_micro_2176
.delay_slot
.swstall delay_slot
	  2130    0x00 0x00                                                                        NOPX
.delay_slot
.swstall delay_slot
	  2132    0x00 0x00                                                                        NOPX
.delay_slot
	  2134    0x10 0x3a 0x71 0x18                                                                                                                                                        MOVX r29, #28
.delay_slot
	  2138    0x18 0x8f 0x89 0x78                                                                                                                                                                                      VINSERT.16 x1, x1, r29, r28
.delay_slot
	  2142    0x1f 0x16 0xa0 0xf8                                                                                                                                                                                      MOV r28, r13
	  2146    0x16 0xf7 0x88 0x98                                                                                                                                                        NE r27, r27, r24
	  2150    0xd8 0x04 0x40 0x40 0x01 0x84                                                                                                                                              JNZ r27, #TGT_Fbitnet_ternary_micro_2176
.delay_slot
	  2156    0x1f 0x1c 0xa0 0xf8                                                                                                                                                                                      MOV r28, r25
.delay_slot
.swstall delay_slot
	  2160    0x00 0x00                                                                        NOPX
.delay_slot
.swstall delay_slot
	  2162    0x00 0x00                                                                        NOPX
.delay_slot
.swstall delay_slot
	  2164    0x00 0x00                                                                        NOPX
.delay_slot
.swstall delay_slot
	  2166    0x00 0x00                                                                        NOPX
	  2168    0x00 0x01 0xc0 0x09 0x00 0x00 0x1c 0x22                                                                                                                                    MOVX r28, #0;                                                         NOPV
.label TGT_Fbitnet_ternary_micro_2176
	  2176    0x03 0xbd 0x00 0x35 0xb0 0xef 0xcb 0x50 0x78 0xba                                MOVA r29, #29;                                                                            LSHL r27, r26, r1;            MOV r30, r13
	  2186    0x7e 0xf6 0x91 0x1f 0x12 0xe4                                                                                                                                              AND r27, r15, r27;            VINSERT.16 x1, x1, r29, r28
	  2192    0x16 0xf8 0xc7 0x98                                                                                                                                                        EQ r28, r27, r12
	  2196    0xe0 0x04 0x60 0x40 0x01 0x84                                                                                                                                              JNZ r28, #TGT_Fbitnet_ternary_micro_2240
.delay_slot
	  2202    0x10 0x3a 0x79 0x18                                                                                                                                                        MOVX r29, #30
.delay_slot
.swstall delay_slot
	  2206    0x00 0x00                                                                        NOPX
.delay_slot
.swstall delay_slot
	  2208    0x00 0x00                                                                        NOPX
.delay_slot
.swstall delay_slot
	  2210    0x00 0x00                                                                        NOPX
.delay_slot
.swstall delay_slot
	  2212    0x00 0x00                                                                        NOPX
	  2214    0x16 0xf7 0x88 0x98                                                                                                                                                        NE r27, r27, r24
	  2218    0xd8 0x04 0x60 0x40 0x01 0x84                                                                                                                                              JNZ r27, #TGT_Fbitnet_ternary_micro_2240
.delay_slot
	  2224    0x1f 0x9c 0xa0 0xf8                                                                                                                                                                                      MOV r30, r25
.delay_slot
.swstall delay_slot
	  2228    0x00 0x00                                                                        NOPX
.delay_slot
.swstall delay_slot
	  2230    0x00 0x00                                                                        NOPX
.delay_slot
.swstall delay_slot
	  2232    0x00 0x00                                                                        NOPX
.delay_slot
.swstall delay_slot
	  2234    0x00 0x00                                                                        NOPX
	  2236    0x10 0x3c 0x01 0x18                                                                                                                                                        MOVX r30, #0
.label TGT_Fbitnet_ternary_micro_2240
	  2240    0x16 0xb6 0x2d 0x98                                                                                                                                                        LSHL r27, r26, r2
	  2244    0x16 0xf8 0xc7 0x98                                                                                                                                                        EQ r28, r27, r12
	  2248    0xe0 0x04 0x80 0x40 0x01 0x84                                                                                                                                              JNZ r28, #TGT_Fbitnet_ternary_micro_2304
.delay_slot
	  2254    0x18 0x8f 0xc9 0x78                                                                                                                                                                                      VINSERT.16 x1, x1, r29, r30
.delay_slot
.swstall delay_slot
	  2258    0x00 0x00                                                                        NOPX
.delay_slot
.swstall delay_slot
	  2260    0x00 0x00                                                                        NOPX
.delay_slot
.swstall delay_slot
	  2262    0x00 0x00                                                                        NOPX
.delay_slot
	  2264    0x1e 0x96 0xa0 0xf8                                                                                                                                                                                      MOV r26, r13
	  2268    0x16 0xf7 0x88 0x98                                                                                                                                                        NE r27, r27, r24
	  2272    0xd8 0x04 0x80 0x40 0x01 0x84                                                                                                                                              JNZ r27, #TGT_Fbitnet_ternary_micro_2304
.delay_slot
	  2278    0x1e 0x9c 0xa0 0xf8                                                                                                                                                                                      MOV r26, r25
.delay_slot
.swstall delay_slot
	  2282    0x00 0x00                                                                        NOPX
.delay_slot
.swstall delay_slot
	  2284    0x00 0x00                                                                        NOPX
.delay_slot
.swstall delay_slot
	  2286    0x00 0x00                                                                        NOPX
.delay_slot
.swstall delay_slot
	  2288    0x00 0x00                                                                        NOPX
	  2290    0x00 0x2c 0xf0 0x00 0x20 0x34 0x01 0x00 0x34 0xaf 0x00 0x2b 0x60 0x7e            NOPA;                         NOPB;                         NOPS;                         MOVX r26, #0;                 NOPM
.label TGT_Fbitnet_ternary_micro_2304
	  2304    0x00 0x39 0x68 0x01 0xd3 0xea 0x0c 0x02 0x08 0x3a                                                              VLDB x2, [p0], #64;                                         MOVX r29, #31;                ADD.NC r16, r16, #8
	  2314    0x52 0x01 0x60 0x01 0xd0 0x28 0x47 0xa4 0xb9 0x3a                                                                                            MOVS p2, r16;                 MOVX r29, #1;                 VINSERT.16 x1, x1, r29, r26
	  2324    0x00 0x00                                                                        NOPX
	  2326    0x00 0x00                                                                        NOPX
	  2328    0x00 0x00                                                                        NOPX
	  2330    0x00 0x00                                                                        NOPX
	  2332    0x00 0x00                                                                        NOPX
	  2334    0x91 0xe2 0x41 0x48                                                                                                                                                                                                                              VMUL.f dm1, x1, x2, r18
	  2338    0x00 0x00                                                                        NOPX
	  2340    0x00 0x00                                                                        NOPX
	  2342    0x00 0x00                                                                        NOPX
	  2344    0x00 0x00                                                                        NOPX
	  2346    0x00 0x00                                                                        NOPX
	  2348    0x08 0x90 0x96 0x18                                                                                                                          VCONV.bf16.fp32 x1, cml1
	  2352    0x00 0x00                                                                        NOPX
	  2354    0x19 0x03 0x8a 0xf8                                                                                                                                                                                      VCONV.fp32.bf16 cml1, x1
	  2358    0x00 0x00                                                                        NOPX
	  2360    0x19 0x24 0x12 0xf8                                                                                                                                                                                      VMOV x2, bmll1
	  2364    0x18 0xa5 0x12 0xf8                                                                                                                                                                                      VMOV x1, bmlh1
.aggressive_scheduled_block_id 1
.aggressive_scheduled_block_id first
	  2368    0x1b 0x10 0x99 0xd8                                                                                                                                                                                      VSHUFFLE bmhl1, x2, x1, r6
.aggressive_scheduled_block_id 1
.noswbrkpt
	  2372    0x89 0x28 0x3d 0x48                                                                                                                                                                                                                              VADD.f dm1, dm1, dm2, r17
.aggressive_scheduled_block_id 1
.aggressive_scheduled_block_id last
.nohwbrkpt
.noswbrkpt
	  2376    0x1a 0x06 0x12 0xf8                                                                                                                                                                                      VMOV bmll2, bmhl1
	  2380    0x00 0x00                                                                        NOPX
	  2382    0x00 0x00                                                                        NOPX
	  2384    0x00 0x00                                                                        NOPX
	  2386    0x00 0x00                                                                        NOPX
	  2388    0x18 0xa4 0x12 0xf8                                                                                                                                                                                      VMOV x1, bmll1
.aggressive_scheduled_block_id 2
.aggressive_scheduled_block_id first
	  2392    0x1b 0x08 0xd5 0xd8                                                                                                                                                                                      VSHUFFLE bmhl1, x1, x1, r21
.aggressive_scheduled_block_id 2
.noswbrkpt
	  2396    0x89 0x28 0x3d 0x48                                                                                                                                                                                                                              VADD.f dm1, dm1, dm2, r17
.aggressive_scheduled_block_id 2
.aggressive_scheduled_block_id last
.nohwbrkpt
.noswbrkpt
	  2400    0x1a 0x06 0x12 0xf8                                                                                                                                                                                      VMOV bmll2, bmhl1
	  2404    0x00 0x00                                                                        NOPX
	  2406    0x00 0x00                                                                        NOPX
	  2408    0x00 0x00                                                                        NOPX
	  2410    0x00 0x00                                                                        NOPX
	  2412    0x18 0xa4 0x12 0xf8                                                                                                                                                                                      VMOV x1, bmll1
.aggressive_scheduled_block_id 3
.aggressive_scheduled_block_id first
	  2416    0x1b 0x08 0xdd 0xd8                                                                                                                                                                                      VSHUFFLE bmhl1, x1, x1, r23
.aggressive_scheduled_block_id 3
.noswbrkpt
	  2420    0x89 0x28 0x3d 0x48                                                                                                                                                                                                                              VADD.f dm1, dm1, dm2, r17
.aggressive_scheduled_block_id 3
.aggressive_scheduled_block_id last
.nohwbrkpt
.noswbrkpt
	  2424    0x1a 0x06 0x12 0xf8                                                                                                                                                                                      VMOV bmll2, bmhl1
	  2428    0x00 0x00                                                                        NOPX
	  2430    0x00 0x00                                                                        NOPX
	  2432    0x00 0x00                                                                        NOPX
	  2434    0x00 0x00                                                                        NOPX
	  2436    0x18 0xa4 0x12 0xf8                                                                                                                                                                                      VMOV x1, bmll1
.aggressive_scheduled_block_id 4
.aggressive_scheduled_block_id first
	  2440    0x1b 0x08 0xd9 0xd8                                                                                                                                                                                      VSHUFFLE bmhl1, x1, x1, r22
.aggressive_scheduled_block_id 4
.noswbrkpt
	  2444    0x89 0x28 0x3d 0x48                                                                                                                                                                                                                              VADD.f dm1, dm1, dm2, r17
.aggressive_scheduled_block_id 4
.aggressive_scheduled_block_id last
.nohwbrkpt
.noswbrkpt
	  2448    0x1a 0x06 0x12 0xf8                                                                                                                                                                                      VMOV bmll2, bmhl1
	  2452    0x00 0x00                                                                        NOPX
	  2454    0x00 0x00                                                                        NOPX
	  2456    0x00 0x00                                                                        NOPX
	  2458    0x00 0x00                                                                        NOPX
	  2460    0x18 0xa4 0x12 0xf8                                                                                                                                                                                      VMOV x1, bmll1
.aggressive_scheduled_block_id 5
.aggressive_scheduled_block_id first
	  2464    0x1b 0x08 0xb9 0xd8                                                                                                                                                                                      VSHUFFLE bmhl1, x1, x1, r14
.aggressive_scheduled_block_id 5
.noswbrkpt
	  2468    0x89 0x28 0x3d 0x48                                                                                                                                                                                                                              VADD.f dm1, dm1, dm2, r17
.aggressive_scheduled_block_id 5
.aggressive_scheduled_block_id last
.nohwbrkpt
.noswbrkpt
	  2472    0x1a 0x06 0x12 0xf8                                                                                                                                                                                      VMOV bmll2, bmhl1
	  2476    0x00 0x00                                                                        NOPX
	  2478    0x00 0x00                                                                        NOPX
	  2480    0x00 0x00                                                                        NOPX
	  2482    0x00 0x00                                                                        NOPX
	  2484    0x08 0xc0 0x96 0x18                                                                                                                          VCONV.bf16.fp32 wl1, bmll1
	  2488    0x00 0x00                                                                        NOPX
	  2490    0x18 0x89 0x03 0x58                                                                                                                                                                                      VEXTBCST.16 x1, x1, #0
	  2494    0x00 0x00                                                                        NOPX
.label ZLE_Fbitnet_ternary_micro_2496
.end_of_loop
	  2496    0x00 0x2c 0xf0 0x00 0x20 0x01 0x5b 0x00 0x00 0x00 0x01 0xa5 0x7c 0x80 0x10 0x0b  NOPA;                         NOPB;                         NOPS;                         NOPX;                         NOPM;                                   VMAC.f dm0, dm0, x1, x0, r18
.loop_nesting 0
	  2512    0x07 0xf1 0xf1 0x18                                                              LDA r15, [sp, #-16]
	  2516    0x07 0xf9 0xd1 0x18                                                              LDA r14, [sp, #-8]
	  2520    0x07 0xfd 0xb1 0x18                                                              LDA r13, [sp, #-4]
	  2524    0x07 0xf5 0x91 0x18                                                              LDA r12, [sp, #-12]
	  2528    0x10 0x28 0x00 0x18                                                                                                                                                        RET lr
.delay_slot
	  2532    0x09 0x04 0x23 0x18                                                                                                                          VST.CONV.bf16.fp32 cml0, [p1]
.delay_slot
	  2536    0xff 0xf8 0x00 0x00 0x01 0xc4                                                                                                                                              PADDXM [sp], #-64
.delay_slot
.swstall delay_slot
	  2542    0x00 0x00                                                                        NOPX
.delay_slot
.swstall delay_slot
	  2544    0x00 0x00                                                                        NOPX
.label bitnet_ternary_micro__end last
.delay_slot
.swstall delay_slot
	  2546    0x00 0x00                                                                        NOPX

.undef global data _ZN12me_primitive11control_rndE



.direct_eval +,-,(,)
